date,article_count,raw_text
2026-02-20,1,China PBOC announces new liquidity measures to stabilize markets on 2026-02-20
2026-02-21,1,China PBOC announces new liquidity measures to stabilize markets on 2026-02-21
2026-02-22,1,China PBOC announces new liquidity measures to stabilize markets on 2026-02-22
2026-02-23,1,China PBOC announces new liquidity measures to stabilize markets on 2026-02-23
2026-02-24,1,China PBOC announces new liquidity measures to stabilize markets on 2026-02-24
2026-02-25,1,China PBOC announces new liquidity measures to stabilize markets on 2026-02-25
2026-02-26,1,China PBOC announces new liquidity measures to stabilize markets on 2026-02-26
2026-02-27,1,China PBOC announces new liquidity measures to stabilize markets on 2026-02-27
2026-02-28,1,China PBOC announces new liquidity measures to stabilize markets on 2026-02-28
2026-03-01,1,China PBOC announces new liquidity measures to stabilize markets on 2026-03-01
2026-03-02,1,China PBOC announces new liquidity measures to stabilize markets on 2026-03-02
2026-03-03,1,China PBOC announces new liquidity measures to stabilize markets on 2026-03-03
2026-03-04,1,China PBOC announces new liquidity measures to stabilize markets on 2026-03-04
2026-03-05,1,China PBOC announces new liquidity measures to stabilize markets on 2026-03-05
2026-03-06,1,China PBOC announces new liquidity measures to stabilize markets on 2026-03-06
2026-03-07,1,China PBOC announces new liquidity measures to stabilize markets on 2026-03-07
2026-03-08,1,China PBOC announces new liquidity measures to stabilize markets on 2026-03-08
2026-03-09,1,China PBOC announces new liquidity measures to stabilize markets on 2026-03-09
2026-03-10,1,China PBOC announces new liquidity measures to stabilize markets on 2026-03-10
2026-03-11,1,China PBOC announces new liquidity measures to stabilize markets on 2026-03-11
2026-03-12,1,China PBOC announces new liquidity measures to stabilize markets on 2026-03-12
2026-03-13,1,China PBOC announces new liquidity measures to stabilize markets on 2026-03-13
2026-03-14,1,China PBOC announces new liquidity measures to stabilize markets on 2026-03-14
2026-03-15,1,China PBOC announces new liquidity measures to stabilize markets on 2026-03-15
2026-03-16,1,China PBOC announces new liquidity measures to stabilize markets on 2026-03-16
2026-03-17,1,China PBOC announces new liquidity measures to stabilize markets on 2026-03-17
2026-03-18,1,China PBOC announces new liquidity measures to stabilize markets on 2026-03-18
2026-03-19,1,China PBOC announces new liquidity measures to stabilize markets on 2026-03-19
2026-03-20,1,China PBOC announces new liquidity measures to stabilize markets on 2026-03-20
2026-03-21,1,China PBOC announces new liquidity measures to stabilize markets on 2026-03-21
2026-03-22,1,China PBOC announces new liquidity measures to stabilize markets on 2026-03-22
2026-03-23,1,China PBOC announces new liquidity measures to stabilize markets on 2026-03-23
2026-03-24,1,China PBOC announces new liquidity measures to stabilize markets on 2026-03-24
2026-03-25,1,China PBOC announces new liquidity measures to stabilize markets on 2026-03-25
2026-03-26,1,China PBOC announces new liquidity measures to stabilize markets on 2026-03-26
2026-03-27,1,China PBOC announces new liquidity measures to stabilize markets on 2026-03-27
2026-03-28,1,China PBOC announces new liquidity measures to stabilize markets on 2026-03-28
2026-03-29,1,China PBOC announces new liquidity measures to stabilize markets on 2026-03-29
2026-03-30,1,China PBOC announces new liquidity measures to stabilize markets on 2026-03-30
2026-03-31,1,China PBOC announces new liquidity measures to stabilize markets on 2026-03-31
2026-04-01,1,China PBOC announces new liquidity measures to stabilize markets on 2026-04-01
2026-04-02,1,China PBOC announces new liquidity measures to stabilize markets on 2026-04-02
2026-04-03,1,China PBOC announces new liquidity measures to stabilize markets on 2026-04-03
2026-04-04,1,China PBOC announces new liquidity measures to stabilize markets on 2026-04-04
2026-04-05,1,China PBOC announces new liquidity measures to stabilize markets on 2026-04-05
2026-04-06,1,China PBOC announces new liquidity measures to stabilize markets on 2026-04-06
2026-04-07,1,China PBOC announces new liquidity measures to stabilize markets on 2026-04-07
2026-04-08,1,China PBOC announces new liquidity measures to stabilize markets on 2026-04-08
2026-04-09,1,China PBOC announces new liquidity measures to stabilize markets on 2026-04-09
2026-04-10,1,China PBOC announces new liquidity measures to stabilize markets on 2026-04-10
2026-04-11,1,China PBOC announces new liquidity measures to stabilize markets on 2026-04-11
2026-04-12,1,China PBOC announces new liquidity measures to stabilize markets on 2026-04-12
2026-04-13,1,China PBOC announces new liquidity measures to stabilize markets on 2026-04-13
2026-04-14,1,China PBOC announces new liquidity measures to stabilize markets on 2026-04-14
2026-04-15,1,China PBOC announces new liquidity measures to stabilize markets on 2026-04-15
2026-04-16,1,China PBOC announces new liquidity measures to stabilize markets on 2026-04-16
2026-04-17,1,China PBOC announces new liquidity measures to stabilize markets on 2026-04-17
2026-04-18,1,China PBOC announces new liquidity measures to stabilize markets on 2026-04-18
2026-04-19,1,China PBOC announces new liquidity measures to stabilize markets on 2026-04-19
2026-04-20,1,China PBOC announces new liquidity measures to stabilize markets on 2026-04-20
2026-04-21,119,"China , U . S . share broad space for cooperation , extensive common interests : Chinese vice premier -- Beijing Review || Effort targets irregular stock selloffs || Dividends from conservation make people willing partners || Pakistan : The Rentable Mediator in the Iran - US Talks || Plentisoft : Travel Beyond Major Gateways : Transfeero Expands Its Network in China Across Emerging Hubs and Strategic Cities || China film studios eye IP - driven future as near - total reliance on box office comes under strain -- China Economic Net || Minimize supply - chain risks : Here how India could pursue self - sufficiency in energy storage || Sun sets on Japanese pacifism with lifting of military trade ban || Iran - US peace talks : Donald Trump expresses confidence as Tehran considers joining Pakistan talks || Ex - RCMP inspector pleads not guilty to planning to help China threaten B . C . resident || Asian Markets Trade Mostly Higher || Indian economy resilence not by chance : RBI Governer outlines structural enablers driving stability || China - Zimbabwe centre to host zero - tariff policy workshop - Newsday Zimbabwe || County blends preservation with tourism - led economic growth || MACAU DAILY TIMES 澳門每日時報MGM executives hold high - level Beijing talks on tourism || US warns Korea of Chinese tech reliance , regulatory barriers || Apple CEO Cook plans his departure . The tech giant he leaves behind wont be the same . || Energy sector shows resilience in Q1 || Apple CEO Tim Cook 15 - year legacy by the numbers || Catering revenue up on seasonal fare || Digital reading boom draws more Chinese into books -- Beijing Review || Pet  major launched in China as demand surges - phnompenhpost . com || GLOBALink | Major provincial economies pivotal force of China growth || China Eastern Airlines resumes Kolkata - Kunming flights || Book - loving society takes shape in China || $50 billion question : Will investors deliver for Uzbekistan ? || Live updates : Doubt around Iran - U . S . talks , ceasefire to expire – NBC New York || ultratech cement : These large - caps have  strong buy  &  buy  recos and an upside potential of up to 25 % || India slips to sixth - largest economy in IMF list due to weakening rupee , Iran war impact || US positive on Iran deal but talks still uncertain as ceasefire end nears || GSI gains fresh backing as risks grow || Pope Leo XIV arrives in Equatorial Guinea for a diplomatically challenging visit || Seeds | Boundary . AI Closes Series B Round Exceeding 100 Million Yuan || A humanoid robot sprints past the human half - marathon world record in Beijing race || Dow Jones Top Markets Headlines at 9 PM ET : Fresh Middle East Strains Drag on Stocks | Governments ... || Live updates : Doubt around Iran - U . S . talks , ceasefire to expire – NBC 7 San Diego || Youxin Technology Ltd Announces Audited Financials of Celnet and Unaudited Pro Forma Condensed Combined Financials || No crying wolf : Regulate the AI juggernaut before it too late || UN Economist says energy costs weighing down on China and India || AMRO Lowers Cambodia 2025 Economic Growth Forecast to 5 . 2 % || CIBF 2026 : Connecting the Globe , Empowering Green Energy -- The World Definitive Battery Event Arrives in Shenzhen || What Trump blockade says about American power || India boosting domestic production of oil and gas , diversifying imports amid West Asia tensions : RBI Governor Sanjay Malhotra || China builds half of world reactors , reshaping energy order || Air China Resumes Beijing - Delhi Flights Amid India - China Relations | India News || How China built an  energy fortres to survive oil shocks like the Iran war || China PBOC announces new liquidity measures to stabilize markets on 2026-04-21 || India widening current account deficit amid global uncertainty : At what point do alarm bells ring ? || Bangkok Post - Is the Iran war America Suez or its Gallipoli ? || Live : The Latest : Vance and Qalibaf expected in Round Two talks , but Trump says  I expect to be bombing || The Latest : Doubt surrounds Iran - US talks as ceasefire is set to expire || Smart factories power China growth rebound || Stakeholders Reveal Strategies to Crash High Cost of Housing , Rent – THISDAYLIVE || Oriental Rise Receives Nasdaq Staff Delisting Determination || China , U . S . share broad space for cooperation , extensive common interests : Chinese vice premier || Ex RCMP inspector on trial for planning to help China pleads not guilty || China Could Help the US Unlock Iran || China energy fortress was built to withstand just this type of oil shock || China Free Trade Zone Expands to 23 with Inner Mongolia Addition || Outlook for China stocks brightens on capital flows , rebounding home prices || Running to the future , China robo - athletes showcase industrial capability || Japan overhauls decades - old weapons export rules || Tech advancements underpin China Q1 industrial economy || Mordor Intelligence Private Limited : Sunflower Oil Market Forecast at $44 . 79 Billion by 2031 Driven by Health Awareness & Biofuel Demand , Reports Mordor Intelligence || Digital reading boom draws more Chinese into books - People Daily Online || Shadows of Empire : How failed leadership paved the way for the West decline – NaturalNews . com || Nvidia CEO Jensen Huang warns : It would be a  horrible outcome  for America if China ... || Growing industrial sector helps drive China economy || Vladimir Putin Is Running Out of Cards || China energy fortress was built to withstand just this type of oil shock  | Peak Oil News and Message Boards || Central Banks Currency Swaps Tracker | Council on Foreign Relations || RBI Governor : India Economic Resilience Not By Chance || US and Iran tentatively agree to renew ceasefire talks in Pakistan before short - term truce ends || ( China Economic Roundtable ) Xinhua Headlines : Major provincial economies leveraging innovation prowess to fuel China high - quality development - Xinhua || First national reading week begins as China builds book - loving society || AP Technology SummaryBrief at 7 : 08 a . m . EDT || China Flexes Energy Leverage As the Philippines , US Start Annual War Games || Renewed Selling Pressure Expected For Hong Kong Shares || China welcomes more U . S .- funded enterprises to deepen mutually beneficial cooperation : Chinese vice premier || Bourses set for modestly firmer open amid constructive negotiation updates , heavy US data slate ahead & Warsh hearing - Newsquawk EU Market Open || Taiwan detects 24 sorties of Chinese aircraft , 7 PLAN vessels , 1 ship around its territory || Today in Germany : A roundup of the latest news on Tuesday || China flexes energy leverage as the PH , US start annual war games || China AI talent race intensifies as local governments , firms ramp up recruitment || Taiwan Detects 24 Chinese Aircraft , 7 Warships Near Territory || China Breaks Strategic Silence as US Blockade Threatens Iran Oil Flows || Siemens Calls Out EU AI Regulation as Barrier to Competition , ETTelecom || India economy projected to grow at 6 . 4 per cent this year : UN || China expands silver travel services as accessibility becomes a national priority || Rise in pet ownership creates economic opportunities || Rising young , versatile tech innovators power China new productivity engine || Live updates : U . S .- Iran peace talks uncertain as fragile ceasefire set to expire || China to advance forward - looking research in space computing power technologies , support related industry : MIIT official || Siem Reap – Shenzhen direct flight debuts , on day ahead of 67th anniversary of diplomatic relations || Preparations for Turkmenistan - China Business Forum in High Gear || Shaanxi plans to fast - track development || Nigeria - China Relations : Tinubu , XI Jinping To Sign Five MOUs Today || Russia and North Korea Celebrate Joining of First Road Bridge || Indian economy resilience  not by chance : RBI Governor || Mozambique : Mozambican Exports to China Tariff - Free As of May || With tariffs stalled , Trump China policy drifts || Alternatives to Hormuz for energy security || Hong Kong aiming to curb illicit fuel trade with tougher penalties : source || Trump  counterproductive  chaos turbocharging resistance in his own base : analysis || Lower Open Predicted For China Stock Market || China and Russia in the Persian Gulf || China CITIC Bank ( OTCMKTS : CHCJY ) Hits New 1 - Year High – Here Why || Trump signs bill reauthorizing federal aid to defense startups || Hong Kong witnesses capital inflows || Call for Proposals : Plastics Innovation Programme 2026 ( Vietnam ) || Tariffs , Oil Shocks , and Volatility : Is Nike Still Worth Owning in 2026 ? || China Q1 economy tops forecasts in solid start || The Great Wall Within China : Why The CCP Biggest Fear Is Its Own People || Air China to resume Beijing - Delhi flights as India - China air connectivity expands || DeepWay closes $310M in pre - ChinaTechNews . com || Services sector opening - up to boost MNCs || Diplomatic duties for Tim Cook after stepping down as Apple CEO || A humanoid robot sprints to victory in Beijing , beating the human half - marathon world record || The Latest : Officials signal movement on a second round of US - Iran ceasefire talks"
2026-04-22,188,"South Korea Curbs Syringe Hoarding As Iran War Cripples Supply || Disclosure of Beneficial Interest in Securities | Company Announcement || China boosts digital technology in push for modernization || Donald Trump Warns of Strikes on Iran as Ceasefire Nears End || China Restarting Massive Coal - to - Gas Project After Decade - Long Pause || Why is  Chinese way of security  so  unbelievable  to many foreign visitors ? || Why Spain Chooses Engagement With China – Analysis || Picturesque Zhejiang  Promotion Event , Themed  Travel East : Experience the Best , Opens a New Chapter in Zhejiang - Australia Tourism Cooperation || Press Release : Sanofi Tzield approved in the US to delay the onset of stage 3 type 1 diabetes in young children || What is Pax Silica ? What are its goals , and what concerns does it raise ? || World Earth Day 2026 Highlights Zero - Carbon Push as CIBF2026 Prepares to Gather Global Battery Industry || Immersive wrap - around screens and mood - matching displays are the future of first - class plane travel || Christopher Luxon fires up at Winston Peters , says NZ First responsible for Prime Minister Dame Jacinda Ardern || PayChangu  Top Invest in Malawi  Nomination Excites Innovators as Government , Corporates Back Homegrown Fintech - Malawi Nyasa Times || ASM reports first quarter 2026 results | Company Announcement || Pope Leo XIV condemns  lust for power  and inequality in Equatorial Guinea || Trump Threatens to Bomb Iran if No Deal is Reached by Wednesday || USMCA Talks With Mexico Heat Up While Canada Relations Cool || SynbioTech L . plantarum FS4722 Emerges as a Potential Preventive Approach for Hyperuricemia || Tasha Kheiriddin : Carney preparing to fail in Trump negotiations || Nigerian Web3 startups raised $43 million in 2025 || Nepali minister steps down to allow finanical investigation || Malaysia offers rare earths alternative to China || Trump Cryptically References US Intercepted Chinese  Gift  To Iran || Taiwan Detects Chinese Aircraft , Warships Near Its Territory || Iran war : Revolutionary Guard says seizes ships in Hormuz || China welcomes more U . S .- funded enterprises to deepen mutually beneficial cooperation : Chinese vice premier -- Beijing Review || Lotus Tech to Present at the dbVIC - Deutsche Bank ADR Virtual Investor Conference April 28th || Earth Day flawed premise : The planet does best when the country does more || Asian Markets Track Wall Street Lower || Trump tariffs have only given China more sway over global supply chains || How one disappointing order uncovered a massive  ghost cake  delivery scandal in China || Trump Is Creating a Whole New Class of War Profiteers || Paddles over politics -- Beijing Review || Apple CEO Tim Cook 15 - year legacy by the numbers || The Trade War That Brought the World Closer || Interview : Bombs in the Name of  Liberation : Iranian Women Lead Resistance to U . S .- Israeli War || Insider Trading Allegations in Trump Era : Prediction Markets Under Scrutiny || Bessent Lands Another Crushing Blow Right on the IRGC || Michael Douglas - 3 Quarks Daily || Kazakhstan and China to launch wind power plant in Karaganda region || Dow Jones Top Markets Headlines at 11 AM ET : Oil Prices Jump Above $100 a Barrel as Iran Seizes 2 Ships in Strait of Hormuz | Stocks ... || China flexes energy leverage as the Philippines , US start annual war games || Where Will Rigetti Computing Stock Be in 5 Years ? || India likely to grow 7 % in FY27 on domestic demand , investments ; inflation to remain in range : EAC - PM chairman Dev || Update : China , Mozambique upgrade ties as Xi , Chapo hold talks || China pledges deeper cooperation with Mozambique || The Latest : Vance and Qalibaf expected in Round Two talks , but Trump says  I expect to be bombing || How China Is Building Its Next Outpost at Sea || Balochistan agriculture sector under CPEC phase 2 . 0 || PH  blue economy : A systems evaluation of marine capital || China Molten Salt  Energy Fortres Built For Oil Shortages Like The One The World Is Experiencing : Report || Sucden Financial Enables Client Trading in Shanghai Nickel Futures || UK inflation climbs to 3 . 3 %, driven by largest increase in fuel prices in over three years – business live || Pope criticizes colonization of Africa minerals in Equatorial Guinea || Switzerland global trade falls off at start of year || Why China is building villages near LAC || Ecobank Eyes Yuan Settlement Deal with Bank of China in Shift Away from Dollar - Banking & Finance || 2nd LD - Writethru : China , Mozambique upgrade ties as Xi , Chapo hold talks || China Unveils Plan to Make Cities More Youth , Child Friendly || Aluminum Market Size Expected to Reach USD 285 . 4 billion by 2033 , at a CAGR of 5 . 9 % || Panel Makes Case For Turbocharging American Innovation At Daily Caller Live Event || Trump Iran Ceasefire Extension : What Pakistan Gains , Risks , India Impact || 2026 ASCO Preview | Results from Phase III Study of Anbenitamab ( KN026 ) Combined with HB1801 in Neoadjuvant Treatment for Breast Cancer Selected for LBA Oral Presentation || Four key insights into China first - quarter economic performance || October elections as a catalyst for a Brazilian market re - rating ? || Launching AI into Orbit - Watts Up With That ? || Uganda eyes ban on raw coffee exports to boost local processing || Froma Harrop : Subsidies keeping America on top || China postal sector logs steady growth in Q1 -- China Economic Net || With tariffs stalled , Trump China policy drifts - BusinessWorld Online || Indonesia logs US$32 bln Japan , South Korea investment pledges || Taking Bank of Korea helm , crisis - era veteran pursues ambitious won overhaul || From Trumpgod to Trumpdog in one week || President Xi Jinping Holds Talks with Mozambican President Daniel Chapo || Xi and Sánchez say China and Spain should help safeguard multilateralism || China postal sector logs steady growth in Q1 || Gold Vs An Erupting Financial Volcano || Rachel Reeves is about to unleash an avalanche of misery - were just days from hell | Personal Finance | Finance || Peacemaker or panic mode ? How Asim Munir Pakistan is selling a ceasefire  win  it couldnt afford to lose || Xi says the Strait of Hormuz should be reopened – Ya Libnan || LILLEY : Carney warns against U . S . ties after betting his fortune on America || EU regulators assessing if JD . com Ceconomy deal involves state subsidies || Afeela Is Dead , But Sony And Honda Are Still Pretending Theyre Automotive Partners || China stresses joint steps for peace || Africa : Ethiopia Urges Innovation - Driven Ties At China - Africa Forum Focused On  Made in Africa  Growth || Nepal Govt Employees To Get Salary Twice A Month ? PM Balendra Shah Big Move To Boost Economy || More bluster : Poilievre , LeBlanc dismiss Lutnick comments on trade strategy || Are Chinese robots  only able to dance and run ?: Global Times editorial || China names 2 Pakistani astronauts for its space mission .  42 years after India , say netizens || Former CJ Mutunga appointed patron of continental housing lobby || Escalation : Iran Fires on Three Ships As Trump Postpones Talks || UK  mustnt cut ourselves off  from China over risks , says CBI boss || Pope criticizes colonization of Africa minerals as he arrives in Equatorial Guinea || Far Eastern New Century Expands Circular Economy Education Worldwide to Advance Sustainability Impact || Iran - The Great Global Mess | Armstrong Economics || Is U . S . Luxury Spending a Stable Foundation for Growth ? || Tokyo gunning for changes in weapons export policy || A wartime economy would be different this time || Taiwan detects 6 sorties of Chinese aircraft , 5 PLAN vessels , 1 ship around its territory || The Silver Economy : China Next Growth Engine || Trump administration accepting requests for refunds of invalidated tariffs || Timely Policy Response Crucial to Manage Indian Economy Macroeconomic Stability : Moody || ASM reports first quarter 2026 results | The Manila Times || Delicate extraction : Malaysia offers rare earths alternative to China || Japan overhauls decades - old weapons export rules || Beijing - Delhi skies connect again with direct flight || Beijing - Delhi direct flight resumes after years of suspension || Why China Growing Economic Ties With Egypt Matter || Strait Of Hormuz Will Cause  Ripple Effects  For The Whole World || واشنطن وطهران : تفاوض على حافة النار .. || China Industrial Economy : China industrial sector gets off to a strong start in 2026 || SiEngine Technology Qingdao subsidiary completes construction and begins operations , deepening national industrial layout || Prankster hacks top secret meeting of Putin henchmen and insults  baldy  leader || Trump policies are  calculated  to keep Americans dependent on expensive oil : expert || Horse Powertrain Reveals Lightweight Hybrid V6 System at Beijing Auto Show 2026 || MACAU DAILY TIMES 澳門每日時報UM hosts forum on TCM research transformation || Canada says it didnt endorse UN Iran appointment ( except it did ) || Xinhua Commentary : China stabilizer role in global supply chains reinforced amid turbulence || Chinese President Urges Immediate Ceasefire in Persian Gulf During Call with Saudi Leadership – NaturalNews . com || China , Mozambique upgrade ties as Xi , Chapo hold talks -- Beijing Review || German economy minister will travel to China in May || China postal sector logs steady growth in Q1 - Xinhua || Navy Sighs In Relief As Trump Floats $65 , 000 , 000 , 000 To Confront China Shipbuilding Empire || 6th CICPE : Hi - tech Illuminates New Consumer Lifestyle || China unveils plan to make cities more youth , child friendly || China Xiamen Airlines launches in - cabin pet travel service on domestic flights - Xinhua || China welcomes more U . S .- funded enterprises to deepen mutually beneficial cooperation : Chinese vice premier - Xinhua || Corn is back on the menu for US exporters : Report || China has long been a trusted friend of Bangladesh , says secretary - general of Bangladesh Nationalist Party || Barrier Packaging Market to Reach USD 94 . 5 Billion by 2036 , Driven by Regulatory Compliance and Shift Toward Sustainable Materials || China ambassador highlights  three first in To Lam landmark visit || Biotech - led boom as 8 China firms flock to Hong Kong thriving stock market || BLOG : The Strait of Hormuz Crisis and its Ripple Effects on Uganda Economy || Inherited template of growth now being discarded || How Asia should deal with the  Malacca dilemma  - The Economic Times || BHP China dispute : Miner has won battle but Asian nation iron ore flex will continue || CPEC PHASE 2 . 0 , CHINA 15TH FIVE - YEAR PLAN AND CM PUNJAB MARYAM PROSPEROUS PUNJAB VISION || Middle East conflict supercharges China green tech dominance as exports skyrocket – NaturalNews . com || China AI talent race intensifies as local governments , firms ramp up recruitment || The very nature of social media algorithms is to adapt || Deutsche Telekom weighs full combination with T - Mobile || Canada Responsible For Record 61 % Of U . S . Oil Imports . Why It Matters . || CloudMile Sweeps Four Major Awards at Google Cloud Next 2026 Demonstrating Cloud Technology Leadership in APAC || South Korea  war - like  energy crisis || Indonesia Q1 investment tops target , jobs rise || Japan exports expand 11 . 7 % in March on brisk demand , higher prices || China Stock Market Tipped To Open In The Red || HK tractor - production to boom | Big Lychee , Various Sectors || Race to the top -- Beijing Review || World Creativity Day : NCSP champions innovation as catalyst for Nigeria – China growth || Carl Setzer , candidate for Congress , 14th District , May 2026 || 15th Five - Year Plan : Smart economy explained - 南海网 || Multiple Records Broken at the 6th Hainan Expo - 南海网 || China unveils measures to build youth - friendly cities with career opportunities , better life || With tariffs stalled , Trump China policy drifts || Trump  one - man WhatsApp group  diplomacy derailing Iran peace talks – The Irish Times || From Changan to the World : Xian Activates New Industrial Momentum through  Air Silk Road || Trump threatens to bomb Iran as Pakistan pushes for truce extension || Secretive Shipments of Iranian Oil to China Are Under Threat by U . S . || The End of EPA Endangerment Finding Is a Bigger Deal Than the Iran War || Hong Kong Hang Seng Index closes 0 . 48 pct higher || Only a handful of traders power India F & O volumes , highlights Zerodha Nithin Kamath || Carney new advisers may turn to issue of Chinese  spy machines on wheel - National || China pledges to stabilize memory chip supply as industrial growth and AI - driven manufacturing expand || The Latest : Iran attacks 3 ships in the Strait of Hormuz as Trump indefinitely extends ceasefire || What Happening With The Trade Desk Stock ? || Ceasefire extends as talks hold | The Arkansas Democrat - Gazette - Arkansa Best News Source || AI - powered robots offer new hope to German factories || Robo - athletes push China tech frontier || China Publishing Group opens reading week with Party history session || How morality and ethics shaped India economic development | MIT News | Massachusetts Institute of Technology || US - Iran Tensions And The Energy Fallout : Narendra Taneja Explains India Next Moves || HRH the Crown Prince Chairs Cabinet Session in Jeddah || Lithuania , Taiwan to sign economic cooperation deal in early June || A $600 Billion Increase for the Military is a Ton of Money || Dismissing China Repression in Xinjiang - CounterPunch . org || China to fuse software and steel with US$14tr sector to fix weak links in world factory || US pressures Peru to ditch China on security , economic investment || Trump tariffs didnt help the US economy some say they were never meant to || Harmonious growth model nurtured || Reimagining Development : Harvard Center for International Development Announces Kingsley Moghalu as Panelist at GEM26 » YNaija || How Apple CEO Tim Cook Got Donald Trump on His Side || The wages of a K - shaped economy : India demographic dividend may be slipping away || Carney , boosted by majority government in Canada , aims for US trade deal || China Xiamen Airlines launches in - cabin pet travel service on domestic flights || China Issues New Regulations Countering Foreign State Extraterritorial Restrictive Measures | Morrison & Foerster LLP || China , Mozambique upgrade ties as Xi , Chapo hold talks"
2026-04-23,195,"Asian shares track Wall Street to record highs but higher oil prices from Gulf shipping woes a risk || Air connectivity boost : Beijing – Delhi flights resume - TravelBiz Monitor : India travel news , travel trends , tourism || Trade volume with RCEP member nations passes $40B in 2025 || Taiwan detects 15 sorties of Chinese aircraft , 5 PLAN vessels , 1 ship around its territory || Amazon Eero Exempted From FCC Foreign - Made Wi - Fi Router Ban || US & Saudi Arabia : Raw materials deal ? || Mexico , a Critical Node on the U . S . Risk Map , Intelligence Report Finds || The Iran war is pushing Southeast Asia to debate the once unthinkable : Whether ships will need to pay to transit the Strait of Malacca || Largest Landlocked Countries : 10 largest landlocked countries in the world | World News || Online food platforms fined in China || World Earth Day 2026 Highlights Zero - Carbon Push as CIBF2026 Prepares to Gather Global Battery Industry || Michael Hudson : US Economy is Based on a Ponzi Scheme || Phase 1 of 139th Canton Fair Introduces New Dedicated Product Zones as Emerging Technologies Take Center Stage || Will AI solve rich countrie debt woes ? || India GDP on fast track - The HinduBusinessLine || India Ultra - Wealthy Population to Hit 25 , 217 by 2031 || India billionaire population may rise 51 % to 313 by 2031 : Knight Frank || Wilhelm Sasnal : Grey Eyes - Announcements || Nigeria Skills Crisis : Why 270 Universities Fail Industry || Daily life in Tehran continues - but money is short and risk of war looms || Iran economy could withstand US blockade in short - term : Analysts || Understanding Iran | Armstrong Economics || Singapore ranks 3rd in world safest countries list || South Korea Samsung workers rally in thousands as strike looms || Iran economy looks set to withstand US naval blockade || China hands 11 . 5 - year sentence in rare earth , semiconductor data leak case || British Chamber of Commerce ready to support Azerbaijan in AI and other new areas ( Exclusive ) || China FM calls for complete eradication of Cambodia scam centers || GDI continues to offer world tangible results || Malawi : Paychangu  Top Invest in Malawi  Nomination Excites Innovators As Government , Corporates Back Homegrown Fintech || This is a heist : Eric Trump Pentagon deal boast sees him compared to Hunter Biden || The world is awash in money . A $10 million purse proves it . || India ultra - rich population surges , likely to grow 27 pc by 2031 : Report || Shared future envisioned in outline || Reader Reflections : Correct understanding of governance performance embodies governance philosophies of seeking truth , putting people first , strengthening intl confidence in China role || Acupuncture regulates immune function through specific neural circuit activation || Read All The Stories Written by Ishan Bakshi . || No overcapacity , forced labour in apparel sector || Lhasa to modernize urban governance with landmark regulations || Is California the world 4th - largest economy ? – Pasadena Star News || Secretive Shipments of Iranian Oil to China Are Under Threat by U . S . -- Commodities Roundup || China On Edge As Japan Arms Export Policy Shift || Hungary Drops EU Loan Veto After Ukraine Reopens Druzhba Pipeline || US firms voice  concern  over China new supply chain rules || Universal posts strong financial start to 2026 || Air China restarts Delhi - Beijing direct flights amid warming India - China relations || Blaming China wont fix imbalances || HEINEKEN Holding NV : HEINEKEN HOLDING N . V . 2026 FIRST QUARTER TRADING UPDATE || A hedging of bets : are middle powers shifting towards China ? || Safest countries in the world 2026 : What makes them resilient || Hoarding Fuels Global Energy Spike as Iran War Disrupts Supply Chains : Report || Global and energy shocks to weigh on Bangladesh economy || China CITIC Bank ( OTCMKTS : CHCJY ) Shares Gap Down – Should You Sell ? || China 12 technological breakthroughs : A new path for Africa and Zimbabwe to end tech monopoly and achieve self - reliance - Newsday Zimbabwe || US trade czar threatens Canada over boycott that hurting booze - makers || Win Streak May Continue For China Stock Market || Global Times :  China has developed into the indispensable nation for green transition in the world || How China is aiming to boost falling birth rates || Why is stock market falling today ? Sensex plunges 800 pts , Nifty breaks 24 , 200 . 6 reasons behind the selloff || HEINEKEN HOLDING N . V . 2026 FIRST QUARTER TRADING UPDATE || HK financial secretary calls for closer Asia - Oceania market alignment to draw global capital - Xinhua || Interview : Inside Canada Intelligence Balancing Act in Uncertain Times – Sri Lanka Guardian || Dollar Advances with US - Iran Talks in Limbo || Iran economy in charts : Hyperinflation and depreciating rial || Apple John Ternus will run one of the world most powerful companies ; the job is a minefield || Are banks making profits at the cost of the economy ? || No unilateral moves on Strait of Malacca , says Malaysia after Indonesia floats toll idea || Higher Open Called For Hong Kong Shares || India ultra - wealthy population forecast to reach 25 , 217 by 2031 , up by 26 . 9 %: Report || What controversies are people talking about ? || 2026 BMW i3 Long Wheelbase Makes Surprise Debut In China || Marvel Biosciences to Participate and Present at the 2nd Neuroscience Innovation Partnering and Licensing Summit || US blasts countries for yielding to China by blocking Lai flight || Can economic warfare in Strait of Hormuz achieve what missiles and airstrikes failed to deliver ? || Investors get set for RMB nickel futures || HK financial secretary calls for closer Asia - Oceania market alignment to draw global capital || Editorial | Saudi leader phone call to Xi Jinping shows shifting global power balance || Asian shares track Wall Street to record highs but higher oil prices a risk || An old factory in Welland , Ont ., sat derelict for years until someone discovered it could be worth billions || Dow Jones Top Markets Headlines at 3 PM ET : Oil Prices Jump Above $100 a Barrel as Iran Seizes 2 Ships in Strait of Hormuz | U . S . ... || How Acupuncture Rewires Neuro - Immune Circuits to Treat Disease at Its Root || AI Data Centers : The New Populist Target || Maine idiotic moratorium on data centers || Six Takeaways from the IIF Global Outlook Forum and Spring Meetings > The Institute of International Finance || Never forget : Like the CCP , Iran regime kills its own people and still seeks nukes – World Tribune : U . S . Politics and Culture , Geostrategy , China , North Korea , Corporate Watch , Media Watch || From Gaza To BRICS : The Revolt Against The Dollar Order || Mountain Villages Reborn : Guizhou Homestay Economy Breathes New Life into Vibrant Ethnic Hamlets || Taiwan Political Polarization Is Playing Into China Hands | Council on Foreign Relations || Yuan to Surpass Yen in Global Currency Options Trading , LCH Says || The Rise of Labubu : Behind the emotional economy are the emotions of the economy || Hong Kong Comes for the Right to Privacy || Emotional Economy : Behind the Labubu Craze || Pope criticizes colonization of Africa minerals as he arrives in Equatorial Guinea || Sellers in China trade hub seek tariff reprieve from Trump visit || India ranks 6th globally in ultra - wealth population ; billionaire count seen rising 51 % by 2031 || Artemis moon landing could face long delay while NASA waits for next - generation spacesuits || Links 4 / 23 / 2026 | naked capitalism || CRCG sees promising future for PNG || Zimbabwe at 46 : Remembering solidarity in the liberation struggle - Newsday Zimbabwe || Is California the world 4th - largest economy ? – San Bernardino Sun || Bangkok Post - Rupture , reform and how to rebuild || U . S . Treasury Imposes Sanctions on 14 Entities for Aiding Iranian Weapons Procurement – NaturalNews . com || Ping An Releases 2025 Sustainability Report , Unveils  SIMPLE  Framework to Drive Long - Term Value Creation || Economic intelligence on Iran and China is shaping Trump strategy || Chinese drones dominate the skies over Bosnia and Herzegovina || EU Weighs Fuel Sharing as Jet Fuel Shortage Risk Builds || Rising sun 2 . 0 : As Japan shrugs off its pacifist shackles , India could make significant gains || Fox News poll finds 56 % say Trump admin not competent managing government || Boom time for Chinese solar makers as Middle East oil crisis drives demand || Tungsten alert : China becomes an importer and Almonty shares soar to all - time high | 2026 - 04 - 22 | Investing News || solutions ltd : ET Prime Special Series : Multibagger or Bankrupt – Part 55 : This old - economy giant helped power India past . Its big test lies ahead || Gangsters With Laptops : Trump Reposts Anti India Rant On Birthright Citizenship || Operation Economic Fury and the battle for a multipolar world - Newsday Zimbabwe || Xinhua Headlines : China brings classics to life to attract young readers || Asia emerges as global leader as West backpedals , says sustainability expert || U . S . blasts countries as serving China interests by blocking Lai flight || China Guangdong industrial hub faces gas price shock as Iran war tightens supply || Europe risks falling further behind in medicine race , warns Roche CEO || Ben Shapiro : AI Data Centers : The New Populist Target || West Africa : Ghana Secures China Deal to Develop Volta Economic Corridor || Interim report : January - March 2026 | The Manila Times || Asia shares track Wall Street to record highs || Terrifying revelation : Iran holds the world in its hands … and not just in Hormuz – The scenario even Google fears || 2026 BMW iX3 Long Wheelbase Reveals More Luxurious Interior || Xi Focus : The making of China new energy system and the green road ahead || Iran placed mines in the Strait of Hormuz , Pentagon : Cleanup could take up to 6 months ! Options being considered for their removal || China foreign minister calls for eradication of Cambodian scam centres || Nvidia has not sold H200 AI chips to China yet , US officials confirm || Keir Starmer and his incompetent colleagues are obsessed with one woman | Politics | News || The US witch - hunt against Chinese scientists and the death of Danhao Wang || Strait of Malacca : will it be the next flashpoint in a war over seaborne cargo passage after Hormuz ? || Commerce chamber head calls for status upgrade of Vietnamese border crossings || Overnight News Digest : April 22 , 2026 || Commentary : China stabilizer role in global supply chains reinforced amid turbulence || China Clean Energy Transition in the 15th Five - Year Plan || From AI to subsidies : Bernstein candid open letter to PM Modi flags 8 critical fault lines || Fortune Tech : Google new TPUs , Microsoft - Cursor ?, Kalshi insider trading || The Most Misunderstood Vanguard ETF That Smart Investors Should Consider || China US$24bil pet food market heats up as local brands challenge global players || Asian shares track Wall Street to record highs , oil prices pose risk || US imperialism war on Iran unleashes global economic and social catastrophe for the working class || How Nestlé pioneering China business fell into disarray || Foreign investors eye long - term opportunities as China opens wider || Chinese investors eye minerals & agribusiness || Canada - U . S . trade live updates : U . S . officials ramp up criticisms || Cambodia , China upgrade  2+2  Dialogue to  3+3 , as bilateral cooperation grows || Why Micron Stock Is Surging Today | The Motley Fool || Europe primed for a lower open with Brent on a $102 / bbl handle - Newsquawk EU Market Open || 5 Pressure Points Straining the Trump - Iran Standoff || Mainland China ultra - wealthy numbers rise as Hong Kong tipped for faster growth || HEINEKEN N . V . 2026 FIRST QUARTER TRADING UPDATE || China unveils measures to build youth - friendly cities with career opportunities , better life || China Pledges Deeper Global Cooperation via GDI - Pakistan Today || India May Under - Deliver On Its Potential If Reforms Get Delayed : Bernstein In Open Letter To PM Modi || Trump isnt so unpredictable . He is ( mostly ) following the polls || Ping An Insurance ( Group ) Company of China , Ltd .: Ping An Releases 2025 Sustainability Report , Unveils SIMPLE Framework to Drive Long - Term Value Creation || Live : The Latest : Iran attacks 3 ships in the Strait of Hormuz as Trump indefinitely extends ceasefire || Turkey opts for silence on von der Leyen remarks to avoid straining EU ties || Rep . Salazar Boasts :  Dignidad  Amnesty Bill Awards  Cheap Labor  to Every Business Sector || Canada , U . S . trade systems  dont fit together very well : Greer || Govt may mandate registration for online games from China , Pakistan , Turkey || Trump war has backfired spectacularly : Iran is now more influential than ever | Fawaz Gerges || Dow Jones Top Markets Headlines at 11 PM ET : S & P , Nasdaq Set Fresh Records After Cease - Fire Extension | Secretive ... || Manet informs China Wang , Dong , of Cambodia commitment to peaceful resolution of border issues || The Latest : Iran attacks 3 ships in the Strait of Hormuz as Trump indefinitely extends ceasefire || Private sector in Gansu thrives on quality growth || Why Micron Stock Is Surging Today || Beijing InfoComm China 2026 Defies Economic Headwinds with over 300 Key Exhibitors and Brands with World - wide Footprints Converging to Map AI - Driven AV Transformation Amid Market Consolidation || China global EV push reflects its ambition - and harsh economics at home || Mauna Kea Technologies Reports FY 2025 Financial Results : Comprehensive Debt Restructuring and Reaccelerating Organic Growth Mark a Transformative 2025 || HEINEKEN NV : HEINEKEN N . V . 2026 FIRST QUARTER TRADING UPDATE || Inside information : Preliminary result of Bioretec Ltd rights issue || 2026 ASCO | Mabwell to Present Latest Clinical Data on 9MW2821 Combined with Toripalimab for Urothelial Carcinoma in Oral and Poster Presentations || Economic Watch : Foreign investors eye long - term opportunities as China opens wider || Senate Judiciary Hearing on Chinese IP Theft || Asian Shares Slide As US - Iran Tensions Persist || Russia Coal Industry Is Running on Borrowed Time | Carnegie Endowment for International Peace || Bangladesh Awami League temporary ban not sustainable over longer term : International Crisis Group || U . S .- China Competition : Why Beijing Success Spells Doom for Everyone Else || Stable economy and digital transformation power Hong Kong SMEs to decade high performance , CPA Australia survey || NetEase Cloud Music Strikes a Profitable Chord || Canada prime minister says the US does not get to dictate terms for a trade agreement || China Greenhouse Tech Is Revolutionizing Farming || China weathered Trump tariffs - but the Iran war is taking a toll || To succeed , Vietnam should abandon communism || Djibouti Guelleh reelected for sixth presidential term : official results || GIS Growth , Milliken ESG Wins & U . S . Digital Trade Concerns || The making of China new energy system and the green road ahead -- China Economic Net || China , US industry representatives hold meeting on co - op , exchanges || Baystreet . ca - Asia Rises with Middle East Tensions || Africa : Opening Statement At the Annual Retreat of the Group of African Ambassadors in China ( Gaac ), H . E . Ambassador Alhaji Sarjoh Bah , Phd AU Permanent Representative to the People Republic of China , Beijing | 23 April 2026 || The making of China new energy system and the green road ahead || China Xiamen Airlines launches in - cabin pet travel service on domestic flights || Graham Platner lays out what kind of senator he would be : From the Politics Desk || Senior US diplomat urges stronger support for Tibetan refugee during Nepal visit"
2026-04-24,163,"Same tune by a different Song brings back memories of a pivotal time in China || China FM Wang : Cambodian scam centers must be eradicated || Amid fuel crisis , a bold move to leave oil and gas behind || US Urges Nepal on Tibetan Refugees , Economic Ties || China welcomes more foreign friends to enjoy visa - free policy , experience a country that is both ancient and modern : FM || Nilörn Interim Report Q1 , 2026 | The Manila Times || Valeo - Q1 2026 Sales | The Manila Times || VALEO SE : Valeo - Q1 2026 Sales || UN General Assembly President Annalena Baerbock to visit India on April 28 ; to discuss key multilateral issues of  mutual interest || The risks of conflict among the great powers || Lee India , Vietnam tour underscores push for energy security , supply chain resilience || Singapore emerges as neutral ground for AI firms navigating Sino - US rivalry || Andalucía exports grow as fruit and vegetable shipments increase || India - US Partnership Resilient Amid Strains : Juster || Strong start to economy in Q1 - China . org . cn || DeepSeek Stocks Wall Street : U . S Stock Market today : Will DeepSeek disrupt Wall Street stocks again ? Fears rise as Chinese AI startup makes highly awaited launch || We will be the # 1 port in America  | Port of Virginia Interim CEO gives State of the Port address || Canadian exotic mushroom growers frustrated with imported compost || China growing interest in opening the Strait of Hormuz – Ya Libnan || Electrification Is the Real Energy Hedge and China Knows It || Zhejiang unicorn ranks grow to 58 as Hangzhou tightens lead , top ranking shows || Asian Markets Track Wall Street Lower || White House accuses China of industrial - scale AI technology theft || Iran economy looks set to withstand US naval blockade || Broken strategies stunt SA economy as other countries separate politics from state || Trump war is a clear and present danger to your future || Paddles over politics -- Beijing Review || Nifty can fall to 20 , 500 in bear case , warns JPMorgan ; downgrades Indian stocks to Neutral || India IT model worked , until AI . Disruption now haunts its sub - optimal equilibrium || Memoir launch spotlights Nigeria textile industry collapse || Defense Stocks After Pullbacks : New Entry Opportunities in Rheimetall and RENK Group - Antimony Resources with Significant Upside Potential | 2026 - 04 - 24 | Investing News || China Stock Market May Extend Thursday Losses || Canada - U . S . trade : Officials remark on CUSMA negotiations || Five things to know about Chinese AI startup DeepSeek || Chinese EVs , flying cars take centre stage at world biggest auto show || ESM Warns War Fallout Will Cause Lasting Damage || Inside the EU 20th Sanctions Package on Russia || Infographic : China rural economy maintains sound growth in Q1 || Singapore emerging as neutral ground as AI firms navigate Sino - US rivalry || Taiwan detects 2 sorties of Chinese aircraft , 7 PLAN vessels around its territory || LankaWeb – What are the lessons we can learn from China and Vietnam being communist one party ruling parties running those countries and how they develop quasi capitalist base for development and growth ? || Lifestyle expands sourcing story in High Point || The airlines left . Etihad just decided to come back . And here is why . - Newsday Zimbabwe || China AI upstart DeepSeek drops new model . Will it make waves like last year ? || Cytek Biosciences to Report First Quarter 2026 Financial Results on May 7 , 2026 || Yiwu path to growth offers rich example || AI data centers : The new populist target * WorldNetDaily * by Ben Shapiro || Auto sector in structural upgrade || Stock Takes : AI boom leaves New Zealand market behind as Wall Street races to record highs || Which City Is Known As The Watermelon Capital Of India ? || SOLID Q1 SALES - IGNITE PRIORITIES IN MOTION || China , Spain anchor stability amid global fragmentation || Almost half of Americans say economy is in bad shape and getting worse , survey shows || IP protection in new fields strengthened - People Daily Online || Iran economic resilience amid sanctions and war || US - India Ties : Strategic Autonomy , Trade Strains at Hudson Conference || Translation :  Scaling the Wall ? Youve Crossed the Line || Why the Nasdaq - 100 Is on a Winning Streak Even as the Iran War Dominates the News || Is Australia in recession ? Poll reveals that many people think the economy is already there || Are banks making profits at the cost of the economy ? || What Happens to Maritime Order After the Iran War ? || Trump is swaying the market like no president has in decades , analysis shows || Uyghur camp survivor slams Starmer for approving mega Chinese Embassy in London || International Business : Germany halves growth forecast || DeepSeek is back : China AI claims to surpass ChatGPT and Gemini in key benchmarks || Things to know as China DeepSeek releases new AI model || IP protection in new fields strengthened || The relaxation of China straw burning ban | News | Eco - Business || Top Conservatives Retreated to a Georgia Island . Here Who Was Included . | News || US companies welcome start of tariff refund || Stock market crash : Why have Sensex , Nifty dropped over 1 % in trade today ? Top reasons || S . Korea to designate 10 cities to serve as startup hubs by 2027 || Consumption push in China drives Walmart expansion || China weathered Trump tariffs – but the Iran war is taking a toll | Hellenic Shipping News Worldwide || MAGA - friendly dictator stunning election loss sends a strong message to Trump || Ruijie Networks Hosts 2026 SBG APAC Channel Partner Summit in Chongqing ; Launches SME Brand Cybrey || Dollar Slips as Strength in Stocks Curbs Liquidity Demand || Trump rant about Asians draws backlash from Texas leaders || Chinamaxxing : Beijing new source of soft power – European Council on Foreign Relations || Investments in nuclear weapons production surge : study || Airwaves of Power : Why the Pentagon Should Shift to a Commercial - First Spectrum Model || Europe is in a profound state of crisis . Luckily , we know what to do | Nathalie Tocci and Anu Bradford || Chinese EVs geared up to dominate world biggest auto show || Asia - Pacific largest news media event reveals global speaker lineup || Tech war : US Congress rolls out  largest  export control upgrade against China || S & P mulls rule change to keep Teck in Canadian benchmarks after Anglo merger || RFK Jr . Tells Senate Glyphosate Causes Cancer || Inequity Or Growth ? India Billionaire And Ultra - Rich Numbers Set For Strong Rise || Barrier - free tolling on several NHs across country from Dec : Gadkari || Investments in nuclear weapons production surge || UPSC Key - 24th April 2026 : Claude Mythos , Groundwater Contamination and Online Gaming || Xiao - I Corporation Announces Plan to Implement ADS Ratio Change || Bangladesh $39B Garment Industry Faces Next Test : Moving Beyond Low Cost - Manufacturing || Indian markets opens weak on high crude prices , poor Q4 results of IT sector weigh on sentiment || China Benefits On The Side - Lines Of US Entanglement In The Middle East – OpEd || After Maduro , What Next for the Venezuelan Economy ? || Critics fiercely appalled as Eric Trump brags about scoring $24 million Pentagon deal || Chinese premier chairs meeting on sci - tech innovation , marine economy || Yuan to top Yen in currency options trading : LCH || 《 TAIPEI TIMES 》 Government bans agencies from using China AMap app - 焦點 || Tight policy stance to persist as Mthuli locks in low inflation - Newsday Zimbabwe || The US keeps talking about gas prices but its diesel costs that could impact your life the most || The costs of Iran permanent revolution - Academia || Asian Markets Mixed as Oil Prices Rise Amid Middle East Tensions and Ceasefire Uncertainty || Taiwan shares soar more than 3 % as TSMC hits new high || China surpasses US in research spending – the consequences extend far beyond scientific ranking and clout || India Set To Tighten Seed And Pesticide Laws , Says Agri Minister || Asha Sharma & Matt Booty Shares Xbox Letter To The World - A Manifesto For Their Future || Tesla Isnt an EV Stock Anymore : How Should Investors Value It ? || Mark Zuckerberg Meta Announces Massive Layoff Impacting 10 % of Workforce || FTSE 100 Live : London stocks retreat ; Iran officials to travel for talks with Pakistan , Russia || Iran ceasefire : How the US and Iran can break their deadlock , end the conflict || GT Voice : US critical minerals small circle will only raise costs , not security || The Most Misunderstood Vanguard ETF That Smart Investors Should Consider || China Ambitious EV Expansion : A Response to Market Saturation and Price Wars , ETAuto || Chinese EV makers take centre stage at world biggest auto show || Strait of Hormuz Crisis : How Markets Have Handled the  Largest Oil Supply Disruption in History  So Far || Brussel push to cut housing red tape faces criticism from EU countries || China auto industry races to embed AI in line with Beijing mandate || South Korean govt to designate 10 cities to serve as startup hubs by 2027 to promote balanced growth || New Poll Shows Grim Numbers for GOP on Economy || Dollar Recovers on Rising Tensions Over the Strait of Hormuz || India Wealth Growth : UHNWIs to Reach 25 , 217 and Billionaires 313 by 2031 – Knight Frank Report || You Can Now See What Wall Street Cant || More countries turn to nuclear power 40 years after Chernobyl disaster || Hexane Market worth $3 . 64 billion by 2031 - Exclusive Report by MarketsandMarkets || Wilhelm Sasnal explores the ambiguity of memory at Espace Louis Vuitton Munich || Analysis - Singapore emerging as neutral ground as AI firms navigate Sino - US rivalry || Seoul mates , India can swipe right - The Economic Times || White House accuses China of copying American AI models in  industrial - scale  campaign || Oil tankers , cars , and money : the political economy of G7 China policies | Hellenic Shipping News Worldwide || Latest Fox News Poll Reveals Grim Numbers for GOP on Economy || Skills , Policy Reforms Key to Sustaining India Growth || What to know about the Falkland Islands as US considers reassessing position || Why China is well positioned in this oil shortage || Rep . Salazar Boasts :  Dignidad  Amnesty Bill Awards  Cheap Labor  to Every Business Sector || Iran Isnt Winning Theyre Just Surviving || The Fast Lane : 3 Ways To Get More Critical Minerals , Now || Beijing Auto Show poised to become world largest amid rise of Chinese EV industry || America at 250 : Why We Still Dominate the World || China launches 2026 ultra - long special treasury bond issuance - Xinhua || Why the Stock Market Is the Best Casino in the World || Maritime Law and US Naval Power Under Stress Even Before Strait of Hormuz Standoff || Chinese modernization gaining momentum || President Trump Trump Card : Kharg Island || Foreign tourists flocking to see China for themselves || Beyond Hormuz : Why the World Busiest Waterway is the New  Hostage  of Global Trade || Govt . to designate 10 cities to serve as startup hubs by 2027 to promote balanced growth || Xi Pressure Cooker : Why China Is Seeing A Surge In Unexplained Violence And Collapses || There never been a semiconductor rally like this one - and that triggering a number of warnings || Canada - U . S . trade live updates : Mark Wiseman on CUSMA delays || Trump bid for energy supremacy by taking maritime choke points could fuel US decline || Trump is facing an increasingly patient Iran || CHINAPLAS 2026 Media Day : Highlights from 8 Exhibitors || Economies to feel war heat across globe || India fluctuating economy | The Shillong Times || Iran Is Not Winning . It Is Unraveling . || A Humanoid Robot Just Beat Humans in a Half - Marathon || The Strait of Hormuz shows how everything is now about leverage || The Strait of Hormuz closure forces a choice : Ration oil now or pay a steep price later || How China young workers are securing their future even as AI disrupts job market , triggers pay cuts || China Squeezes E - Commerce Giants to Purge  Ghost Stores  in Widening IP Crackdown || Forum agrees to work for a shared maritime future"
2026-04-25,157,"Beijing Auto Show 2026 : OMODA & JAECOO Hits 1 Million in 3 Years , Setting Global Speed Record || Bangladesh energy crisis stems from severe power sector mismanagement , fossil fuel dependence , and neglecting national energy security || Q & A : China leadership calls for  strict control  of fossil fuels || Mythos challenge : Delhi needs a say in AI regulation || Govt plans telecom overhaul over worst internet performance || AP News Summary at 2 : 50 a . m . EDT || Billionaire behind  American Factory  firm warns of US exit amid trade friction with China || An Action Plan to Prevent Nuclear War ( The New  Thirteen Steps ) || The fourth center : Irans wartime economic rise || News Analysis : How China effectively aligns industrial upgrade with consumption boost - Xinhua || Exclusive | Hong Kong Aberdeen marina project attracting local and overseas interest || China means business in expanding domestic demand || Why the US Just Extended a  Fragile  Iran Ceasefire : The Secret Munitions Crisis Haunting the Pentagon || It Time for India to Aim Higher and Move Beyond Electronics Assembly || How to Think About the Extractive Problem of Lithium Mining || Reports : Petrodollar Collapsing , Portending Global Reserve Currency Shift to Chinese Yuan || Kirk Greene : An Old Warning Echoes as AI Race Accelerates Faster Than Safeguards || Focus on laws related to foreign affairs || China Conducts Live - Fire Drills Near Luzon Island As || West Asia War : US says it hunting for explosive mines in latest push to open Strait of Hormuz || Ottawa tabs $19 . 5M for defence - sector firms – Winnipeg Free Press || Pakistan ranks 16th globally in outsourcing talent index , says IT minister || Taken - for - granted separation between economics & strategy has collapsed in 21st Century : Pradeep Mehta || US says it hunting for explosive mines in latest push to open Strait of Hormuz || Prabowo Tilts Toward Washington || Multinationals embrace China low - carbon growth opportunities || FinancialContent - Heartland Express ( HTLD ) Stock Trades Up , Here Is Why || China , Europe must join hands to promote reconfiguration of global order , experts say || China Doubles Down : Taiwan Will Be Reunified by Force if Necessary – The Lao Times || China cranks up heat on counterfeits , IP violations || High - quality development offers new opportunities for China - Britain cooperation : official - Xinhua || Chinese , Thai FMs hold 3rd consultation mechanism meeting - Xinhua || India to Roll Out Barrier - Free Tolling by December : FASTag , ANPR to Cut Travel Time || First National Reading Week spotlights community project in Wuhan || Mexico strengthens economic team ahead of trade talks with U . S . || US says it hunting for explosive mines in latest push to open the Strait of Hormuz || Brazil aims to regulate critical minerals without tax breaks , finance minister says || How They Voted : Colorado congressional votes for April 17 - 23 , 2026 || Commentary : Japan lifts ban on arms exports – can it build the free world defence industry ? || BQE Water Reports Audited Year End 2025 Results || Allied Critical fast - tracks tungsten production plans with $40M financing || Treasury sanctions Chinese refinery Hengli over Iran oil purchases || Climate scientist John Lang guide to net zero and how the Iran war has focused the world on energy sovereignty || FinancialContent - Amtech and Penguin Solutions Shares Skyrocket , What You Need To Know || AP News Summary at 11 : 08 p . m . EDT || US Poised For Potential Iran Talks As Araqchi Heads To Pakistan || Allison Schrager : A wartime economy would be different this time || How Asia should deal with the  Malacca dilemma || The Best Airlines In 2026 , According To AirlineRatings . com || EU Revives Fight for Global Shipping Carbon Price , Setting Up IMO Clash With U . S . || Hormuz at Edge - Tests of Diplomacy and Economics || Final results of Bioretec Ltd rights issue || Xi congratulates Amedi on assuming office as Iraqi president || China lifts countermeasures against two EU financial institutions || 139th Canton Fair Phase 2 Introduces New Product Zones , Reflecting Evolving Lifestyle Trends || German auto industry faces even tougher competition as China economy slows || Iran Strait of Hormuz blockade shows how leverage will shape new world order || FMA monitors bank OCR responses but it not a pricing regulator || The Procter & Gamble Company ( NYSE : PG ) Q3 2026 Earnings Call Transcript || President Trump must  give up something  for Iran deal : Zakaria || 139th Canton Fair : Creativity and Innovation Sparks New Possibilities in Gifts & Decorations Category || Opinion | China AI token drive is really about upgrading inland economies || News Analysis : Why  China Shock 2 . 0  narrative is a distortion of China growth - Xinhua || AP News Summary at 2 : 49 a . m . EDT - The Morning Sun || Kushner and U . S . envoy Witkoff will head to Pakistan for new Iran talks || This is a  come to Jesus moment : Ford CEO says American carmakers are battling a perfect storm || Rep . Zach Nunn touts Farm Bill benefits for Iowa || Taiwan detects 8 sorties of Chinese aircraft , 7 vessels around itself || Netizen Voices on New Supply - Chain and Jurisdictional Regulations :  How is This Not a Shakedown ? || China IP Brief : Vol . 1 , Issue 1 | Loeb & Loeb LLP || US freezes $344 million in cryptocurrency said to be linked to Iran || Donald Trump Economic Warfare Abroad Comes Home || Trump Iran campaign reveals a global strategy on energy and power || Race To Refill U . S . Weapons Stockpiles Will Supercharge War Economy || It China duty - free retail mecca and a tropical oasis , to boot . For Beijing that no longer enough . || Middle East Tensions Support the Dollar || When the Global System Tightens , Africa Once Again Absorbs the Impact || Chinese premier chairs meeting on sci - tech innovation , marine economy || China government  has Restricted U . S . Investment in Domestic Tech || Beijing Auto Show : Made in China  EVs are taking over the streets , but just how safe is your data ? || EU Biotech Act : The European Commission landmark proposal to strengthen biotechnology in Europe | White & Case LLP || New regulation to enhance value of Dong Van Karst Plateau UNESCO Global Geopark || US says it hunting for explosive mines in latest push to open the Strait of Hormuz – Winnipeg Free Press || Middle East war : 6 ways countries are responding to the historic energy shock || Across China : Multinationals embrace China low - carbon growth opportunities - Xinhua || China Nostradamu chilling warning about how US - Iran war will end || Why your dream summer vacation might be slipping out of reach || Israel , Lebanon Cease - Fire Extended 3 Weeks , Even As Violence Flares || New Zeekr 8X review : 1 , 381bhp plug - in hybrid SUV is an absolute tech - fest || Talent tracker of the week : Key leadership moves and transitions across companies || Can Denza really compete with the German premium brands ? || Iranian Foreign Minister Araqchi En Route To Pakistan || Blackmail and better grades : How the AI revolution is reshaping American life || Forvia Faces Sales Decline Amid Chinese Market Weakness , ETAuto || Opinion : Turning engineering into a security threat || India could help Taiwan reduce its reliance on China : Report || Xinhua Headlines : Love - themed local festival in China gaining national fame - Xinhua || Chinese Man Faces 7 . 5 Years in Prison for Reposting Worker Wage Claims Online || Oil News : India Discovers Immense  Treasure  of MENA , China Rushes In – BRICS Information Sharing & Exchanging Platform || Geopolitical pressures and AI initiatives drive enterprise adoption of a sovereign - first cloud strategy || Will this energy shock seal the deal for renewables ? || Column : China - Laos ties at 65 continue to move forward - Xinhua || China auto industry races to embed AI in line with Beijing mandate || Everything is on the line . Republicans cant take midterm elections for granted || Taiwan to secure energy soft spots - Taipei Times || Balikatan  draws opposition from cause - oriented groups || Catherine Thorbecke : AI is coming for our aging parents , ready or not || Iran foreign minister awaits U . S . delegation to Pakistan for peace talks || Bipartisan group of CA legislators presses state on gasoline , diesel reserves || Huawei bets big on world action driving with 18 billion yuan push || Treasury Sanctions Chinese Refinery and 40 Ships in Sweeping Iran Oil Crackdown || I Told A Room Full Of Cops That I Broke The Law | The Daily Caller || High - quality development offers new opportunities for China - Britain cooperation : official || AI chip surge elevates Taiwan , Korea in global equity rankings || China lifts countermeasures against two EU financial institutions - Xinhua || China & New Five - Year Plan : Beyond Economics || Q4 Results 25th Apr Live : AXIS Bank , IDFC First Bank , India Cements , RBL Bank , SBFC Finance , UCO Bank to announce Q4 results || Investments in nuclear weapons production surge – report || White House accuses China of copying American AI models in  industrial - scale  campaign – The Mercury News || Hormuz crisis throws spotlight on world largest  chokepoint  - the Straits of Malacca || AP News in Brief at 12 : 04 a . m . EDT || PH must  choose dialogue  in sea row | The Manila Times || Iran Rights Group Says 3 Teenage Protesters Could Face Execution || Hubei to boost role in central region growth || The Hormuz billion - barrel oil shock is about to crash demand || AP News in Brief at 11 : 04 p . m . EDT || CNN Zakaria to Trump : make concessions || Electric vehicles , flying cars centre stage at Auto China || Google Says 75 % of Fresh Code Now Generated by AI || Sally Rooney : Fragility of global fuel systems strengthens the case for rationing || Palantir USDA Deal Could Really Be About Clawing Back U . S . Farmland From China || Global musicians go east as China becomes a major touring destination || China global EV push reflects its ambition - and harsh economics at home || A wartime economy would be different this time - Hawaii Tribune - Herald || ( Hello Africa ) China - Kenya partnership unlocks geothermal potential of Great Rift Valley || Commercial diplomacy in an era of geopolitical fragmentation || Abia Lawmaker Declares Interest To Replace Deputy Speaker , Kalu – THISDAYLIVE || US Treasury  Economic Fury  Targets Global Network Fueling Iran Oil Trade And Shadow Fleet – Eurasia Review || After call from Beijing , China auto industry races to embed AI in just about everything || Chinese , Thai FMs hold 3rd consultation mechanism meeting || AP News in Brief at 9 : 04 p . m . EDT || How a regional warmonger came to host US - Iran peace talks || Column : China - Laos ties at 65 continue to move forward || Moneycontrol Pro Weekender | Unstable Equilibrium || The Billion - Barrel Hormuz Oil Shock Is About to Crash Demand || Graticule Levinson  Open  to Iran Resolution Ahead of Rally || Stock picks of the week : Stock picks of the week : 5 stocks with consistent score improvement and upside potential of up to 28 % || Vietnam economy maintains strong momentum amid global uncertainties : AMRO || Tether $344 million USDT freeze linked to U . S .  Economic Fury  against Iran regime || Live updates : U . S . envoys heading to Pakistan with uncertainty over Iran talks || EU Continues To Push For Shipping Carbon Levy || Bangkok Post - The paradox of plenty || US targets Chinese refinery in sweeping Iran oil crackdown , sanctions  shadow fleet  tankers || AI chip surge elevates Taiwan , South Korea in global equity rankings || US naval blockade strains Iran already fragile economy | International || US House panel clears 20 measures to curb China chip ambitions : Report || Microsoft Thins the Ranks of Experienced American Workers with Early Retirement Plan"
2026-04-26,105,"How they voted : NC congressional votes for the week ending || China accused of weaponising airspace to block Taiwan president Africa visit || Sabah intensifies efforts to enhance investment climate , address infrastructure challenges || The exits America ignored : Why Islamabad is the last chance || All of his assumptions proven wrong , Donald Trump is Iran newest hostage || U . S . hunting for explosive mines in push to clear Strait of Hormuz – NBC New York || Live : The Latest : Trump says he called off dispatching envoys to Iran talks || Lai thanks Eswatini in video address for its support of Taiwan || Coupang founder faces mounting calls for stricter FTC scrutiny || Xinhua Headlines : Love - themed local festival in China gaining national fame || School Assembly News Headlines ( April 27 , 2026 ): NITI Aayog New Vice Chairman & Members , Heatwave Alert , Global Tensions , GDP Growth , IPL 2026 , NEP Reforms , GDP Growth , AI Mission || Nvidia , Palantir , Super Micro Computer : High - flying stocks could stall soon || China zero - tariff policy seen as strategic pivot for African exhibitors at Zimbabwe trade fair || Trading Desk Notes for April 25 , 2026 || Ghana , Tanzania Unite on IUU Fishing and Ocean Governance || ZhejiangPictorial | New rural tourism initiatives in Hangzhou inject vitality into spring economy || Iran war : Trump cancels envoy trip to Islamabad || U . S . hunting for explosive mines in push to clear Strait of Hormuz – NBC Connecticut || The tortoise and the hare : will China beat the US in the race back to the moon ? || Deluded or Determined ? Why F1 CEO is Ignoring a Massive Slump in Fan Support || U . S . hunting for explosive mines in push to clear Strait of Hormuz – NBC4 Washington || New £89m bridge to  world most dangerous country  to open in June | World | News || US says it hunting for explosive mines in latest push to open the Strait of Hormuz || One year after  Liberation Day : What Trump tariffs actually dd to your portfolio || Editorial | Do more to preserve Hong Kong natural heritage amid holiday crush || Brick - and - mortar bookstores turn to digital tools to reconnect with readers || U . S . hunting for explosive mines in push to clear Strait of Hormuz – NBC 5 Dallas - Fort Worth || Breakfast @ Tuoi Tre News – April 26 || Morocco new model economy - Taipei Times || Is the Vanguard FTSE All - World ex - US Index Fund ETF ( VEU ) the Smartest Investment You Can Make Today ? || US says it hunting for explosive mines in latest push to open the Strait of Hormuz | News , Sports , Jobs || Former MIT president says the US is losing the innovation race to China || Lianlian DigiTech Returns to Money20 / 20 Asia to Expand Partnerships , Share Industry Trends , and Explore AI - Enabled Global Financial Infrastructure || GRS respects Usno exit , says Masidi | Borneo Post Online || US says it hunting for explosive mines in latest push to open the Strait of Hormuz - Boston News , Weather , Sports || The Latest : Trump says he called off dispatching envoys to Iran talks || Glenn Beck drops 20 brutal proofs Canada is no longer a free nation || 139th Canton Fair Phase 2 Introduces New Product Zones , Reflecting Evolving Lifestyle Trends || Taiwan detects 28 sorties of Chinese military aircraft , 8 vessels around its territory || U . S . hunting for explosive mines in push to clear Strait of Hormuz – NBC Bay Area || Potholes , patches and why the Persian Gulf war affects rural road re ... || India Population Problem – Sri Lanka Guardian || Dining across the divide :  In France wed be at each other throats , but in the united kingdom you say the most horrible things , smiling  | Life and style || German auto industry faces even tougher competition as China economy slows || Iran foreign minister leaves Pakistan , then Trump cancels U . S . delegation travel || 139th Canton Fair : Creativity and Innovation Sparks New Possibilities in Gifts & Decorations Category || Iran War , Strait of Hormuz Closure Forces Embrace of Renewable Energy || Tesla FSD Beware : XPENG Autonomous Driving Is Already Ahead In China || Canton Fair highlights new momentum in China - Germany intelligent manufacturing cooperation || India plans global diplomatic push across Europe , Africa , BRICS and Quad in May || Roundup : China zero - tariff policy seen as strategic pivot for African exhibitors at Zimbabwe trade fair || U . S . says it hunting for explosive mines in latest push to open the Strait of Hormuz || US says it hunting for explosive mines in latest push to open the Strait of Hormuz - Las Vegas Sun News || How China effectively aligns industrial upgrade with consumption boost -- China Economic Net || Love - themed local festival in China gaining national fame -- China Economic Net || Osaghae : Economic Diplomacy Remains Nigeria Best Strategy for Global Influence – THISDAYLIVE || US freezes $344 million in cryptocurrency said to be linked to Iran || American  Micro - Militarism  | naked capitalism || Bangladesh diplomatic success at UN : resolution on bioeconomy adopted || Why International Stocks Could Massively Outperform U . S . Equities in 2026 || X account @ BRICSinfo needs global scrutiny , as it appears to be part of a shadow narrative against China , Russia , and Iran || Jay McInerney reflects on success , mortality , cocaine || China - Kenya partnership unlocks geothermal potential of Great Rift Valley || In case you missed it : Army need in KZN to fight crime | Lesufi on Madlanga commission claims | Lack of trust in IEC || No quick or easy answers to the global refining crisis as Hormuz blockade continues || How they voted : Ryan , Riley on regulating broadband projects , 9 - 1 - 1 system outages || Trump and Hegseth gamble with American lives by purging military leadership - Las Vegas Sun News || AI And Iran Will Test New Bank Of Korea Head || Lotus Technology ( LOT ) Reports Q4 revenue of $163M || He has the market in a chokehold : Stocks swing as Trump posts | National || The end of EPA endangerment finding is bigger deal than the Iran war * WorldNetDaily * by William Murray , Real Clear Wire || China Focus : Brick - and - mortar bookstores turn to digital tools to reconnect with readers - Xinhua || China Quiet Advance in Antarctica Raises Strategic Alarms – Sri Lanka Guardian || The Petrodollar Illusion Is Fraying as the Dollar Real Power Moves Offshore – Sri Lanka Guardian || Trump trade team tough words on Canada trade are bluster || Scores of Forest Service plans could be upended after Boundary Waters mining vote || Zimbabwe should invest more on energy projects to be an energy powerhouse under a single Africa energy market || China strengthens protection of rights , interests in new occupations - Xinhua || Newsquawk Week in Focus : Fed , BoJ , BoE , ECB , BoC , US PCE , GDP and ISM mfg . PMI || Iran has suffered a major strategic defeat despite surviving || At WDO Assembly , Nigeria Raises Stakes in Cross - Border Standards – THISDAYLIVE || Fed to lead uneasy G - 7 as rates stay on hold this week || India Could Help Taiwan Cut China Reliance : Report || High - quality development offers new opportunities for China - Britain cooperation || Superpower Suicide and the Law of Unintended Consequences : Weekend Policy Forum || Pahang had a constitution long before colonial rule – why dont we know about it ? || Trump  Anaconda Plan : the US plan to strangle Iran into signing deal || Why  China Shock 2 . 0  narrative is a distortion of China growth -- China Economic Net || Across China : Digital tools help bridge reading gap for rural Chinese children - Xinhua || Forget Tariffs ! This Is the Single Greatest Threat to the Trump Bull Market , and It Expected to Become a Reality on May 15 . || Letters : A salute to Calgary Flames goalie Dustin Wolf  class act || US Energy Exports Smash Records as Hormuz Blockade Creates Global Supply Crisis || After call from Beijing , China auto industry races to embed AI in just about everything || Traditional plant extract may treat bone and mood disorders in postmenopausal women || U . S . hunting for explosive mines in push to clear Strait of Hormuz – NBC Los Angeles || The Iran War Is Accelerating the Renewable Energy Transition Just Not in the U . S . || Xinjiang GDP hit over 482b yuan in first quarter || Negotiations are rarely linear : Why Washington and Tehran both trust Islamabad to host talks || Hong Kong IPOs in 2026 have raised HK$140 billion : finance chief || Silver Economy : Brazilian Senior Citizens Generate US$ 400 Billion Every Year || Sabah women brainpower hard to ignore || China Blocks Taiwan President Africa Visit : EU Lawmakers React || US targets Chinese refinery in sweeping Iran oil crackdown , sanctions  shadow fleet  tankers || He has the market in a chokehold : Stocks swing as Trump posts || Afreximbank Targets Mineral Value Chain in DRC"
2026-04-27,186,"Rupee slide costs RBI $40 billion || Digital tools help bridge reading gap for rural Chinese children _ Guangming Online || Indian free - trade agreement due for formal signing in New Delhi || China accused of weaponising airspace to block Taiwan president Africa visit || China stabilizer role in global supply chains reinforced amid turbulence || Week Ahead for FX , Bonds : Major Central Bank Meetings Due as Middle East Conflict Continues || Is economy lagging behind military , diplomatic success ? || India and New Zealand sign a free trade agreement || How Gold and Regional Rivalries Drive the War in Sudan || Japan at a Crossroads : Article 9 Debate and the Shift from Pacifism to Military Power || Editorial | Malaysia bourse pact extends Hong Kong outreach to Southeast Asia || AI is coming for our aging parents , ready or not || A recipe for disaster : bad cake exposes China  ghost bakeries || Abolishing South Africa birth certificate regulations will boost tourism || Taiwan detects 7 sorties of Chinese aircraft , 9 vessels around itself || US stocks drift in early trading as crude oil prices rise || Demographic shifts from blue to red foretell doom for Democrats | The Arkansas Democrat - Gazette || Top Fintech Stocks To Keep An Eye On – April 26th || For true nari shakti , take jobs where women workers are || In a fractured world order , where does the Global South fit in ? - Academia || Brick - and - mortar bookstores turn to digital tools to reconnect with readers -- China Economic Net || Trump advances  Buy American  arms sales plans || Dow Jones Top Markets Headlines at 5 AM ET : Oil Pushes Higher as Stalled Peace Talks Weigh on Sentiment | Aborted ... || Asian Markets Trade Mostly Higher || General Dan Caine prevents Trump from nuking Iran concurrently with the issuance of  Palantir manifesto , by Alfredo Jalife - Rahme || SANJAYOVACHA | Policymakers Need Fresh National SWOT Analysis || Striving , not sinking : The hidden vitality of China youth in transition - 南海网 || King Charles has been handed 8 potential US State Visit problems by Starmer | Royal | News || India - New Zealand FTA to drive trade growth and economic certainty : Todd McClay || Sun Pharmaceutical Industries jumps 7 % on $11 . 75 bn Organon & Co . buyout | Indiablooms - First Portal on Digital News Management || Here are the 3 big things were watching in the stock market in the week ahead || China to revise Agriculture Law to accelerate building of agricultural powerhouse || China 6 Billion Trips a Year : Inside the World Largest Tourism Machine || Global financial order in transition || China Surpasses US in Research Spending – The Consequences Extend Far Beyond Scientific Ranking and Clout || Symposium mulls the future of Taiwan || Anta : The Chinese sports brand taking on Nike and Adidas || MetroTrans 2026 wil lauch in Guangzhou , China - save the day : 9 – 11 Nov , 2026 || ET Awards : Chandrababu Naidu sees no threat to South , asks why oppose women reservation || ZhejiangPictorial | New rural tourism initiatives in Hangzhou inject vitality into spring economy || U . S . Tourism at a Crossroads as Global Travel Booms Without America || Germany  Swarm Power Plant : A New Frontier in Green Energy Innovation || New Lepas L8 2026 review : needs to undercut the VW Tiguan to have any appeal || Oil price shocks threaten inflation , taka stability : CPD || More than 30 toys recalled for asbestos since start of year || Morning Briefing : April 27 , 2026 || Iran has a valuable new hostage : Donald Trump || Brazil Agribusiness Q1 Hits Record US$38 Billion || Series of visits shows Beijing anchoring role || Governing The Digital Economy : Africa Shift From Connectivity to Control | Africa News || WEPACK 2026 Concludes on a Record High , Reinforcing China Role at the Heart of the Global Packaging Industry || The economics of American victory in Iran || Today Happenings : April 27 , 2026 - South Peace News || China retains stable supply of fertilisers || Stock recommendations for 27 April from MarketSmith India || Brick - and - mortar bookstores turn to digital tools to reconnect with readers || India pivot to the global race for AI diffusion could grant the country leadership of an important effort || Series of visits seen as sign more nations place confidence in China || China - Japan tensions a boon to Hong Kong tourism for  golden week , expert says || Mall mania : Paragon , i12 Katong change hands ; White Sands up for grabs || Top stocks to buy : Stock recommendations for April 27 , 2026 week - check list || Mid - career middle - aged middle managers – watch out , the robots are coming || Dow Jones Top Markets Headlines at 9 AM ET : Stock Futures Down , Oil Climbs After Peace Talks Stall | Moody ... || Taiwanese tour operators agree to raise travel quality standards || European futures point to a contained open as Crude firms - Newsquawk EU Market Open || Sun Pharma shares jump over 4 % after firm announces $12 billion Organon acquisition || China commends Moody affirmation of its A1 credit rating , outlook upgrade || Is US Supremacy Declining ? Rise of Multipolar World Amid West Asia Conflict || Asia week ahead : Japan rate decision and key data from China and Australia | Hellenic Shipping News Worldwide || Critical Review : Meridian Holdings Inc . Common Stock ( NASDAQ : MRDN ) versus CCC Intelligent Solutions Holdings Inc . Common Stock ( NASDAQ : CCC ) || Cold War II Has No Script Part 1 || How Should Southeast Asia Respond To Carney Davos Clarion Call ? – Analysis – Eurasia Review || Close the Gap launches circular economy hub to fight e - waste || China Industrial Profit Growth Accelerated in First Quarter || China industrial profit growth quickens || Bosch , Chery Deepen Cooperation , Leading Mass Production of 48V Vehicle Architectures || GE Jun 2026 Grain Rain Speech Held in Hangzhou , Establishing a  Global Shared Office  to Support Private Enterprises in Going Global || 【 AICC Original Article 】 Empowering All with Intelligence , Creating a Thriving AI Ecosystem in Jianghuai  Artificial Intelligence Innovation Matchmaking Event Held || One in five of all new jobs created globally in 2017 are attributable to Travel & Tourism || JAC Group Debuts at Beijing Auto Show , Unveils Industry First CV Quality Inspection Large Model || China bars foreign investment in Manus AI project as scrutiny on AI exports grows · TechNode || Sri Lanka rejects High Commissioner Written Update and reaffirms commitment to pursuing human rights through domestic institutions - Permanent Mission of Sri Lanka to the UN Geneva Switzerland || Conference on China 2025 Intellectual Property Development || Stock Market Today : Dow Jones , S & P 500 Futures Fall As Trump Halts Iran Talks Organon , SAP , Cheetah Net S || Energy supplies are crashing : What must Sri Lanka do ? || Japan can build the free world defense industry || Lenovo prepares to produce 2m units annually from Riyadh factory by 2026 || Chinese migrants may flee Tibet as tourism stalls || Forget  fiscal discipline , record govt debt is here to stay : McGeever || Remoaners and Civil Service allies love these two claims – but they fall apart instantly | Politics | News || Putin pain : The walls are closing in on Russia || Brahma Chellaney On Taiwan : Iran war altering China playbook || Trump Is Right Iran Has No Cards as Blockade Clock Ticks Down to May || China Hangzhou develops rural cultural tourism projects to attract tourists || China metals industry racked up huge profits in first quarter || Dozens of toys recalled in the united kingdom after asbestos found in play sand || Inside the Marshall Island Quiet Tourism Strategy Backed by Taiwan || MACAU DAILY TIMES 澳門每日時報CE wraps Europe tour , touts deeper ties in trade , tourism and high - tech sectors || Asiana Airlines Launches Seoul – Budapest Route , Boosting Hungary – South Korea Travel and Trade || Interview : Cambodia - China friendship provides win - win cooperation , shared prosperity - Xinhua || Rising maritime threats test global trade lifeline || Global power $8tn pipeline faces a buildability test || Somali Fraud Is Only A Drop In The Bucket | The Daily Caller || U Power Limited Announces Private Placement of $25 . 7 Million || Trump Bull Market Faces Major Threat , Expected Reality by May 15 || US Sanctions On Oil Refinery In China Over Secret Iranian Oil Purchases || £15 , 240 saved in a Cash ISA in 2016 is now worth … || LVMH - owned leather - maker linked to deforestation pushes to weaken EU green law || Stock picks of the week : Stock picks of the week : 5 stocks with consistent score improvement and upside potential of up to 25 % || The Latest : Iran offers to reopen Strait of Hormuz if US lifts blockade and war ends , officials say || Indonesia pushes digital IP shift with China collaboration || Iran War Disrupts Global Tourism : Flights Cut , Costs Rise , and Industry Faces Leadership Crisis || What to expect at ITB Berlin 2018 || Mood in Russia turns bleak as war in Ukraine drags on , economy suffers || The rising Chinese carmaker not named BYD || Why Global Brokerages Are Downgrading Indian Equities Despite Growth Potential || Analyst : Putin May Try To Push Iran Into Nuclear Concessions || After two months , American victory in Iran is further than ever || Apple next era : After Tim Cook dream run , new CEO has to help the company catch up | Business || Mercantilism : China and Beyond - LewRockwell || Markets close in green despite oil price surge , geopolitical tensions || RBI cancels paytm payments bank banking licence || Energy independence means more renewables - IrishDentist . ie || US - Iran truce talks hit roadblock : What it means for Gulf , Trump , West Asia | Shishir Gupta explains || Sensex Today | Stock Market Live : Nifty opens above 24 , 000 , Sensex up 400 pts ; Sun Pharma up 2 %, Axis Bank falls || FTSE flat as oil climbs , Iran talks in focus || Investors ignore failed peace plans || Seeds | VOLANT Secures $300 Million in Series C Financing || AI Lobbying : AI firms flex lobbying muscle on both side of Atlantic , ETTelecom || ET Awards :  Invest in the idea of India , by India , for India , say top CEOs amid West Asia conflict || India and New Zealand sign a free trade agreement to deepen economic ties || Brad Setser 习近平让全世界为中国的错误买单 - 博客 || Dont celebrate the IMF outlook just yet : How resilient is India growth story in a fractured world ? || Ficci president : The India – New Zealand FTA is about a lot more than expanding bilateral trade || The Iran war has the world buying more clean energy . China stands to benefit the most || Trump trade team tough words on Canada trade are bluster || Maruti RC Bhargava warns against  EV - only  path ; champions biogas for India net - zero goal || China and Georgia agree to upgrade free trade agreement || Steady Start Eyed For China Stock Market || China to revise Agriculture Law to accelerate building of agricultural powerhouse - Xinhua || The unique situation of America best kept secret in the US national immigration reform || Exclusive | Daniel Gros on what China can learn from the euro as it works towards a global yuan || China strengthens protection of rights , interests in new occupations -- China Economic Net || Nelly Korda wins LPGA Chevron Championship || EMEA Morning Briefing : Traders Assess Stalled U . S .- Iran Talks || UL CEO Jennifer Scanlon on product safety , counterfeiting , and AI || China automotive development path provides footnote to  people - centered  approach || Chickens in prams and nappies ? Inside China bizarre but booming pet trend || Dow Jones Top Energy Headlines at 12 AM ET : U . S . Delegation Will Head to Pakistan for Talks With Iran . Oil Prices Settle Below $100 . | X - Energy ... || Digital tools help bridge reading gap for rural Chinese children || Moody Upgrades China Outlook , Citing Resilience in Face of Challenges || China Pulled Deeper Into Iran As Trump Talks Stall || JXQ AI Forum 2026 Unveils New AI - Driven Growth Paradigms for Industry - City Integration in the 15th Five - Year Plan Period || Boston Michelle Wu Is a Model Wartime Mayor in Trump Era || Markets Open Higher ; Nifty Above 24 , 000 Despite Crude Surge || Google to build first - of - its - kind AI campus in South Korea || Chinese cars brands lack originality , making many models almost seem fake || Hungary Political Shift Could Redefine Ties With Serbia and Weaken China and Russia Balkan Network || Forget Tariffs ! This Is the Single Greatest Threat to the Trump Bull Market , and It Expected to Become a Reality on May 15 . || China April Passenger Vehicle Retail Sales Projected to Reach 1 . 42 Million Units || Digital tools help bridge reading gap for rural Chinese children -- China Economic Net || Raja Venkatraman , MarketSmith recommend four stocks for 27 April || Nation sees new wave of innovation leaving mark || China strengthens protection of rights , interests in new occupations -- Beijing Review || Firms Staff Up EM Bond Desks as Demand Grows || Analysts see 24 , 400 - 24 , 600 target for Nifty in next few sessions on easing geopolitical concerns || Taiwan to receive largest group of Chinese tourists || CR Building Material Margin Under Near - Term Pressure Amid Soft Cement - Selling Prices || The Green Hydrogen Dream Is Slipping Further Out of Reach || Taiwan , S Korea climb global equity ranks on AI || Key Market Events for the Week of April 27 – May 1 , 2026 || Acko $250 million IPO ; Infosy market cap plunge || Quhuo Partners with Wons to Expand AI Data Collection and Training Services , Broadening International Reach || India - New Zealand Business Meet : Agra to become the  Shoe Capital of the World || Foundation Future Industries wins $24M Pentagon contracts for humanoid robot soldiers , backed by Eric Trump and tested in Ukraine || Can White People Survive Without Racism ? || China retains stable supply of fertilizers || Trump Iran showdown is becoming Europe political nightmare – POLITICO || Opposition failed Nari Shakti Vandan Adhiniyam || China and the united kingdom Economy Committee || Spring meetings in US and economic autumn in Pakistan || Further Japanese co - op a  positive sign  - phnompenhpost . com || China cross - border e - commerce offers opportunities || Outbound travel bookings for May Day holidays remain strong || China industrial profit growth quickens even as Iran war heightens risks || Statement delivered on behalf of the Asian Group and China by Ambassador Sarala Fernando , Coordinator - at the Commission on International Trade in Goods and Services , and Commodities - 06th February 2006"
2026-04-28,153,"Viral video sparks worry over Indian workers training their own replacements || India economic reset : An imperative as numbers begin to speak || UNGA President Baerbock Pays Tribute to Mahatma Gandhi || IATA on COVID - 19 : Coronavirus Impacts || Is Reality Finally Catching Up With Financial Markets ? || Building Food and Energy Resilience After Iran War | World Resources Institute || Why Britain is so poor – and will get poorer || CF Energy Corp .: CF Energy Announces Financial Results for the Year Ended December 31 , 2025 || Trump pursues new import taxes to replace the tariffs the Supreme Court rejected || Lam Research and Vishay Intertechnology Shares Plummet , What You Need To Know || Canadian Prime Minister Claims All Nations Tell Him Privately They Regret Making Trade Deals with President Trump || Silverstein : Path to clean energy in dangerous waters || Japan : mass demonstrations against militarism – which way forward ? || Photo exhibition in Vladivostok showcases progress in Chinese modernization - Xinhua || New Freelander 8 : huge SUV is coming to the united kingdom , just dont call it a Land Rover || Why Cost Per kWh Is The Wrong Way To Price Grid Batteries || From Caesarea to the Moon | The Jerusalem Post || Dongguan industrial woes : China manufacturing sector faces tough time || Nothing makes MAGA abandon  America first  like fast fashion || Indian Markets Close Higher Amid Oil Price Surge || Why anxieties are rising over the Malacca Strait , Asia key shipping route || Qatar plays stabilising role in global economy : Envoy || Gold price prediction today : Will upside in gold be capped due to rising oil prices ? Check April 28 , 2026 outlook || How China block of AI deal could stop  Singapore - washing || Meta to backtrack acquisition of AI firm Manus after China block : Report || Monolithic Power Systems and Texas Instruments Stocks Trade Down , What You Need To Know || Sungrow Hosts GRES 2026 , Showcasing Value - Driven Innovation Across Full Energy Scenarios || Misreading global economic risks - The HinduBusinessLine || Immediately Restore Freedom of Navigation through Strait of Hormuz , Speakers Urge in Security Council Condemning Critical Waterway Use as  Bargaining Chip || Small Oregon businesses are skeptical of Trump tariff reimbursements || Liberation From War , by Manlio Dinucci || Business Travel China : Slower rates than in previous years || China decision to block Meta - Manus deal shows how far Washington and Beijing are drifting over AI || Equipment , high - tech manufacturing boost China industrial profits _ Guangming Online || The Global South moment to shape rules - Academia || UNGA chief Annalena Baerbock pays homage to Mahatma Gandhi at Rajghat || China top leadership body vows to continue to expand domestic demand || Little Movement Seen For China Stock Market || Sungrow Power : Beyond Simulation : Sungrow Completes World First Large - Scale Full - Condition Grid - Forming Extreme Test || Promising Chinese Stocks To Watch Today – April 27th || China to grant zero - tariff treatment to all African countries with diplomatic ties - Xinhua || Is a Permanent U . S . Blockade of the Strait of Hormuz Part of a Much Bigger Plan ? || Op - Ed : Beyond dumb – Dismissing the National Science Board is bad strategy of the potentially fatal kind || Chinese cars still lack authenticity and originality , theyll need both for true world domination || FinancialContent - Why Applied Materials ( AMAT ) Shares Are Falling Today || China commends Moody affirmation of its A1 credit rating , outlook upgrade || Sinking AI stocks and higher oil prices weigh on Wall Street || Ucore Rare Metals Inc .: Ucore Rare Metals Grants Incentive Stock Options || Chinese sportswear brand is emerging as a rival to Nike and Adidas || India , New Zealand ink trade deal | The Arkansas Democrat - Gazette - Arkansa Best News Source || FinancialContent - Skyworks Solutions and Universal Display Shares Are Falling , What You Need To Know || China vows to counter shocks even as economy withstands war || Top 10 wealthiest countries by GDP per capita in 2026 India GDP per capita IMF World Economic Outlook April 2026 || Donald Trump Lose - Lose Negotiations with Iran || China adds new majors to higher education catalog for national development needs || US Military Strategy Document Misleads . Deliberately ? || Xi chairs CPC leadership meeting on economic situation and work || Equipment , high - tech manufacturing boost China industrial profits -- China Economic Net || Grand Launch of HKMA Elite Marketer Alumni || China faces a France - sized demographic loss that threatens coastal growth : analysts || Marape begins three - day visit to China , PNG targets investment opportunities || Publication of Summaries of Solvency Reports | Company Announcement || BRICS explores expanding Global South integration || China pledges to strengthen energy security , economic self - sufficiency || Taiwan - Vietnam trade prospects - Taipei Times || Sorry , Media : China Is Not the Big Winner in the Iran War || Very Bad For Global Economy If War Continues || Sungrow Power Supply Co ., Ltd .: Sungrow Hosts GRES 2026 , Showcasing Value - Driven Innovation Across Full Energy Scenarios || FinancialContent - Nova , Analog Devices , and Qorvo Shares Are Falling , What You Need To Know || China Leaders Urge Self - Reliance to Combat Economic  Difficulties || EAM Jaishankar and UNGA President discuss reformed multilateralism , SDGs and West Asia conflict || America Might Is on Display in Iran | The American Spectator || AI regulation set to become US midterm battleground || Strategic Entry into Offshore Gabon | Company Announcement || tata consumer products : These large - caps have  strong buy  &  buy  recos and an upside potential of up to 25 % || China wants to host Portuguese start - ups || China commends Moody affirmation of its A1 credit rating , outlook upgrade -- Beijing Review || EU Adopts 20th Package Against Russia & Parallel Sanctions on Belarus | Mayer Brown || UNGA President Baerbock in India for Official Visit || NQ underperforms , DXY rises in tandem with Crude & BoJ shows hawkish vote split - Newsquawk US Market Open || UNGA President Baerbock to hold bilateral meetings with EAM Jaishankar during India visit on April 28 || Hang Lung Opens Westlake 66 , Hangzhou Newest Mixed - Use Destination With a Unique and Compelling Tenant Mix and Unmatched Quality || Asian Markets Trade Mostly Lower || Fed Set to Lead Uneasy G - 7 With Rates Kept on Hold This Week || The digital race : US - China rivalry in the AI sphere || S & P 500 and Nasdaq close at fresh records as tech leads quiet advance || X Launches Ad - Free  Private  Messaging App || We must step up efforts together to safeguard international waterways from disruption : united kingdom statement at the UN Security Council || UN Security Council decries Iran over Strait of Hormuz blockade || IndiGo flight lands in Guangzhou as airline resumes direct India - China services || Iran flurry of diplomacy continues in Russia , as Trump reviews Iran latest proposal || Futures Tumble On AI Spending Fears As Brent Hits 2 Week High || Record momentum , rising expectations : Uzbekistan eyes next growth wave || Markets close in green despite oil price surge , geopolitical tensions || ETMarkets Smart Talk | India expensive , Taiwan & Korea offer value : Nikhil Advani on global investing || China central bank guides banks to step up lending in April , sources say || China central bank guides banks to step up lending in April : sources || ESR sells majority interest in Japan logistics facilities to TPG || Aegon announces tender offer for five series of subordinated notes || Debashis Basu Hormuz Hopes Drive Market Surge - Rediff . com Business || China attempts to block Meta $2 billion acquisition of Manus AI company || Iran war begins to hit China economy as costs surge || Trump pursues new import taxes to replace tariffs struck down by Supreme Court || UNGA President Annalena Baerbock Pays Tribute To Mahatma Gandhi At Rajghat In New Delhi || Links 4 / 28 / 2026 | naked capitalism || Climb Bio , Inc . Announces $110 . 0 Million Private Placement || More nuanced approach to aging needed || China leaders pledge to strengthen energy security || China job market stable in Q1 , 2 . 99 million urban jobs added || Beyond Simulation : Sungrow Completes World First Large - Scale Full - Condition Grid - Forming Extreme Test || FinancialContent - Amtech , MACOM , and IPG Photonics Shares Plummet , What You Need To Know || ASSA ABLOY : Quarterly Report Q1 2026 || MetroTrans 2026 wil lauch in Guangzhou , China – save the day : 9 – 11 Nov , 2026 || 10 Most Popular Stocks on Robinhood in 2026 || Amtech , MACOM , and IPG Photonics Shares Plummet , What You Need To Know || Scores of Forest Service plans could be upended after Boundary Waters mining vote || House Republicans Warn That Bitcoin Weakness Benefits China || Niutech to Present Intelligent Continuous Pyrolysis Technology for European Circular Economy Closed - Loop at IFAT Munich 2026 || European Commission Proposes Industrial Accelerator Act : Prioritizing Strategic Sectors ,  Made in EU  Requirements and FDI Controls | Skadden , Arps , Slate , Meagher & Flom LLP || Food security focus of agri law revision || How progress undermines humanity || Andrew Holland :  Id Lean Towards 60 - 70 % in Largecaps || Greece enters European copper market || REPT BATTERO Unveils Flash - Charging Battery , Dual Solid - Liquid Hybrid Chemistry , and Next - Gen Commercial Vehicle Solutions || Memon : China MoUs significant milestone || UNGA President Annalena Baerbock arrives in India for official visit || Equipment , high - tech manufacturing boost China industrial profits || Meta to backtrack acquisition of AI firm Manus after China block || Trump pursues new import taxes to replace rejected tariffs || Japan prime minister launches a panel to review her country defense policies as threats escalate || The AI Revolution Is Mostly Marketing and Here the Proof It Overhyped || Russian scholars show interest in China AI tech , open - source models in Valdai Russian - Chinese conference in Shanghai || fCUT - Seq : A Novel Epigenetic Method for High - Resolution Profiling of Histone Modifications and Chromatin - Binding Protein Distribution in Fungi || [ Andrew Sheng ] Moving to stable , inclusive order || Kiwa Bio - Tech Products Group ( OTCMKTS : KWBT ) vs . Eastman Chemical ( NYSE : EMN ) Critical Review || Blooming azaleas boost tourism , industrial growth in SW China || China to expand injury insurance program for new - occupation workers - Xinhua || Choke Points and the Future of Naval Power | The American Spectator || Opinion | China rivals are learning the wrong lessons about its resilience || Gulf Resources , Inc . Receives NASDAQ Notice to Late Filing of Its Annual Report || America next big critical minerals source could be coal mine pollution – if we can agree on who owns it || Jaishankar Meets UNGA President Baerbock in Delhi || FinancialContent - Lam Research and Vishay Intertechnology Shares Plummet , What You Need To Know || The 19th Beijing Auto show Kicks Off : OMODA & JAECOO Hit One Million Units || UNGA President Annalena Baerbock pays homage to Mahatma Gandhi at Rajghat || Copper Mixed Signals Are Your Next Big Opportunity || CNBC Daily Open : Investors look past warning signs to send stock markets soaring || Shanghai on path to becoming zero - waste city || 纳芯微 ( 688052 ): 2025年度环境 、 社会及公司治理 （ ESG ） 报告 （ 英文版 ）- CFi . CN 中财网 || The grand transaction : Trump , Xi and the Iranian wildcard || Cassava demand surge turns crop into gold mine for Cambodian farmers || China pledges to strengthen supply chains , energy security as part of  systemic response  to external shocks || Obama - Biden Iran Negotiator Says Trump Doesnt Have Enough Experts , Bemoans  Genocide  in Gaza"
2026-04-29,159,"US freezes $344M in Iran - linked crypto , warns oil hub nearing breaking point || Global Times : From seawater to green hydrogen , and beyond , Qingdao charts a new growth path || China decision to block the $2 billion Meta - Manus deal shows how far Washington and Beijing are drifting apart over AI || US enacts new Iran sanctions targeting regime covert financial network || APEC  China Year  a strong response to global turmoil || Translation :  Why Do Urban Chinese Have So Many Misconceptions About the Countryside ? ( Part One ) || Trump pursues import taxes to replace struck - down tariffs || China top economic planner to enhance  China Service to lift high - end  Made in China || Taiwan detects 10 sorties of Chinese aircraft , 11 PLAN vessels , 1 ship around its territory || Trump pursues new import taxes to replace the tariffs the Supreme Court rejected || Will communist Cuba ever pay back the billions it confiscated ? || Trump pursues new import taxes to replace the tariffs the Supreme Court rejected - Las Vegas Sun News || Salt Cavern Hydrogen Storage Project Launches in Henan || AP Strange SummaryBrief at 10 : 00 a . m . EDT || Innovation , policy steps strengthen growth outlook || China urges Palestinian issue not to be  pushed to the margin – Middle East Monitor || A fresh financial crisis may be coming - it wont play out like the last one || LECTRA : Availability of quarterly financial information at March 31 , 2026 || US - Led Bloc Condemns China Pressure on Panama - Flagged Ships || China to Allow Higher Fuel Exports in May || AI and new era of cyber threats – Winnipeg Free Press || FinancialContent - Nvidia ( NVDA ) Stock Trades Down , Here Is Why || SunCar Technology Reports Financial Results for Full Year 2025 || Li Bang International Announces Regaining Compliance with Nasdaq Minimum Bid Price Requirement || U . S . Escalates Economic War on Iran , Sanctions Chinese Refinery and Shadow Fleet in Latest Crackdown – NaturalNews . com || US - Iran war : Will Pakistan pursuit of diplomatic weight help it stay relevant in world politics ?- The Week || California drone maker to spend billions of dollars as it expands manufacturing in the state || Moody upgrades Macau credit outlook , affirms  Aa3  rating || US imposes sanctions on 35 individuals , entities for aiding Iran sanctions evasions || China General Education Group Limited : China General Education Announces 2026 Interim Results || China urges restraint on Middle East at UN || Tariff - proof pay : How boardrooms made sure trade war didnt affect CEO comp || From poverty to wealth : X - raying China rapid economic growth - Blueprint Newspapers Limited || Consolidation of recovery highlighted || FinancialContent - AMD ( AMD ) Stock Trades Down , Here Is Why || The U . S . Wants to Ban China High - Tech Cars , but Theyre Already Here in El Paso || China Surging Economy Is a Major Problem for the U . S . – PJ Media || China to grant zero - tariff treatment to all African countries with diplomatic ties || Bitcoin Drops Under $76K As Investors Weigh Regulatory , AI Risk || Europe set for modestly firmer open after a slew of earnings , USD and Brent firm a touch on WSJ report - Newsquawk EU Market Open || Air China launces nonstop Beijing - Washington , DC service || Aegon publishes agenda for 2026 Annual General Meeting || Xiaoying View | 2026 Auto Show Observations : Chinese Solutions Go Global Amidst Similar Vehicles || China to grant zero - tariff treatment to all African countries with diplomatic ties -- Beijing Review || China calls for efforts to restore stability in Mideast || New York City lost nearly 5 , 000 businesses in spring 2025 || Sinking AI stocks and higher oil prices weigh on Wall Street || Travel+  Strategy Accelerates SOUEAST Global Expansion || Hong Kong Stock Market May Take Further Damage On Wednesday || Florida House again rejects Gov . DeSanti AI , vaccine measures || World largest car carrier delivered in China , boosting global auto transport capacity || China again touts benefits of union with Taiwan , Taipei rebuffs || US ramps up pressure on Iran with sanctions on 35 shadow banking entities || China adds new majors to higher education catalog for national development needs || Xi chairs CPC leadership meeting on economic situation and work || China to expand injury insurance program for new - occupation workers || Which State is the Largest Producer of Apples in India ? || Kenya farm industry praises duty - free access || IRAN WAR WEEK 9 , Day 5 , War Powers || China mega banks post increased profits in first quarter || Boeing forecasts demand in China for 6 , 810 airplanes valued at $1 trillion || FinancialContent - onsemi and Kulicke and Soffa Shares Plummet , What You Need To Know || Bangkok Post - Donald Trump and his tragedy of errors || Energy key to India national resilience : Sagar Adani || The U . S . wants to ban China high - tech cars , but theyre already here in El Paso || Li Bang International Corporation Inc .: Li Bang International Announces Regaining Compliance with Nasdaq Minimum Bid Price Requirement || Poster | China to grant zero - tariff treatment to all African countries with diplomatic ties || BYD Q1 profit falls 55 %, steepest drop in 6 years as China sales falter || Parcel volume growth signals China economic vitality - People Daily Online || Despite tariffs , global trade keeps growing – just with new partners || Takaichi and Japan Resist Chinese Pressure || China to hold summit in May to promote global trade , investment || Chery Himla pick - up earmarked for Malaysia , due here in Q2 / Q3 2027 – will it be the KP11 or newer KP31 ? || Nepal at a Crossroads : Power Shift , Arrests , and Rising US - China Rivalry || China steps up efforts to improve capacity , quality of service sector || US Flags Sanctions Risk Over China  Teapot  Refineries || DeepSeek V4 Signals a New Phase in the U . S .- China AI Rivalry | Council on Foreign Relations || Sino - European collaboration crucial for reshaping order || Delta launches new nonstop service between Seattle and Shanghai || From Oil To Critical Minerals : The Next Energy Security Risk || Stocks Set for Muted Open as Investors Await Big Tech Earnings and Fed Meeting ; Middle East Developments in Focus || Trump pursues new import taxes to replace rejected tariffs – NBC New York || Walls are closing in on Iran weakened regime || Honghub Unveils 2026 OPC Insight Report , Revealing China One - Person Company Boom and a 72x AI Labor Advantage || Neuroticism : Longevity vs . Happiness Evolution Trade - off || China hands over $56 . 5m ECOWAS headquarters in Abuja || From clicks to creation : How AI is fueling China micro - drama boom abroad || Oil rises on reports US will extend Iran blockade , prolonging Mideast supply disruptions || Ghana National AI Strategy Faces Questions Over Consistency , Governance Clarity || 2023 Coal Mine Methane Emissions Hit 35 Mt as 89 % Go Unreported , Ember Warns || XPeng AeroHT  Land Aircraft Carrier  Exceeds 90 Orders in a Single Day || Thunes and WireBarley Launch Real - Time Payment Solution for 1 . 1 Million Users Across Asia and Beyond || Kenya eyes deeper cooperation with China as Kalasha film festival opens - Xinhua || Surge in Bio Stocks ... TiumBio and ST Pharm Outlook Brightens on Solid Performance [ K - Bio Pulse ] || Gold , Silver , and the Coming Currency Wars : A wake - up call for financial sovereignty – NaturalNews . com || Oil rises on reports US will extend Iran blockade , prolonging Middle East supply disruptions || People - centered approach offers valuable lessons || Central banks  scoop up a load  of gold in bumpy first quarter || FinancialContent - Lam Research and Universal Display Shares Are Falling , What You Need To Know || FinancialContent - KLA Corporation and NXP Semiconductors Shares Are Falling , What You Need To Know || What China holds in store for Apple new CEO || China zero - tariff treatment for all African countries with diplomatic ties takes effect on May 1 » Capital News || CCP Races to Secure Oil as Hormuz Blockade Triggers  Energy Crisis || BYD posts steepest profit drop in six years as China sales falter || 仙鹤股份 ( 603733 ): 仙鹤股份有限公司2025年度可持续发展报告 （ 英文版 ）- CFi . CN 中财网 || The Catfish Strategy : Why America Should Let Chinese EVs In || US economic gap over China to widen , but Iran might bring them closer : former UN official || BYD profit slumps as its car sales in China falter || China factory activity set to expand at a slower clip in April : Reuters poll || Can Russia serve as an economic lifeline for Iran amid the Hormuz blockade ? || FinancialContent - Why Vishay Intertechnology ( VSH ) Shares Are Trading Lower Today || Gold steady as markets await Powell comments on Iran war impact || NYT  gerontocracy  attack : Why they want your kids to hate you || 10 Best Biotech Stocks with Highest Upside Potential || Sinking AI stocks and rising oil prices weigh on Wall Street || US Flags Sanctions Risk Over China || FinancialContent - Penguin Solutions and IPG Photonics Stocks Trade Down , What You Need To Know || CGTN : What China strong start to the 15th FYP period signals || Bangkok Post - Thailand need for AI sovereignty || China property prices crash to 2005 levels : Could India face a similar housing slump ? || Markets today : Wall Street hit by slumping AI stocks and rising oil prices ; ASX set to fall || China Focus : Xi chairs CPC leadership meeting on economic situation and work || Lessons in how to build AI agents from Bloomberg CTO Shawn Edwards || Cheaper , cleaner electric trucks overhaul China logistics || Women Investors Deliver Higher Returns With Less Risk A Lesson For Volatile Markets || US intensifies pressure on Iran with $344 million crypto freeze amid warnings over Tehran oil exports || Oil slips as market digests UAE exit from OPEC , supply concerns linger || AMOEBA : Amoéba has obtained a new emergency authorization for the use of the AXPERA biocontrol solution to protect French vineyards || AI token boom gives new value to northwest China computing hub || Beijing seminar eyes AI as key to development of internet sector || Asian Stock Markets Show Downward Trend – The Indian Awaaz || Why Dhaka too needs to send a political envoy to New Delhi || Lower Open Called For China Stock Market || Is the Treasury Market Responsible for Financial Instability ? || Britain Summons Iranian Ambassador Over Social Media Posts || Trump pursues new import taxes to replace rejected tariffs – NBC10 Philadelphia || HK star on the rise with key space mission roles || Stocks Pressured by Higher Oil Prices || Update : China to grant zero - tariff treatment to all African countries with diplomatic ties || From  Passive Response  to  Active Service : iFLYTEK Reconstructs a New Paradigm for Smart Cockpits || US Hits Iran  Shadow Banking  Network With New Sanctions || Mariana Mazzucato :  The years of US dominance are over . Were seeing the end of the Roman Empire  | Economy and Business || Gold to clinch $8 , 000 in just 5 years ? Germany Deutsche Bank makes bold prediction || China Pharmacy Market Growth Driven by Expanding Healthcare Infrastructure || Govt rolls out plan to turn  silver  into gold || Columnist George Will Drops 50 Years of Support for Mass Migration || Chinese Propaganda Outlets Jump Into Crusade Against Data Centers as Beijing Races To Achieve AI Supremacy || [ Gasgoo Express ] Hongqi Deepens Cooperation with Unity China ; Reports Suggest Shell to Build New Pure Electric Concept Car || Economists Rethink Chinese Forecasts as AI Fires Up Import Surge || Will Emerging - Market Pioneer Mark Mobius Be Vindicated ? || Spending without borders -- Beijing Review || Lorne Gunter : No sovereign wealth in Carney Canada Strong Fund || Trump Says Iran Wants The US To Open The Strait Of Hormuz || OPEC shock as UAE leaves oil cartel days after negotiating swap lines With Scott Bessent Treasury || EQS Newswire : Shenzhen Xunce Technology : Behind HK$351 Target Price from Deutsche Bank : Xunce ( 03317 ) ARR Surges 300 % QoQ || South Korea precarious balancing act - The Business Times || Polarizable Nanodomains Boost Energy Storage in Ceramics || SpaceX IPO : Potentially Millions of Retail Investors Will Make This Costly Mistake -- Dont Be One of Them || Understanding China zero - tariff policy on goods from 53 African countries – Daily Trust"
2026-04-30,158,"Chinese ports start more direct routes to Africa as trade ties deepen | Hellenic Shipping News Worldwide || Hong Kong pro - democracy publisher Jimmy Lai honored by DW || Why is market falling today ? Sensex slumps over 800 points , Nifty below 24 , 000 ; 8 key factors || U . S . Tightens Sanctions as Iran Admits Sting of  Major  Leadership Losses || Nasdaq Futures Plunge as AI Concerns Resurface , FOMC Meeting and Earnings in Focus || Permanent Demand Destruction May Be Coming for Oil . The Case for Renewables , Nuclear , and Coal Stocks Now . || China will meet its 2012 growth target , Premier Wen says || Successful robot trial of smart eldercare - 南海网 || Jackpot in the Mountains : The Lithium Surprise Hiding in Appalachia || The products used in the US most impacted by higher oil prices || China Shenzhen relaxes home buying rules to boost demand || China Loses Monopoly Over The Rarest Of Rare Earths || New York Times : Less Communism = Bad News || ECHEMI Announces Expanded Global Chemical Sourcing Solutions for International B2B Buyer || US War With Iran Has Cost $25 Billion , Says Pentagon || India entering new growth chapter ; AI to multiply productivity : BlackRock || President Trump Notes Extended Conversation with Russian Federation President Vladimir Putin || UK says it still open to Chinese tech after blocking major wind project – POLITICO || It the CIA fault | Big Lychee , Various Sectors || US shifted from  managing world energy  to  disruption : IRGC || Private Sector Struggles In Major Chinese Industrial Base As Export Orders Shrink : Local Businessmen || Policy support pledged to help sustain growth || Senators propose legislation to tighten US ban on Chinese vehicles || Limited deal to reopen Hormuz is most realistic path forward for US and Iran , says expert || China threatens to retaliate over EU self - reliance push || Stop asking if India is AI ready . Ask if your board is ready for India AI reality || China , Australia should jointly uphold multilateralism : Chinese FM -- China Economic Net || May Day travel frenzy unfolds in China with boosted consumption expected , underscoring sound economic fundamentals and domestic demand vitality || Europe is flailing , so why would Canada hitch its wagon to the EU ? || ASIA TODAY Israel intercepts Gaza - bound flotilla off Crete : 175 activists detained || China reaffirms support for Kingdom environmental protection measures || China Solar Exports Doubled In One Month As The Iran War Shook Oil Markets || China , Australia should jointly uphold multilateralism : Chinese FM || Cost of the US - Iran war revealed | Morning News Bulletin 30 April 2026 || Argus Raises its Price Target on BHP Group ( BHP ) to $95 || Fairmont to add Indonesia to global portfolio || Oil price shock from West Asia conflict accelerating shift to renewables : UN || Impact Of COVID - 19 On Automotive Air Conditioner Water Temperature Sensor , Market Report by types , applications , players and regions , Gross , Industry share , CAGR , Outlook 2026 || AIFC Showcases Panda Bonds , Investment Projects at Shanghai Business Forum || Little Movement Seen For China Stock Market || Volkswagen warns of more cost cuts as profits plunge || Empowering Businesses To Scale As Global Trade Evolves || Behind Tehran calm , Iran faces deepening economic collapse || China wont fight the US , but may still pay the price || China , Australia hold 8th foreign and strategic dialogue in Beijing ; expert says mechanism helps enhance mutual trust , sustain sound ties || China is Infiltrating the Anti - AI Movement || 3rd LD : China adopts revised Prison Law to strengthen prison management , improve inmate rehabilitation || Stock Market Today : Dow Jones Futures Drop , Nasdaq Gains As Trump Weighs  Short And Powerful  Iran Strike || Iran plots counterstrike to shatter Trump naval blockade IRGC warns US :  You are finished || Analyst testifies that  anti - freedom  Left in South Korea now controls media ,  levers of power  – World Tribune : U . S . Politics and Culture , Geostrategy , China , North Korea , Corporate Watch , Media Watch || German growth beats forecast but energy shock looms || Food security focus of agri law revision - 南海网 || What is carfentanil ? Elephant tranquilizer behind rising US deaths || How do Israel , China view their dispute over Iran || AerCap Holdings N . V . Announces Filing of Interim Financial Report for the First Quarter of 2026 || Will Trump ease off or escalate his reckless war ? || China April factory activity expands despite Middle East war || China Big Four banks post stronger earnings as policy lending lifts growth || Three months into the Iran war , how does Beijing assess the conflict ? || China Detains Panama - Flagged Ships And the Panama Canal Power Struggle Is Just Getting Started : The stunning way China is using America own playbook to hit the US where it hurts most , and Washington has no idea how to respond || IMF Warns Asia to Keep Policy in Balance Amid Energy Disruptions || 禾迈股份 ( 688032 ): 2025年度可持续发展报告 （ 英文 ）- CFi . CN 中财网 || Why market fell today ? Sensex slumps 583 pts , Nifty below 24 , 000 ; 7 key triggers || Carney  strong  in year one , now must deliver on promises in Canada | Donald Trump News || China marine tourism sees robust growth in Q1 || Volkswagen profit drops as carmaker signals further cost cuts || Iran war : Oil prices today surge to highest levels || Thom Tillis : Free markets built American prosperity . Government intervention puts it at risk || Penny Wong huge China deal to keep Aussie flights in the air || Imperial Dire Straits : After Hormuz , Malacca || Expanding the pie of China - Africa cooperation through  subtraction || From  Machine Intelligence  To  Swarm Intelligence : China Builds A Global Intelligent Economy Of The Future – Analysis – Eurasia Review || US Probes Firms Using Chinese AI Over Data Risks || Africa : Understanding China Zero - Tariff Policy On Goods From 53 African Countries || Zero - tariff policy can help bolster trade with Africa || 608 : I am always suspicious . Was the closing the Strait of Hormuz a deliberate US ploy ? || Big funds bet billions on mining supercycle || Xinhua Commentary : Zero tariffs forge stronger China - Africa partnership toward shared prosperity || Poster | China to grant zero - tariff treatment to all African countries with diplomatic ties || China manufacturing PMI shows resilience in April || The EU Is the New Go - To Middle Power || German economy expands faster than expected || The CBDC we already have - Crypto on a chain || China factory activity expands for a second month despite shocks from the Iran war | The Asahi Shimbun : Breaking News , Japan News and Analysis || Electric trucks surge in China as charging network expands || Taiwan detects 2 sorties of Chinese aircraft , 5 vessels , 2 ships around territorial waters || Tech giant results show rosy outlook for AI boom and US stock market | Technology || Xinhua Commentary : Zero tariffs forge stronger China - Africa partnership toward shared prosperity - Xinhua || Apple new chief and China chilling move on Manus || All the Sad Young Chinese Professionals || Transiting to a more stable , inclusive planetary order - Academia || Bank Of Japan Trigger Finger Is Getting Itchy || China - Indonesia Promotional Event for the English Edition of Xi Jinping : The Governance of China ( Volume V ) held in Jakarta || CMEF 2026 wraps up in Shanghai : a global stage for medical breakthroughs and future trends || The Strait Of Hormuz Is Exposing The Future Of Space Warfare || Hong Kong International Licensing Show and Asian Licensing Conference conclude successfully || Why is stock market down today ? Nifty50 goes below 23 , 800 ; BSE Sensex crashes over 1 , 100 points - top reasons for fall || Apple designs each succession to break from the last || Oil Hoarding to Come Next , Push Prices Higher , Top Analyst Warns || 5 Magnificent 7 Stocks Report Earnings This Week . Here What to Watch for Each . || Why $100 oil is no longer spooking equity markets || Oil prices whipsaw while US stocks glide near their record heights || Donovan Deep Dives : Why  smearing red  sticks || Is NATO Preparing for War with Russia ? Myths , Risks , and Strategic Reality || Openness of China benefits its trading partners || China , Australia should jointly uphold multilateralism : Chinese FM _ Guangming Online || Hong Kong Shares May Head South Again On Thursday || Newlab Detroit at Michigan Central : What Is It ? || From clicks to creation : How AI is fueling China micro - drama boom abroad _ Guangming Online || China first cross - Bohai drone logistics route officially opens , covering 340 kilometers in just 2 hours || The Turkmen - Chinese business forum and exhibition held in the capital || Chinese FM meets Lao counterpart - Xinhua || Bernie Sanders urges international cooperation to halt AI  runaway train || Xi - Trump summit unlikely to revive Chinese investment in US , report warns || Oil crisis amplifies need for clean energy transition to  accelerate || GOP Senator Aims to Protect the Auto Industry From Chinese Intrusion ... and He Got an Unlikely Ally || China factory activity expands for a second month despite shocks from the Iran war :: WRAL . com || Chinese firms struggle to catch up with South Korea , Taiwan leaders in AI chips , say analysts || Teck and Anglo American Still Awaiting Final Regulatory Approvals for Their Upcoming Merger || Samsung Electronics posts record quarterly profit on AI boom || North Korea faces  severe  drought : state media || Hong Kong Exchanges and Clearing Elevated Results Persisting For Now || GUNTER : No sovereign wealth in Mark Carney Canada Strong Fund || Report shows China leads in AI patents , digital economy booms || Stagflation risks pile up as Iran war stretches into 3rd month || Weekly Sanctions Update : April 27 , 2026 || China , Australia should jointly uphold multilateralism : Chinese FM - Xinhua || China nonferrous metals sector logs profit surge in Q1 || Trump Iran war : A micro - military disaster that accelerates America decline – NaturalNews . com || India showed its might during Op Sindoor last year : Indresh Kumar || China factory activity expands for a second month despite shocks from the Iran war – Winnipeg Free Press || Milan Design Week 2026 Selection and Wasl Tower in Dubai : This Week Review || Dr . Joe ( Yizhou ) He : Turning Cross - Border Ambition into Operable Partnerships || Cairn Homes Plc : Holding ( s ) in Company | Company Announcement || Brick - and - mortar bookstores in east China turn to digital tools to reconnect with readers || Hong Kong local debt market becomes surprise funding hotspot || China factory activity expands for a second month despite shocks from the Iran war || Infinitus Presents Human Evidence - Based Research Findings at FFC 2026 || Trump $166 billion tariff refunds may finally be in sight as first payouts expected by May 11 || China Rare Earth Leverage Explained in 3 Shocking Charts || Foreign Ministry Spokesperson Lin Jian Regular Press Conference on April 29 , 2026 || 4 am fury , 24 / 7 gridlock : Trump takes world into long , hot Hormuz summer || USD / JPY pressured after Katayama / Mimura verbal intervention , NQ outperforms after tech earnings - Newsquawk US Market Open || The Iran War makes a case for renewable energy that has nothing to do with global warming || German auto giant Volkswagen warns of more cost cuts as profits plunge || China , Australia should jointly uphold multilateralism : Chinese FM -- Beijing Review || Bernie Sanders urges international cooperation to halt AI  runaway train  | Bernie Sanders || Incentives lacking for green metals producers – Sibanye CEO || No end in sight : Trump eyes options in Iran war including the  Dark Eagle  hypersonic missile || AI token biz highlighted for Guizhou development || Surging artificial intelligence data usage reshaping economy || China Focus : Closer cooperation with China set to fuel growth in neighboring countries || Sino Jet Fleet Size Ranks No . 1 in the Asia - Pacific for Seven Consecutive Years || Coming soon : A monster reserve to house critical minerals for rainy days || This country just overtook England as Australia number one country of birth || Trump administration plans to release additional UFO information || 2026 RSF Index : press freedom at a 25 - year low || Feature : U . S . journalist , author observations on China dynamic tech story"
2026-05-01,124,"Countries that have banned social media for teenagers See the world map || China to ban drone sales in Beijing citing security concerns || Why experts say trade wins arent enough for Xi - Trump summit in May || Trump  Economic Fury  on Iran divides analysts over its real impact || Your SUV habit is killing off my favourite car – the station wagon || The weirdest aspect of the Iran war that has befuddled oil experts || China , US economic chiefs hold  candid  call before Trump visit || Why Crypto Is Facing Its Toughest Challenges Yet || Panama Thursday Sessions with President Mulino are Always Informative .   Today : China Ship Detentions ; Extra Sessions ; and a Pause on Bioethanol || Japan Airlines to trial robots at Tokyo Haneda airport to load baggage || China has now dropped tariffs on imports from every African country except 1 || Stock Market Holiday Today : Are NSE , BSE , MCX And Banks Closed On May 1 For Maharashtra Day And Labour Day ? || SAF Summit - Global Sustainable Aviation Fuel Summit 2026 ( China ) | Events | Asia || Markets Stay Strong Despite Oil Shock Concerns as Earnings Drive Investor Confidence || Iran is accelerating efforts to dig out missiles and munitions || CNTA chief : China will continue to expand tourism cooperation with Russia || GreenTree Filed Annual Report on Form 20 - F for Fiscal Year 2025 || China Now Supplies 90 % of Russia Sanctioned Tech Imports – Bloomberg || China Claims to Find Substantial Domestic Oil and Gas Fields || Impact Of COVID - 19 On Residential Pet Furniture Market : Research Report – Know The Growth Factors And Future Scope To 2026 || China new zero - tariff policy for Africa offers shared future in a fragmented world - Xinhua || US lawmakers probe Chinese AI firms over security risks and alleged exploitation of American models || S & P 500 and Nasdaq 100 Rally to Record Highs on Earnings Optimism || Wynton Hall : Conservatives Who Understand AI Will  Prevail on the Battlefield of Ideas || Ukraine and Iran use economics to battle military superpowers || West Africa : Ecowas President Declares China W / Africa Most Strategic Partner || 01 | May | 2026 | RUTHFULLY YOURS || A tech worker in China is laid off and replaced by AI . Is it legal ? || China - Malaysia Readers Forum on the English Edition of Xi Jinping : The Governance of China ( Volume V ) Held in Kuala Lumpur || Apple leads Wall Street toward more records as oil prices pull back || Allison Schrager : A wartime economy would be different this time || Is a Western Tungsten Ecosystem Emerging ? Almonty Industries vs China Tungsten – Does Rheinmetall Stand to Gain ? | 2026 - 05 - 01 | Investing News || Chinese envoy warns Canada against sending MPs to Taiwan or warships through Taiwan Strait || Europe : doctrinal shift towards violence || US stocks rally to the finish of their best month since 2020 , even as oil prices whipsaw - Boston News , Weather , Sports || US naval blockade squeezes Iran oil exports , forces crude onto floating storage || China Blocks Tech Acquisitions To Weaken America . The U . S . Shouldnt Follow Suit . || 1X starts shipping NEO humanoid robots to US homes || At Townhall LIVE , Lawmakers Say Trump Federal AI Framework Is Critical to Beat China || UK manufacturing  holding up surprisingly well  despite war || Adani Group unveils restructuring as it positions for growth || The US – Iran impasse : Who stands to lose more ? || Big funds bet billions on mining supercycle || Oil prices whipsaw while U . S . stocks glide near their record heights || Weakening Bank Regulations Is A Risk Americans Cant Afford || Iran War Is Putting A Growing Number Of Asian Currencies In Harm Way || Chinese EVs Now Project Movies From Their Headlights || MACAU DAILY TIMES 澳門每日時報Openness of China benefits its trading partners || Markets today : Wall Street rises , oil retreats , ASX set to jump ; Meta tumbles ; Australian dollar jumps || Iran is grasping for a solution to an American blockade it cant break || Links 5 / 1 / 2026 | naked capitalism || China , US economic officials trade barbs in  candid  call ahead of Trump - Xi summit || Executives Need To Learn From What Happens In AI Shadows || FTSE slips despite Pearson gain on upbeat outlook || Isack Hadjar warns Red Bull upgrades at F1 Miami Grand Prix  wont solve all our issues || Closer cooperation with China set to fuel growth in neighboring countries || Trump upcoming China visit influences strategic options on Iran : Reports || World record made in Europe : The world longest railway tunnel is being built under the Alps || Rubio warns China after Panama ship detentions , calls hemisphere sovereignty  non - negotiable || Taiwan detects 4 sorties of Chinese aircraft , 5 vessels , 2 ships around itself || China zero - tariff policy on goods from 53 African countries - Blueprint Newspapers Limited || NVIDIA CEO Jensen Pushes Back on AI Job - Destruction Fears , Arguing Software Engineers Solve Problems , Also Admits Zero China Share || AI Is Breaking Silicon Valley Global Playbook || CCP Moves To Tighten Oversight Of Gig Workers || Wall Street climbs toward more records as oil prices dip modestly || Nestlé Q1 results show return to growth but recovery remains fragile || Update : Chinese customs welcome first African imports under expanded zero - tariff policy || China designates North Korea a tourist destination || China implements historic zero tariffs for all African nations with diplomatic ties || MACAU DAILY TIMES 澳門每日時報China inflation flickers , but IMF wants proof it will last || Iran internet shutdown crushes businesses in battered economy || China voices concerns over  discriminatory  EU draft laws || Manufacturing defies Mideast energy shock || Iran monthslong Internet shutdown is crushing businesses in an already battered economy || China Focus : Chinese customs welcome first African imports under expanded zero - tariff policy - Xinhua || Spring Shanghai • Putuo Day Pop - up Event Opens in Milan , Showcasing Putuo District Unique Charm || Dumplings vs . machines : Inside China latest food fight || How did Moody raise China outlook despite the energy shock linked to the war in Iran ? || Trump officials flood red state with deadly  suicide  neurotoxin || Who regulates space ? Private boom tests rules written for Cold War || FTSE 100 Live : London stocks extend losses ahead of long weekend , yen plunges || South Korean April exports rise 48 . 0 % y / y as chip boom extends || EVA Air eases eyewear , footwear rules for cabin crew || Economic crosscurrents mount as energy shock meets AI wave || Critical Minerals Are Benefiting The Rich And Hurting The Poor || Opinion | China moves towards better protecting its gig workers || Turbulent and dangerou : How shipping is the new global battleground | US - Israel war on Iran News || Wall Street rises towards more records as oil prices slip || Dow Jumps 790 , Nasdaq Climbs 219 , S & P 500 Rises 73 || US stocks motor toward a record as oil prices whipsaw || Thai Tourism Set for a Rebound : Stock Upturn Signals Sector Resilience || The Latest : Hegseth faces a second day of Democrats grilling him over the Iran war || US stocks rally to the finish of their best month since 2020 , even as oil prices whipsaw – KTBB News , Weather , Talk || Smart Logistics Global Limited Reports Fiscal Year 2025 Financial Results || Gold heads for weekly loss on oil - driven inflation concerns || Antonelli expects Mercedes to face more competition in Miami || Oil prices whipsaw while US stocks hover above their record heights - Las Vegas Sun News || Qatar Airways Promo Code : Save Up to 20 % on Flights in April 2026 || AFRICA - CHINA - ZERO - TARIFF POLICY - PORTS & AIRPORT || US stocks rally to the finish of their best month since 2020 , even as oil prices whipsaw || Canada positioned for $200B clean energy boom , but faster approvals needed : report || Nearly 70 % Inflation , Mass Layoffs , And A Strangled Economy : Iran Brutal Test Of Endurance || African Nations to Benefit From China Two - Year Zero - Tariff Regime » Capital News || U . S . stocks rally to the finish of their best month since 2020 || Iran Is Grasping for a Solution to an American Blockade It Cant Break || Reader forum on English edition of 5th volume of  Xi Jinping : The Governance of China  held in Kuala Lumpur || TikTok could keep EU - China data transfers during legal appeal || Iran monthslong internet shutdown is crushing businesses in an already battered economy || Trump downplays Chinese support for Iran as Strait of Hormuz standoff intensifies – NaturalNews . com || This Top - Selling Chevy Truck Is A Chinese Vehicle In Disguise || Economic Watch : Australia looks to tap new opportunities at China supply chain expo - Xinhua || Aegon prices USD 500 million of senior unsecured notes || tata capital : These large - and mid - cap stocks can give more than 25 % return in 1 year , according to analysts || Oil Prices :  Parabolic  Rally Coming As Panic Buying , Hoarding Set in || Iran supreme leader vows to protect nuclear and missile capabilities || The significance of Pakistan US - Iran mediation – The Frontier Post || Asian stock market indices show mixed trend today – The Indian Awaaz || China and the united kingdom Economy Committee || Penang offers all - in - one durian holidays || Aegon Ltd .: Aegon prices USD 500 million of senior unsecured notes || US , Chinese officials raise complaints ahead of summit || Which Place Is Known as the Tea Capital of the World ? || Unlocking the Benefits of Zero - Tariff Measures to  - Blueprint Newspapers Limited || Week Ahead for FX , Bonds : U . S . Jobs Data in Focus as Middle East Tensions Continue"
2026-05-02,134,"Niche tourism steals spotlight in China bustling May Day holiday travel season -- China Economic Net || Trump took a pass on Spirit Airlines after earlier private sector stakes || Zero - tariff China access opens window for Zimbabwe but structural gaps remain - Newsday Zimbabwe || US sanctions Iran shadow banking channels moving oil proceeds from China - AL - MONITOR : The Middle Eastʼs leading independent news source since 2012 || Hong Kong pro - democracy publisher Jimmy Lai honored by DW || Countries that have banned social media for teenagers See the world map || JPMorgan CEO Jamie Dimon warns on Private Credit ; says : KKR , Carlyle , Blackstone , and Ares may handle a market downturn , but I guarantee you … || NATO assessing details of US troop withdrawal from Germany || China Focus : Young people seeking diverse experiences boost May Day holiday consumption || Reuters sees firsthand how reclusive Turkmenistan shows signs of opening up || AP Business SummaryBrief at 6 : 33 p . m . EDT || Envoy unpacks China zero - tariff policy and what it means for Zimbabwe || China open - source AI models challenge US dominance as Europe grapples with Iran fallout : Report || Why the jobs data suggests New Zealand recovery is already underway – Cecilia Robinson || U . S . stock market starts May with more records || Michael Wu , Michael Stutchbury | Matt Canavan , Anthony Albanese future made in Australia | The Canberra Times || Two months into the Iran war , almost everybody is a loser || Schwarzman Schwarzman Scholars is harder to get into than Harvard and teaches leaders about China || China has now dropped tariffs on imports from every African country except 1 || China cancel tariffs for all African countries except one – Wetin e mean – Information Nigeria Pidgin || US Warns Shipping Firms They Could Face Sanctions Over Paying Iranian Tolls In Strait Of Hormuz || China was the birthplace of recreational drones . Now you cant buy one in Beijing || Three years on , China barbecue city sizzles with fresh flavor || Niche tourism steals spotlight in China bustling May Day holiday travel season || Communists Celebrate May Day 2026 Around the World || Economic Watch :  Living like a local  trend enhances China Travel allure - Xinhua || China Focus : Young Chinese gear up for new job opportunities amid China tech boom - Xinhua || Broken fossil fuel markets ? Santa Marta may be a game - changing moment || Trump likes the idea of the government owning some US companies but took a pass on Spirit Airlines – Winnipeg Free Press || China Claims to Find Substantial Domestic Oil and Gas Fields || US warns shipping firms they could face sanctions over paying Iranian tolls in the Strait of Hormuz – Winnipeg Free Press || Iran Makes Another Offer - Trump Isnt Impressed – RedState || Iran should beware the consequences of its blackmail || Bilateral trade with Germany slumps 17 % in first 9 months || China reaffirms support for Kingdom environmental protection measures || S & P 500 and Nasdaq 100 Post Record Highs on Solid Earnings || Wynton Hall : Conservatives Who Understand AI Will  Prevail on the Battlefield of Ideas || Geopolitical Earthquake : UAE quits OPEC to defy Saudi energy dominance , says analysis || Pakistan reserves could plunge to $1 . 6 billion by 2028 over fuel shock : Report || Chinese customs welcome first African imports under expanded zero - tariff policy || Trump likes the idea of the government owning some US companies but took a pass on Spirit Airlines || Apple leads Wall Street toward more records as oil prices pull back || Stocks hover near highs despite volatile oil markets || Is The World Moving Towards De - Dollarisation ? || Trump cools on Iran peace proposal as War Powers Act deadline hits || Trump Raises EU Auto Tariffs to 25 %, Pressures Trade Deal || Shipping firms could face sanctions over paying Iranian tolls in Strait of Hormuz , US warns || Chinese vice premier meets Belgium deputy PM on deepening cooperation || Apple leads Wall Street to more records as oil prices pull back || Anthropic most powerful AI model just exposed a crisis in corporate governance . Here the framework every CEO needs . || AIPAC at the frontier : A stronger alliance in the post - aid era || China Focus : Young Chinese gear up for new job opportunities amid China tech boom || Iran war gives US rivals a real - time look at its firepower || China – Africa Cooperation : Leveraging industrial transformation and global value chains || Xiconomics : China zero - tariff treatment boosts Africa development prospects || China railway hit new single - day passenger record on May Day || US Warns Shipping Firms They Could Face Sanctions Over Paying Iranian Tolls In The Strait of Hormuz || Iran strict internet shutdown is crushing an already shaky economy || Facebook Fight Shows Beijing Determined To Keep Chinese AI Out Of US || Calendar : What investors need to know for the week ahead || Turbulent and dangerou : How shipping is the new global battleground - Grenada Chronicle – Daily Grenada And Caribbean News || Middle East war impact on shipping hitting refugee aid : UNCHR || US warns shipping firms they could face sanctions over Strait of Hormuz tolls || China Priority Watch List Status by USTR || Taiwan detects 29 sorties of Chinese military aircraft , 6 vessels , 2 ships around its territory || FTSE 100 Live : London stocks pare losses ahead of long weekend , as Wall St provides lift || Apple leads Wall Street toward more records as oil prices pull back - Las Vegas Sun News || Trump needs to finish the job in Iran : Holding off only helps the enemy || China outlaws drones within Beijing city limits || Chinese Court Bans Firms from Firing Workers to Replace Them with AI || Living like a local  trend enhances China Travel allure || China zero - tariff treatment boosts Africa development prospects -- China Economic Net || Global brokerages downgrade Indian stocks : Should retail investors look to raise foreign exposure ? || The War That May Start Without a Missile || Zhejiang sets course to become innovation hub || Iran Internet Shutdown : Iran Internet Shutdown Devastates Businesses Amid Economic Crisis , ETTelecom || Korea adds Toss to large business group list after stock market boom || British Airways shamed as shock study finds even North Korean airline offers more legroom | World | News || China Focus : Young people seeking diverse experiences boost May Day holiday consumption - Xinhua || Update : Chinese customs welcome first African imports under expanded zero - tariff policy || Zero - tariff policy opens door wider for African imports || US warns shipping firms they could face sanctions over paying Iranian tolls in the Strait of Hormuz || When Supply Chains Break : Force Majeure , Hardship and the Sulfuric Acid Crisis | Akin Gump Strauss Hauer & Feld LLP || PNG Prime Minister Marape shores up economic partnerships in China || Iran internet shutdown crushes businesses in battered economy || AP Business SummaryBrief at 5 : 01 p . m . EDT || US Naval Blockade Squeezes Iran Oil Exports , Forces Crude Onto Floating Storage || Breitbart Business Digest : The AI Boom Is a Made - in - America Boom || Michael Wu , Michael Stutchbury | Matt Canavan , Anthony Albanese future made in Australia | The Advocate || China Railway Handles Record 24 . 8 Million Passengers On May Day || Taiwan William Lai lands in eSwatini on trip Beijing calls a political  stunt || Does Trump war with Iran mark the start of de - dollarisation ? || China - ASEAN partnership a model for global climate governance || Latin American Pulse for Friday , May 2 , 2026 || Internet cutoff dragging Iran economy | The Arkansas Democrat - Gazette || India stays on USTR Priority Watch List over IP concerns || At Best Oil Drops to $80 , But That Still a Different World || US warns shipping firms they could face sanctions over paying Iranian tolls in Strait of Hormuz || future enterprises : How managements hide debt , losses , and disputes without breaking a single accounting rule – and take investors for a ride || Wall Street steady near peak as oil prices surge , then retreat || Trump likes the idea of government owning some US companies but took a pass on Spirit Airlines || Young Chinese gear up for new job opportunities amid China tech boom || Links 5 / 2 / 2026 | naked capitalism || Ringgit strength , IMF GDP forecast signal global confidence in Malaysia economy , says Muhammad Kamil || SA to crack down on dodgy imports || New Cars In The united states Cost Nearly Twice As Much As They Do In China || India To Have 313 Billionaires By 2031 || Canada Diversified Military Descends into Ethnic Tribal Warfare || AFRICA - CHINA - ZERO - TARIFF POLICY - PORTS & AIRPORT || Iran war drives surge in shipping costs , disrupts refugee aid delivery : UN || Trump expands Cuba sanctions with global reach , targeting foreign banks and firms || Iran deadlock : is Trump now  stuck ? || As Desperation Grows , Iran Considers Deploying Explosive Dolphins Against US Blockade || Taiwan detects 29 Chinese military aircraft near its territory || Ebon Solar appears to abandon plans for $942M Albuquerque facility || US imposes new sanctions on Iran , warns shippers not to pay Strait tolls || S & P Futures Gain on Boost From Earnings || Great Nicobar Project key to India  strategic goals : Major General GS Rawat ( Retd ) || Iran monthslong internet shutdown is crushing businesses in an already battered economy || U . S . asks for help with opening Strait of Hormuz while Trump attacks allies || Here how to crush Tehran in three moves || Voices : Donald Trump has no idea just how close he is bringing us to economic ruin || May Day observed across country || What oil crisis ? China EVs are ready to dominate the 21st century || Thai Airways International to Double Fuel Surcharges Starting May 1 || Trump jokes US Navy will take over Cuba  immediately  on way home from Iran || Stocks beat more records as profits top expectations | The Arkansas Democrat - Gazette || India watches uneasily as Pakistan rebounds || China : Deeply entrenched corruption , exploitation erodes foundation of military || China and the united kingdom Economy Committee || The Event Horizon : Humanity downfall and the hidden war – NaturalNews . com || As Putin wartime economy loses steam , workers at an empty mall fear for future || Beijing : Recreational drones not allowed in the city || Made in Europe  and China interests : can they be reconciled ?"
2026-05-03,130,"Lai lands in Eswatini despite revoked flight permits || Why Trump took a pass on Spirit Airlines – NBC4 Washington || Why Trump took a pass on Spirit Airlines – NBC 6 South Florida || Why Trump took a pass on Spirit Airlines – NBC Connecticut || It time for Trump to take a reality check on his Iran war || California economy vs . Trump : What GDP tells us || PATA Travel Mart opens in Chengdu || Turkmen - Chinese Forum in Ashgabat : How Ashgabat and Beijing Are Projecting the Future of Bilateral Cooperation || It Illegal in China to Lay Someone Off to Replace Them with AI , Court Finds || Iran humiliates US as  HUGE  supertanker breaks blockade carrying 1 . 9 million barrels bound for China || Made in Europe : The EU plan that has angered China || AI drives new career frontiers in China || New Direct Flight Between Xian and Vienna Officially Launched - Vindobona . org || China has now dropped tariffs on imports from every African country except 1 || SGX unit denies Swiss trader allegations over inaccurate Middle East oil shipping costs || Why Trump took a pass on Spirit Airlines – NBC New York || China railway records 24 . 8M passengers on Labor Day || China was the birthplace of recreational drones . Now you cant buy one in Beijing || Airbus lands fresh China order as carriers bet on long - haul growth in market with largest air - travel population || Jim Cramer Opinion on 21 Stocks : Oklo , AST SpaceMobile , and Others || UK pottery firm collapses into administration - 120 jobs lost | united kingdom | News || AI spending is keeping the US afloat , while the Iran war has prevented an economic recession || Charting the global economy : ECB is leaning toward rate hikes || Strait of Hormuz blockade and other major naval sieges in modern times || WEPACK 2026 Concludes on a Record High , Reinforcing China Role at the Heart of the Global Packaging Industry || Why Trump took a pass on Spirit Airlines – NBC 7 San Diego || R & D is Israel brain - so why does it develop , manufacture abroad ? || Sultan Qaboos University achieves progress on 13 indicators of Oman Vision 2040 || Xinhua Commentary : EU regulatory turn risks undermining fair competition || US to hike tariff rate on EU auto imports to 25 %, Trump says || How the US Pulled off an Armed Robbery of the World Energy Supply and Created the Petrogas - Dollar || Zardari China Visit Signals Next Phase for CPEC - Pakistan Today || Earth crack  bridge that world highest and cost £216 . 8million | World | News || J & K | All Gates Of Baglihar Dam On Chenab Remain Closed Even A Year After Indus Waters Treaty Suspension || Donald Trump needs reality check on his Iran war || Trump likes the idea of the government owning some US companies but took a pass on Spirit Airlines || eTN Inbox : The Struggle to engage Myanmar || Strait of Hormuz blockade and other major naval sieges in modern times - Dominican Republic Post – Caribbean News , Business , Travel & Culture || Earnings Season Surges As Big Tech Delivers And 128 Reports Loom || India - New Zealand FTA to navigate geopolitical upheavals || US to Withdraw 5 , 000 Troops from Germany Amid Diplomatic Rift || Influencers Reportedly Being Paid to Frame Chinese AI as a Threat and Champion US AI in a Secret Campaign || Letters to the Editor : Village needs an overhaul || Opinion | World may find itself  in a very Chinese time  of data governance || Xinhua Commentary : EU regulatory turn risks undermining fair competition - Xinhua || All roads lead to Xi - IrishDentist . ie || Why Labour must expand takeover powers to protect united kingdom jobs and industry || Chinese courts rule AI replacement is not legal grounds for firing workers as global tech layoffs hit 78 , 000 || Why China Targeted Eswatini , Blocked Meta AI Deal , Boosted Pakistan Navy || President Trump and unforced errors || Great Nicobar - A Fiasco in the Making | Countercurrents || Japan - Vietnam seek deeper energy , minerals ties || American Air inaugural Chicago - Beijing flight canceled due to time - slot dispute || Links 5 / 3 / 2026 | naked capitalism || USA and China : Travel and Tourism Numbers Coming Close || Trading Desk Notes for May 2 , 2026 || Fallow farms , more coal burning and copper shortages – how this El Nino could affect China || UPSC Key - 3rd May , 26 - Cell Broadcast system , SHANTI Law , Kihoto Hollohan || EXPLAINER : What to know about China zero - tariff import for African countries || One year of Baglihar dam shutdown : India maintains upper hand , Pakistan feels strain || J - K : All gates of Baglihar Dam on Chenab remain closed even a year after Indus Waters Treaty suspension || Defensive and justified : China invokes law to block US sanctions , escalates trade tensions || Economic Watch : Smart economy gains steam in China as token calls skyrocket || How October global air service fared with economic weakness || Hundreds of Nepalis still trapped in Cambodian scam compounds despite crackdown || The Green Hydrogen Dream Is Slipping Further Out of Reach  | Peak Oil News and Message Boards || India AI Labelling Reform : A Leap Towards Digital Transparency , ETTelecom || Living like a local  trend enhances China Travel allure || International Aircraft Landing Solutions Market 2019 In - Depth Analysis And Technological Advancements . || The DoJ Is Coming For Companies That Mislabel Product Countries Of Origin || 《 TAIPEI TIMES 》 Lai lands in Eswatini despite revoked flight permits - 焦點 || To buy or not to buy an EV ? That the question consumers are asking || Zero - tariff policy opens door wider for African imports || Defensive and justified : China issues formal injunction to block  illegal  US sanctions on domestic refiners || Young people seeking diverse experiences boost May Day holiday consumption || Trump may not be a fan of clean energy but Iran war is accelerating global shift from oil and gas | Heather Stewart || Trump raises EU auto tariffs to 25 per cent , flags pressure on trade deal || Iran juggles oil cuts and storage strain to resist U . S . blockade || Trump took a pass on a government takeover of Spirit Airlines || Iran : Four Illusions of a 60 - Day - War || China Aviation Supplies Holding Company signs GTA for 140 Airbus aircraft || The Geopolitical Tax : Why Grid Stagnation Is A National Security Risk || Why Trump took a pass on Spirit Airlines – NBC Bay Area || In the PR battle for AI data centers , tech giants got a blue - collar ally || Unhappy by high gas prices ? Why experts are recommending used electric vehicles || Where Germany economy still excels || Government Regulations Create Monopolies and Stifle Competition || China Focus : AI drives new career frontiers in China - Xinhua || Piraeus & Eleusis in US - China Port Competition || Trump signs EO to impose new sanctions on entities tied to Cuba || Finance chief says Hong Kong on track for strongest quarterly growth in 5 years || Exhibition activity in Baku begins in April || Matteo Salvini : Trump  Courage  for  Cultural Foundation  Is Saving the West || Investment or waste ? How the M4 relief road plan for Newport sums up Wales economic quandary | Infrastructure || Economic Watch : Smart economy gains steam in China as token calls skyrocket - Xinhua || Why Trump took a pass on Spirit Airlines – NBC10 Philadelphia || Lloyd Blankfein Hard Knock Wall Street Life || Morning Briefing : May 3 , 2026 || Baglihar Dam Gates Closed After Indus Treaty Suspension || Historic breakthrough : Colombia climate talks end with hopes raised for fossil fuel phaseout || African Tourism Board President St . Ange : African Tourism is together here || Why should we pay for Trump wars ? || Islamabad talks : Pakistan role as peacemaker wont help it overcome its military - jihadi complex || Ireland Supreme Court rules in favor of TikTok over DPC claim || JXQ AI Forum 2026 Unveils New AI - Driven Growth Paradigms for Industry - City Integration in the 15th Five - Year Plan Period || Beijing strikes back : China invokes first - ever || Sunday Edition : Horses as food || Abbreviated Pundit Roundup : Grounded … in more ways than one || There Are No  Moderate : Regime Change in Iran Must Again Be a Priority for the Trump Administration || Zardari China Visit Boosts Pakistan - China Ties at 75 - Pakistan Today || Smart economy gains steam in China as token calls skyrocket || Asia finance leaders say they are ready to act to stem volatility risks || Solar doesnt need subsidies any longer * WorldNetDaily * by Drew Bond , Real Clear Wire || Warming waters , falling yields : Climate change and the future of India shrimp industry || Saudi Arabia becomes 10th top renewable energy investor || Iran and the Global Systems Narrow Throat || Two months into the Iran war , why almost nobody is really winning || Climate action just gained new momentum || Malaysia East Coast rail promises bigger economic pie for Pahang , but questions remain || The world order as we knew it is over || Global USD 656 . 9 Mn | Trampoline Market Current Research Report And Unique Predictive Business Strategy By 2029 || Why Trump took a pass on Spirit Airlines – NBC 5 Dallas - Fort Worth || Why Trump took a pass on Spirit Airlines – NBC Los Angeles || Chinese FDI attracts praise for improving infrastructure || Governance , national ethos and succession planning ( 1 ), by Abiodun Komolafe || Shock reversal : Iran dismantles Gulf kingdoms as US fails to protect them - Russia and China step into new power role || Energy shock from Iran war delays rate cuts , sets up divergent paths for Fed , ECB and BoJ || Trump : U . S . Will Withdraw  A Lot  More Than 5 , 000 Troops From Germany || Economic Watch : Why companies in China Fujian bet on cross - border e - commerce to boost growth - Xinhua || High costs , slow scaling , structural limits : Why US shale cant offset Strait of Hormuz disruption"
2026-05-04,137,"Make no mistake : Iran is not close to breaking || Trump Is Stealing German Jobs - LewRockwell || Decoding China : Beijing courts Europe amid US dysfunction || Iran war impact on shipping affecting refugee aid with freight rates soaring , UNHCR says || Best Casino Stocks Worth Watching – May 3rd || China $2 Billion Trade City Plan Positions Egypt at the Core of Global Supply Chains || China Defiance of U . S . Sanctions Triggers Showdown || Monday briefing : ​Will a new alliance of nations be able to guide the world towards a post - fossil fuel future ? || What Trump - Anthropic fight reveals about US policy during AI race with China || Breakfast briefing : Intense pressure but financial markets still holding || Financial Review : Meridian ( NASDAQ : MRDN ) & CCC Intelligent Solutions Holdings Inc . Common Stock ( NASDAQ : CCC ) || Asian Markets Trade Mostly Higher || Sci - tech solutions to end poverty || China rare defiance of US sanctions sparks showdown over banks || Karnali yarsagumba season set for late May , but yields are thinning and risks rising || Iran War Threatens China 4 . 5 Percent Growth Target : Analysts || In the intellectual property race , China is catching up || Foreign desk : Anna Fifield on China soft - power flex || Columbia ( COLM ) Q2 2025 Earnings Transcript || Nigeria Eyes FX Gains as Crude Oil Prices Top $105 / Barrel || Katayama and Bullock are the ones to watch || US , SKorea fire missiles to sea , matching North launches || Xi commends exemplary young people || Energizing Indonesia rise as an AI contender - Tech || From Germany to Japan , Trump tests US military footprint that shaped the world || Is It Possible for the Left to Engage in Principled Debate on Iran ? A media class that smothers debate in moral hysteria cannot defend liberalism ; on Iran , true liberty demands argument before orthodoxy makes dissent itself the enemy . By John D .... || China Focus : Data center engineers working silently behind booming AI services || Spirit of the Rules : Why Six F1 Teams Just Copied Ferrari Secret Aero Weapon || Asian markets are mixed and oil is steady after Wall Street hits records || UPSC Key - 4th May 2026 : Lipulekh pass , European Union Blocking Statute and Drishti || Top 20 UPSC Current Affairs Pointers | April 27 || Top Green Energy Stocks To Keep An Eye On – May 2nd || What to know about the U . S . military presence in Europe – NBC Bay Area || Louis Vuitton celebrates 20 years of art with new Wilhelm Sasnal show in Munich || Just Another Dip Investors Will Buy : Futures Drop , Oil Rises On Renewed Iran Tension || Earthquake Exposes Reliability Crisis : The Cost of Eswatini Taiwan Ties || Investing in Gold : Why It Remains a Core Asset in a Changing Market || China  common prosperity  push faces reality check as inequality rises : study || Chinese firm to build RO20mn car assembly hub in Khazaen || Top stocks to buy : Stock recommendations for May 4 , 2026 week - check list || Wall Street holds , oil prices climb with Strait of Hormuz uncertainty || Wang Yi Meets with Lao Deputy Prime Minister and Foreign Minister Thongsavanh Phomvihane || Japan foreign minister visit to SA to intensify relations || Key Market Events for the Week of May 4 – 8 , 2026 || NY - 12 Is the Race to Be the Face of Manhattan || In  Watershed Moment  China Orders Companies To Defy US Sanctions || State capacity and strategic governance : Learning from China policy execution for effective public sector performance in Zimbabwe || Business Brief : Five files to follow this week || Takeaways from wars : Lessons for national development || Eddid Financial Honored with  Professional Services Award in RWA  by HKCT Highlighting its Leading Edge in Web3 and Digital Assets || China unprecedented defiance of U . S . sanctions triggers showdown || Apple leads Wall Street to more records as oil prices pull back || The Latest : Trump launches a new effort to reopen the Strait of Hormuz || Trump War Inspires the Return of an Old Scourge : War Profiteers || Factbox - Airlines tackle fuel cost surge with price hikes , outlook cuts || China Overtakes US In Global Research Spending Milestone || Here How to Crush Tehran in Three Moves – HotAir || Wall Street hesitates and oil prices climb with uncertainty about the Strait of Hormuz || Cambodia navigates LDC graduation - phnompenhpost . com || CNG Tanks Market worth $2 . 60 billion by 2031 - Exclusive Report by MarketsandMarkets || Shop like a billionaire or buy from your brother ? Nigerians mount strong  competition against Temu || Oil prices rise slightly despite Trump vowing to help ships leave Strait of Hormuz || All the airlines cancelling flights and adding costs due to jet fuel crisis || China huge spending on scientific , tech research puts question mark on US leadership in the field || Select Select Weekly Climate and Energy News Roundup # 689 || Participation in Global Value Chains Is No Longer Enough || Why the U . S .- led Liberal World Order is Only Mostly Dead || Buy 2 Index Funds to Beat the S & P 500 in the Next 5 Years , According to Wall Street Analysts || In an AI world likely to be dominated by China and the US , Japan is a good friend to have || Asian markets are mixed and oil is steady after Wall Street hits records – Winnipeg Free Press || Air Astana signs for Airbus A320 Neo family aircraft || China Growth Needs Boost as Consumer Spending Lags || Is India Really Poor ? The Hidden Wealth in Gold and Idle Savings || The Myth Of Semiconductor Independence And The Quiet Supply Chain War || Bio - Rad ( BIO ) Q2 2025 Earnings Call Transcript || Iran war may become a  phoney Sitzkrieg  - Las Vegas Sun News || US warns shipping firms they could face sanctions over paying Iranian tolls in the Strait of Hormuz || ASX set to slip , Wall Street sets more records || Chinese airline kicks off long - haul expansion with Europe flight || TUC presses Mahama on wages , pensions and local jobs || Data Center : In the perception battle for AI data centres , tech giants got a blue - collar ally , ETTelecom || Taiwan Detects Chinese Aircraft , Vessels Near Territory || What to know about the US military presence in Europe as Trump seeks drawdown of thousands of troops || Africa : Open Doors Without Conditions : What China Zero - Tariff Policy Signals for Africa Economic Future || EU - US relationship expected to pull focus in Armenia || Opec loss may be India gain : How the UAE exit from the cartel could ease our oil import bills || Young people seeking diverse experiences boost May Day holiday consumption || Chinese EVs surge , Japan retreats in Korea shifting auto rivalry || Inflation likely accelerated to over 2 - year high in April poll || Japan PM says oil crisis has  enormous impact  in Asia - Pacific || US tech can use China as  listening post  for global edge , Washington think tank explains || President Lai arrives in Eswatini || Data center engineers working silently behind booming AI services || 14 million used batteries from electric vehicles by 2040 : Who will master the circular economy ? || In the PR battle for AI data centers , tech giants got a blue - collar ally || Indonesia March trade surplus expands to US$3 . 32 billion , April inflation eases to 2 . 42 % || What do the election results of 2026 mean for the Indian stock market ? Explained || Fewer AAPI adults report hate incidents but racism concerns linger , new poll shows – Winnipeg Free Press || Japan , Australia discuss energy , critical minerals || Why electric vehicles are taking off in emerging economies || Government launches China High - Tech Centre to boost trade diplomacy || China tax compliance push tightens invoice quotas , slows copper cargo flow | Hellenic Shipping News Worldwide || Defense Stocks Worth Watching – May 3rd || Iran executes three men in relation to January anti - regime protests || Specter of piracy haunts Filipino seafarers || Iran Guards say US options are  impossible  military operation or  bad deal  – The Frontier Post || OPINION : Open Doors Without Conditions : What China Zero - Tariff Policy Signals for Africa Economic Future » Capital News || Going home , young sci - tech returnees plug into China innovation drive || What to know about the U . S . military presence in Europe – NBC Los Angeles || Sensex news today : Sensex rises 900 pts , Nifty above 24 , 250 ; BJP early poll show among key factors behind market rally || Opinion : The Industrial Accelerator Act - a Paper Shield || Ireland Supreme Court rules in favor of TikTok over DPC claim || Taiwan detects 2 sorties of Chinese aircraft , 8 vessels , 3 ships around its territory || Fewer AAPI adults report hate incidents but racism concerns linger , new poll shows || What do new E - truck localization conditions mean for the industry ? || Singapore - Belitung Flight Route Reopens || [ Man - Ki Kim ] Security beyond self - reliant defense || Zhao Hai : What Would China Do ? • Stimson Center || Why Did Car Brands Ditch Traditional Door Handles ? || China Focus : Going home , young sci - tech returnees plug into China innovation drive - Xinhua || Asia finance leaders say they are ready to act to stem volatility risks || Smart economy gains steam in China as token calls skyrocket || Shares mostly gain in Asia after Wall St hits new records , while oil slips || Casino Stocks To Follow Now – May 2nd || How the play - sand asbestos scare and our weak product - safety rules could threaten a generation of children || Shankar Prasad Sharma at Idea Exchange :  Nepal would like to balance its foreign policy relationship because we need all our friend | Idea Exchange News || Cheap Missiles , Not Drones , Will Win the Next Air War || Bangladesh Trade Pattern Changes with US Surpassing India – The Indian Awaaz || Dave McCormick : U . S . Must  Create Energy Capability  to Lead AI Race || Why  China Shock 2 . 0  narrative is a distortion of China growth | Hellenic Shipping News Worldwide || Prototype Fast Breeder Reactor reaches criticality , boosts India nuclear programme : Dr SC Chetal || Rare Earth Revolution of India set to break Chinese monopoly || Energy shock from Iran war delays rate cuts , sets up divergent paths for Fed , ECB and BoJ || Stock markets today : Wall Street hesitates and oil prices climb || S Korea urges ASEAN+3 cooperation on Iran war economic impact || Week Ahead for FX , Bonds : U . S . Jobs Data in Focus as Middle East Tensions Continue || Hang Seng May Reverse Thursday Losses"
2026-05-05,182,"Poll : Fewer AAPI adults report hate incidents but racism lingers || What To Know About US Military Presence In Europe As Trump Begins Withdrawing Thousands Of Troops || MetroTrans 2026 will launch in Guangzhou , China - Save The Day : 9 - 11 Nov , 2026 || India Top - Heavy Boom and Bangladesh Lesson || This Is How the AI Boom Ends | InvestorPlace || White House weighs vetting AI models before public release || California economy vs . Trump : What GDP tells us || The Iran War Energy Crisis Is Undoing the Twentieth Century || Trump AI : White House mulls order directing government executives to review AI models before public review . What does it mean for Aritificial Intelligence ? || Advanced Energy ( AEIS ) Q2 2025 Earnings Transcript || Fertiliser tax policy needs adjustment to boost exports || Hedge fund firm Aspect offers China strategy to global investors || What to know about the U . S . military presence in Europe as Trump seeks to draw down troops || Iran War Threatens China 4 . 5 Percent Growth Target : Analysts || SM Investments increases dividends by 31 % || Shares falter , oil prices stay elevated as US - Iran hostilities ramp up || Fortune Minerals positions company as key in future defence supply chains || ADNOC Accelerates $55 Billion Investment after UAE OPEC Exit || Asian Markets Track Wall Street Lower || Google , Microsoft , and xAI agree to pre - release government AI model evaluations as Mythos crisis forces oversight expansion || Trump says he looks forward to Xi summit as tensions mount || globalists view the world not as win ‑ win , but as win ‑ lose .... || Garrett Motion Q1 Earnings Call Highlights || MATSON , INC . ANNOUNCES FIRST QUARTER 2026 RESULTS || Everything We Dont Need To Know , and a Few We Do || China celebrates 107th anniversary of the May Fourth Movement , the historic youth movement that ignited profound social changes in China || 3 incredible ASX ETFs to buy to supercharge your portfolio || Asian markets are mixed and oil is steady after Wall Street hits records || US threatens China with visa sanctions over slow repatriations || Wall Street falls from its records and oil prices jump after fighting flares in the Middle East || Will new procurement laws blindside small businesses under BEE regulations ? || Geopolitical Earthquake : UAE Exits OPEC In Strategic Shift , Signalling End Of Saudi - Led Oil Alignment || New Zealand cracks down on sale of fake goods to tourists || Trump looking forward to China summit , despite strains from Iran war || Asia - Pacific governments endorse landmark Baku - Bangkok Declaration on advancing societies for all ... || Devon Energy and Coterra Energy Shareholders Approve Merger || Nvidia CEO Jensen Huang says China should not have Blackwell or Rubin AI GPUs firmly states US should have  the first , the most , and the best  when it comes to AI hardware || Crude surged on reports of direct conflict between the US and Iran in the Strait , alongside Iranian strikes on the UAE - Newsquawk Daily Asia - Pac Opening News || China prohibits Tibetans from creating logos featuring religious symbols || The world has plenty of oil , but a different shortage is emerging || Australian Labor government axing public sector jobs to deepen budget cuts || Will Hong Kong claw machine regulations curb gaming habits and gambling risks ? || In Response : Boundary Water headwaters too vulnerable for copper mining || New sanctions , threats and military exercises set stage for US assault on Cuba || US prepared for visa sanctions on China over migrants issue , official says || White House Eyes Pre - Release Vetting for New AI Models || Wall Street holds , oil prices climb with Strait of Hormuz uncertainty || How Online Gambling Laws Differ Worldwide and What Players Prefer || China grants Africa largest economies tariff - free access || Hung Vuong Stadium construction begins as part of Vietnam transformation plan || Wall Street falls from its records and oil prices jump after fighting flares in the Middle East - WSVN 7News | Miami News , Weather , Sports || How China Quietly Reduced Its Dependence on Oil ( And What Fleets Should Learn ) || Iran vision of a new legal regime in the Strait of Hormuz – Middle East Monitor || ASEAN+3 speeds up emergency financing tool as global risks rise || The Battle for the Strait of Hormuz has Begun ! || Ni hao , new hire : Africa growing Mandarin job boom | South China Morning Post || One - person companie taking China economy by storm || China Fireworks Blast Kills 26 , Injures 61 in Changsha || Gold Plunges Over 2 % to $4 , 527 as Pullback Deepens in Volatile 2026 Market || White House weighs vetting AI models before public release : NYT || Dow Drops 557 , Nasdaq Slips 47 , S & P 500 Falls 29 || US mulls tightening leash on AI NYT || IPEF losing relevance under Trump   aggressive trade strategy : GTRI || High Voltage Current Sensor Market worth $1 . 50 billion by 2032 - Exclusive Report by MarketsandMarkets || Samsung & Intel considered as alternatives to TSMC for Apple || Germany and Japan once threatened democracy . Now theyre saving it || The Latest : Trump launches a new effort to reopen the Strait of Hormuz || The Latest : United Arab Emirates warns of Iranian attacks as US claims progress in Strait of Hormuz || Pyongyang calling : North Korea shows off own - brand phones || US naval ops to safeguard global energy , India LPG supply , says Treasury Secy Bessent ; urges China to help reopen Hormuz Strait || Why Sarvam want its AI data centers in space satellites ? || Xiconomics : China zero - tariff treatment boosts Africa development prospects || US official says China is  funding  Iran , urges Beijing to help open Hormuz | US - Israel war on Iran News || Prabowo Inaugurates Indonesia Consulate General in Chengdu || Key Events This Week : Payrolls , Quarterly Refunding , Confidence , And More Earnings || Sustainable growth agenda picks up pace - Daily The Patriot || Failed Strait of Hormuz blockade forces US pivot as Iran strategic patience and leverage grow || Europe Cuts Off Funding for Chinese Solar Inverters || Revitalizing villages by attracting young people || A nation captured by the military industrial complex : US military budget greater than next EIGHT countries combined – NaturalNews . com || Hal Lambert Falsely Claims China Is Paying Trump Tariffs || China stopped issuing new robotaxi licenses over a glitch . America cant stop them from rolling into active shooter situations || Before Trump Beijing visit , US warns China with visa sanctions over stalled deportations of migrants : Report || Asia battles rising , uneven toll of energy crisis caused by Iran war || Op - Ed : The copper supply crisis is a sulfur management crisis || Wall Street drops from its records and oil prices jump as uncertainty rises about the Iran war || Wall Street falls from its records and oil prices jump after fighting flares in the Middle East – KTBB News , Weather , Talk || Matson ( MATX ) Q1 2026 Earnings Call Transcript || Coal Gasification Strategy : Boosting India Chemical Industry and Energy Security || Tanzania Resorts to Fast - Track Digital Education to Suit the Globe Digitized Economy || Why NASA Artemis moon program could fall victim to SpaceX AI ambitions || Stocks slide and oil prices jump after fighting flares in Middle East || CHINA - GUANGXI - LIUZHOU - LUOSIFEN - SMELL EVALUATOR ( CN ) || US to announce Norway inclusion in Pax Silica group with aim to counter China || ASX 200 Today : Index Closes Lower As RBA Hike Rates For 3rd Consecutive Meeting || Rio Tinto , Resource Minerals and Sidney top April mining ranks || White House Considers Vetting AI Models Before They Are Released || Plentisoft : CoC Vault Goes Live Ahead of South Africa 20 September Trade Deadline || Recent Relaxation Of Chinese Investments Ineffective || 2026 - 05 - 05 | Ashram Project Fluorspar Development Update | TSXV : MRZL || Goldman Sachs Warns of Key Fuel Shortages As Hormuz Disruption Hit Oil || Shanghai Cooperation Organization Development Bank weighs Azerbaijan membership || Gold Prices Bullish in May , Correction Likely in July : SMC || Wall Street retreats , oil prices jump on conflicting reports of a strike on US Navy vessel near Iran || Beijing bans US sanctions on five Chinese companies , signals legal recourse || TCS Co - hosts Side Event on Sand and Dust Storms and Signs MOU with ESCAP at CS82 || US Jobs Report to Show Resilience in the Wake of Iran War || US Naval Ops Protect India LPG Supply , Bessent Urges China || Wall Street hesitates , oil prices climb with uncertainty about Strait of Hormuz || How Russia Backwardness Benefits Putin - CounterPunch . org || Volume Down Revenue Up Iran Oil Trade Defies the War || US stocks edge up toward more records as crude oil prices ease || Uzbekistan , China discuss cooperation in space technologies || What to know about the US military presence in Europe || Minnesota legislature passes pro - Taiwan resolution || Why the stock market is shifting back to an earnings - driven regime || Indo - Pacific trade pact losing relevance under Trump aggressive strategy : GTRI || CPEC and Pakistan Energy Security After Hormuz Disruption - Pakistan Today || Great Power Competition And The Impacts Of America First Economic Statecraft In Africa || Beijing : Waiver or no waiver , Chinese tourists still need to apply for visa || A US - India partnership for the AI age || Wang Zhuoqiong – Asia News Network || Trump says he looks forward to Xi summit even as tensions mount || Taiwan : The Island That Discovered the Weight of China || Trump gambit to move ships through the Strait of Hormuz tests the fragile ceasefire | Politics || Destination news : tourism value recognized with the newly - created Argentinean Ministry of Tourism || G7 Trade Ministers To Meet But Not Discuss Latest US Tariff Threat || Over 300 women trained in affiliate marketing || Gold price prediction today : Why gold prices are expected to be vulnerable due to rising oil prices - Check May 5 , 2026 outlook || Exclusive - US prepared for visa sanctions on China over migrants issue , official says || World Bank cuts East Asia and Pacific 2026 growth forecast to 4 . 2 % || Persistence Market Research Pvt . Ltd .: Material Handling Equipment Market to Reach US$ 424 . 6 Billion by 2033 ; Expands Amid E - commerce and Automation Growth || Iran after Khamenei : IRGC still holds power and economy || Argentina auto parts industry feels the pain from Milei shock therapy || Industrial policy now has broad World Bank approval but the case for universal adoption remains unclear || The Latest : US pushes to reopen Strait of Hormuz as Iranian attacks on UAE strain ceasefire || If Iran Falls , China Empire Falls With It ( Here Why ) || Opinie | Xi Jinping wants China to read more as long as it the right books || Asian finance leaders ready to act vs volatility || US naval ops to safeguard global energy , India LPG supply , says Treasury Secy Bessent ; urges China to help reopen Strait of Hormuz || California Battery Array Is as Powerful as 12 Nuclear Power Plants . Here What on the Horizon . || To make coal white , it foolish to wash it in milk  – The Island || Going home , young sci - tech returnees plug into China innovation drive || Fragile US - Iran ceasefire tested as Trump orders military to guide ships through the Strait of Hormuz || Xinhua Headlines : May Day outbound travel boom points to rising consumer confidence in China || Matson , Inc . ( NYSE : MATX ) Q1 2026 Earnings Call Transcript || Hong Kong posts strongest quarterly growth in years in Q1 || ON ( ON ) Q2 2025 Earnings Call Transcript || New world disorder : China security dividend - Pakistan Observer || Wall Street hesitates and oil prices climb with uncertainty about the Strait of Hormuz – KTBB News , Weather , Talk || With range anxiety and cost concerns , what will it take to get electric HGVs trucking ? || Chinese manufacturing defies Mideast energy shock || The Growing Downside Risks For Palantir Investors || The Fight for the Strait of Hormuz Is Under Way After weeks of drift and wishful thinking , the United States appears to have begun the effort to reopen one of the world most critical shipping lanes . By Aaron MacLean || Irish regulator opens inquiry into Shein over data transfers to China || Mont Royal Resources Limited : Ashram Project Fluorspar Development Update || White House considers government reviews for AI models , NYT reports || Thunes and Vodacom Tanzania Unite to Power Cross - Border M - Pesa Payments Across China and Uganda || Economic Slowdown : What it means for the IT industry ? || Candel Therapeutics ( NASDAQ : CADL ) Stock Price Up 6 . 1 % – Should You Buy ? || Wall Street drops from its records and oil prices jump after fighting flares in the Middle East || New Data Center Developments : May 2026 || Apparel makers to seek clarity on US cotton tariff deal || CoC Vault Goes Live Ahead of South Africa 20 September Trade Deadline – IT Business Net || Stock markets today : Wall Street drops , oil prices jump || Better governance has improved South China Sea ecology || ترمب : أرفض الحرب ولن أسمح لإيران بامتلاك النووي || Jonathan Turley vs . the Mob Jonathan Turley reveals the threat that mobocracy embodies against a healthy , stable republic Warren Beatty || Bessent calls on China to help reopen Hormuz Strait | Hellenic Shipping News Worldwide || How a Two - Cent Item Threatens U . S . National Security || Ray Dalio Sounds Alarm On  Risky Period  For US Why Elections Could Trigger Instability || Latest Fraser Institute study focuses on Canada trade dependence on U . S . | GX94 Radio - Now That Country ! || A jittery CEO crowd at Milken looks abroad for growth and answers || Trump says AI will probably kill jobs but also  create a lot of jobs || Tony Blair warns Europe risks  falling behind  on energy | Politics | News || India Jobless Growth Problem | India Top - Heavy Boom and Bangladesh Lesson | India vs Bangladesh Economic Development || Ghana : Over 300 Women Trained in Affiliate Marketing || CashKaro grows 72 % to Rs 600 cr , enables over Rs 10 , 000 cr in sales to partner brands || Budget 2026 - 27 | Finland - Mauritius Bilateral Relations ( Part 1 ) : Can Mauritius Blossom with Nordic Ambition ? || TOP Financial Group Limited Announces Receipt of Nasdaq Notification Regarding Minimum Bid Price Deficiency || China Suspension of Robotaxi Licenses Sparks Global Safety Concerns || White House considers vetting AI models before they are released"
2026-05-06,119,"BLF funds earn 5 . 67 % return in first quarter || US presses China over Iran support || MetroTrans 2026 will launch in Guangzhou , China - Save The Day : 9 - 11 Nov , 2026 || Trump Warns Of  Much Higher Level  Strikes If Iran Refuses Deal || Why Trump is Defending Xi Jinping Silence on the Iran Blockade Ahead of a High - Stakes  War Endgame  Summit in Beijing || US job openings , hires point to stable labor market || Iran Araghchi holds talks with China Wang Yi in Beijing - Grenada Chronicle – Daily Grenada And Caribbean News || AID 2026 to Showcase Booming Opportunities in Silver Economy || Donald Trump warns Iran bombing  will start again  if no deal || Has Santa Marta fuelled a turning point in fossilised development policies and carbon - dependent economies ? || China top envoy tells Iranian counterpart  comprehensive ceasefire  is needed || US firms could face exclusion under new EU cyber bill , lead lawmaker says || Jim Desmond , CA - 48 candidate , 2026 primary election questionnaire || Trump threatens Iran with bombing if it doesnt reopen strait || The geopolitical weaponisation of mining narratives against Zimbabwe development || Sea lanes are being disrupted . And an old Chinese frontier town is back in the spotlight || China , Iran hold talks to discuss opening of Strait of Hormuz || China to inject $43 . 9b into major State banks || Europeans Are Quiet Quitting the United States || Chinese foreign minister urges  comprehensive ceasefire  in Iran war | Bridport and Lyme Regis News || President Trump threatens to bomb Iran if it doesnt reopen Strait of Hormuz || ATRenew to Report First Quarter 2026 Financial Results on May 19 , 2026 || ICT shows the way to empowering rural women || Danantara acquires less than 1 % stake in GoTo , show IDX filings || Banking sector stocks : These 6 banking stocks have an upside potential of up to 24 % in 1 year , according to analysts || US officials seek to maintain ceasefire with Iran || UN resolution threatens Iran with sanctions over Strait of Hormuz || Trump threatens Iran with bombing if it doesnt reopen Strait of Hormuz || How the War with Iran Is Shaping U . S .- Chinese Competition || US and Iran appear to move closer to ending their war as Trump threatens more bombing || Trump seeks to preserve Iran ceasefire as UAE says missile and drone attacks continue || Chinese foreign minister urges  comprehensive ceasefire  in Iran war || Trump says he paused US effort to guide stranded vessels out of Strait of Hormuz || Extra capacity aids return travel peak || Trump threatens Iran with bombing if it doesnt reopen Strait of Hormuz – Butler Eagle || Industry Leaders Warn Chinese EV Imports Will Undercut Canada Auto Sector , Bring Major Security Risks || From fiction to reality -- Beijing Review || Trump advisers step up their calls on China to help open Strait of Hormuz ahead of Beijing summit - Las Vegas Sun News || India has room to see through global energy shock as inflation stays within band , says IMF Krishna Srinivasan || Iran Araghchi holds talks with China Wang Yi in Beijing - Dominican Republic Post – Caribbean News , Business , Travel & Culture || UAE Shock Exit Leaves OPEC Weakened and the Global Oil Order Rewritten || After Beijing openly defies US sanctions , Trump says China has  been very respectful || The Fertility Panic Is a Racist , Sexist Tool to Push More Austerity || U . S . job openings , hires suggest labour market recovering after recent struggles || Markets soar , oil prices plummet as hopes rise for U . S .- Iran peace || Oil prices retreat and global stocks hit record highs after Trump hails  great progres on Iran deal – business live | Business || Investors Are True Chip Chasers || Stock Market Today : S & P 500 , Dow Futures Advance As Trump Pauses  Project Freedom  Super Micro Computer , || Taiwan detects 7 Chinese vessels , 1 ship around itself || Thomas Mapfumo on South Africa xenophobia crisis – Nehanda Radio || US forces guide first commercial ships safely through Strait of Hormuz || U . S . oil futures : Oil price crashes after Donald Trump makes shocking Strait of Hormuz decision || Technological Revolution Heralds A New Dawn For Financial Markets || Trump advisers step up their calls on China to help open Strait of Hormuz ahead of Beijing summit || Araghchi in Beijing : How China could shape the direction of the US - Iran war || On Iran , Trump Has Backed Himself and Much of the World Into a Corner || US pauses naval escorts through Hormuz as progress made on peace deal || Morocco Argan Oil Industry Targets China New Zero - Tariff Market || Final Trade May 5 : Markets Slip on Rupee Weakness , Global Tensions ; Midcaps Show Resilience – The Indian Awaaz || Proposed UN resolution threatens Iran with sanctions if it doesnt allow freedom of navigation || Kenya : Russia African Recruitment Web Is Expanding || Hua Hong Semiconductor Stock Surges to Multi - Year High Amid AI Boom || Oil prices fall , stocks rise on hopes for a deal to allow crude flow || Why we need to course correct in 2028 || Breitbart News to Host Policy Event with Secretary Doug Burgum on Harnessing American Power || US attempt to open Strait of Hormuz tests fragile Iran war ceasefire || The U . S . trade deficit widened in March . That might be good news . || Ireland DPC investigates Shein over EU data transfers to China || US officials seek to maintain ceasefire with Iran , UAE says it was attacked || China regional slowdown : Painful but necessary ? || Etihad ups its Abu Dhabi – Chengdu frequency to daily || Trump puts  Project Freedom  on hold , saying he hopes to finalise a deal with Iran | US - Israel war on Iran || Trump pauses US effort to guide vessels out of Hormuz || Global adoption of U . S . stablecoins comes with risk says Barry Silbert || Wall Street soars , oil plunges as China calls for comprehensive ceasefire in Iran - US war || Reopen Hormuz route quickly , stick to no - nuclear pledge : China to Iran || Tuesday , May 5 , 2026 - News Archive - The Auto Channel || Otti approves feasibility study for proposed Abia seaport || China top envoy calls for  comprehensive ceasefire  in the Iran war || AID from Shanghai Aging Industry Development Co ., Ltd .: AID 2026 to Showcase Booming Opportunities in Silver Economy || China top envoy calls for a  comprehensive ceasefire  in the Iran war || Economic vitality reflected in holiday boom : China Daily editorial - 南海网 || Oil prices fall , stocks rise on hopes for Strait of Hormuz reopening || Stocks Set to Open Lower as Oil Prices Climb on Renewed Middle East Tensions , U . S . Jobs Data and Earnings Awaited || Devina Mehra : China long game is clearly working and it has left even the mighty US exposed || The hypothesis of the collapse of powers like Iran fails in the real world || LABRADOR IRON ORE ROYALTY CORPORATION - RESULTS FOR THE FIRST QUARTER ENDED MARCH 31 , 2026 || The Commodity Markets Outlook in eight charts || Chinese foreign minister urges  comprehensive ceasefire  in Iran war | Darlington and Stockton Times || US Pushes Back After Iran Strikes UAE : Will Fragile Ceasefire Survive As Trump Launches  Project Freedom ? || CPEC PHASE 2 . 0 , 75th Year of Pak - China Diplomatic Relations and President Asif Ali Zardari 2026 Visit to China || One - person companies rise in popularity , gain policy support || China top envoy meets with Iran in Beijing || Trump threatens new wave of  higher intensity  strikes on Iran || Ahead of Trump - Xi summit , Rubio urges China to help open Strait of Hormuz || Lithium Mining in the Democratic Republic of the Congo || Dollar Rises as Iran Tensions Escalate || Dont call it a sovereign wealth fund – Canadian Dimension || Labour dices with Gulf crisis as Britain faces an economic catastrophe : ALEX BRUMMER || China humanoid robot boom faces reality check as 150 companies chase a market where only 23 % of buyers are satisfied || Donald Trump changes his mind on AI || Boeing ups China outlook for airplane demand || US President Verbally Attacking Pope Again || Trump Threatens Iran With Bombing if It Doesnt Reopen Strait of Hormuz || Beijing lobbying offensive on the EU Cybersecurity Act in numbers || Trump threatens Iran with bombing if it does not reopen Strait of Hormuz || China top envoy calls for a  comprehensive ceasefire  in the Iran war - WSVN 7News | Miami News , Weather , Sports || Dow Jones Top Markets Headlines at 9 PM ET : Chip Makers Push Nasdaq , S & P 500 to Fresh Highs | South ... || The Latest : Hegseth and Caine say ceasefire between the US and Iran is not over || Analysis : Could China push Iran towards peace ? But it will something in return || SRN - US News - Taylorville Daily News || Dongwoon Jumps 8 % on Saliva Test ... Biosolution Looks to US [ K - bio pulse ] || Kyodo News Digest : May 6 , 2026 || Saudi wealth fund PIF opens Shanghai office to facilitate China dealmaking || Anxious Chinese Young People are Turning to Fortune Telling || Amid a Fractured Global Economy , China Reliability Emerges as a Strategic Anchor || Large - cap stocks to buy : For investors with patience , experience , and anxiety appetite : 5 stocks from different sectors with upside potential of up to 21 % || The  China Shock  of the 2000s Says AI Wont Kill Jobs , Torsten Slok Says || Australia seeks Fiji security deal despite China fears"
2026-05-07,147,"High - quality pivot urged for e - sellers || MetroTrans 2026 will launch in Guangzhou , China - Save The Day : 9 - 11 Nov , 2026 || Trump Warns Of  Much Higher Level  Strikes If Iran Refuses Deal || Trump threatens bombing as Iran weighs US deal || Doing Business in Africa : 6 May 2026 || Robots prove an economic driver for China || AID 2026 to Showcase Booming Opportunities in Silver Economy || Iran reviews U . S . proposal as Trump pressures for agreement – NBC New York || Holiday consumption market underscores new growth drivers of Chinese economy || Oil prices sink and stocks leap worldwide on hopes for a reopening of the Strait of Hormuz - Boston News , Weather , Sports || Iran Is Using Alternative Routes To Bypass US Naval Blockade || Iranian foreign minister visits China with a precious trust || Taiwan detects 22 sorties of Chinese military aircraft , 6 naval vessels , 1 ship around itself || Fresh graduates in Singapore earn higher wages than in most East Asian economies : MOM || Holiday consumption market underscores new growth drivers of Chinese economy -- Beijing Review || Texas Republicans have a data center problem || China Commerce Ministry orders firms to defy U . S . sanctions on Iranian oil || The Decoder : How Mei Gechlik Became the Authority Governments and Corporations Call on for China Intelligence || Oil prices sink and stocks rally worldwide on hopes for a reopening of the Strait of Hormuz || China Economic Review May 7 -- China Economic Net || Iran reviews U . S . proposal as Trump pressures for agreement – NBC4 Washington || Saudi PIF expands China footprint , opens Shanghai office || Iran war day 69 : Tehran  reviewing  US proposals ; Israel bombs Beirut | US - Israel war on Iran News || China ready to help restore peace , stability in Mideast || Trump threatens Iran as Strait of Hormuz crisis deepens || China , Bangladesh FMs hold talks , vowing to deepen friendship , practical cooperation -- China Economic Net || Tata and JSW to spend $1bn building India way out of Chinese battery dependence || Ecology and economics are allies , not rivals || Economic vitality reflected in holiday boom : China Daily || Iran reviewing US proposal as Trump pressures Tehran for agreement || Trump Suggests Iran War Could End Soon As Markets Rally , Oil Prices Fall ( Worthy News In - Depth ) || U . S . and China weigh AI cooperation amid global security concerns || US and Iran appear to move closer to ending their war as Trump threatens more bombing - Boston News , Weather , Sports || U . S . fires on Iran tanker as Trump pressures Tehran for deal || Markets surge as oil prices fall 7 . 8 % | Northwest Arkansas Democrat - Gazette || First ever Hainan Airlines Boston to Beijing flight launched || US and Iran appear to move closer to ending war as Trump threatens more bombing || Politicized fragmentation is the wrong prescription || Dubai Chambers discusses ways to enhance bilateral business ties with China || Xiao - I Corporation Announces ADS Ratio Change with Marketplace Effective Date on May 11 , 2026 || U . S . fires on Iranian oil tanker as Trump pressures Tehran for deal to end war || Global Market Today : Asian stocks rise with optimism over Iran deal || First Tick : Top global cues to watch in today trade || Trump threatens Iran with bombing if it doesnt reopen Strait of Hormuz || SECP records highest number of company registrations in April 2026 || Tata Group and JSW Group plow $1 billion in EV , battery tech || China has played a key role in the Iran war – and will continue to do so || MSNBC Fact Checks Pence on Economy , Says Obama Should Get Credit || US fires on Iranian oil tanker | News , Sports , Jobs || China willing to deepen cooperation with Uzbekistan in various fields : Premier Li || US and Iran appear to move closer to ending their war as Trump threatens more bombing || Tata , JSW conglomerates to plow $1 bn in EV , battery tech to reduce dependence on China : Report || China foreign exchange reserves up 2 . 05 pct in April || China asks banks to pause new loans to US - sanctioned refiners || China stands by Iran right to safeguard national sovereignty : Iran FM Araghchi || Iranian foreign minister visits China with a precious trust : Global Times editorial || Chinese aviation regulator issues licenses for pilots to fly home - made airships || Oil prices sink and stocks leap worldwide on hopes for a reopening of the Strait of Hormuz || IBEX consolidates 18 , 000 level as markets await diplomatic breakthroughs || Economic Update : Mainland China and South - East Asia || China May Day tourism sees rise in trips , spending data yet to be released || Iran reviewing US proposal as Trump pushes for agreement on deal to end war || US and Iran closing in on agreement aimed at ending war || US and Iran appear to move closer to ending their war as Trump threatens more bombing – Winnipeg Free Press || AI boom keeping markets elevated despite geopolitical noise : Mark Matthews || China urges opening of Hormuz in Iran talks before Xi - Trump meet || Hong Kong stocks close 1 . 57 pct higher || Southeast Asia ought to bail out private budget airlines as fuel costs surge here why || US fires on Iranian oil tanker as Trump pressures Tehran for deal to end war || Hormuz appears set for reopening as US , Iran announce lifting blockades || China has become  training ground  for global carmakers - People Daily Online || US fires on Iranian oil tanker as Trump pressures Tehran for deal to end war ( copy ) || Iran reviewing US proposal as Trump pressures Tehran for agreement on deal to end war – KTBB News , Weather , Talk || Markets surge as oil prices fall 7 . 8 % | The Arkansas Democrat - Gazette || Bangladesh seeks China support in Teesta river restoration project || South Korea and Taiwan close in on India m - cap || Nation seeking to attract more international students || Chinese exporters  numb  to U . S . threats as Trump set to visit || NICHOLAS SHUBITZ | Thailand strategic pivot towards Brics || As Priorities Change for Both Sides , China Engagement with Africa Enters a New Phase || How the Trump administration became an activist investor || Tata Group , JSW to plow $1 billion in EV , battery tech || China says ties with Bangaldesh not directed against any  third party || Shanghai gearing up for consumption bonanza || Drive for energy security creates a more complex landscape for businesses | A & O Shearman || Iran reviews U . S . proposal as Trump pressures for agreement – NBC10 Philadelphia || Iran reviews U . S . proposal as Trump pressures for agreement – NBC Bay Area || China Eastern flight from Australia to Europe review || China ramps up reform of smaller lenders || What exactly can Trump accomplish at the China summit ? || Chinese firms say tariff threats no longer scare them || US fires on Iranian oil tanker as Trump pressures Tehran for deal to end war - Las Vegas Sun News || Wall Street dares to ask if China property turnaround is close || Foreign exchange reserves rise back above US$600bn || Sink Or Swim : China 4 Bold Moves To Save Its Economy || China May Day overall tourism activity rises , but travellers are cautious || US strikes Iranian tanker as Trump pressures Tehran for deal amid escalating regional tensions || Iran reviewing US proposal amid Trump bombing threat || Over 98 % of stablecoins are dollar backed . That good for the U . S . until it not || McLaren singles out  very interesting  and  smart  Red Bull F1 innovation || China backs DeepSeek at $50bn valuation || Chinese exporters  numb  to US threats as Trump set to visit || Sino Land Recognised Among Top 1 % in China Real Estate Development Sector for ESG Performance || The Cracks In The Concrete : Inside China Hidden Fiscal Crisis || Iran reviewing US proposal as Trump pressures Tehran for agreement on deal to end war || US attacks Iranian ship , issues threats | The Arkansas Democrat - Gazette || China , Uzbekistan vow to promote mutually beneficial cooperation - Xinhua || China youth are ditching the rat race , and its spies say foreign countries are to blame || Warrnambool City Council frst Asia trip since 2018 begins | The Standard || China , Bangladesh FMs hold talks , vowing to deepen friendship , practical cooperation || Markets today : Wall Street surges , oil dives on Iran deal hopes ; ASX set to jump || Global Times : How paper - thin coils from Benxi illustrate revitalization of China steel sector || AMD Q1 2026 Earnings : Datacenter Sales Mark Shift In AI Purchase Cycles ( NASDAQ : AMD ) || Trump claims he close to a deal with Iran and  if they dont agree , the bombing starts || Bangladesh Seeks Chinese Assistance in Teesta Mega - Plan || Linglong Tire Presents Sustainable Concept Tire at World Business Council for Sustainable Development || Is the Iran War Pushing Southeast Asia Into China Arms ? || Fertility patients vulnerable to social media overload of misleading data where evidence and algorithms collide || US and Iran appear to move closer to ending their war as Trump threatens more bombing - WSVN 7News | Miami News , Weather , Sports || Dilemmas of  hurting economie – the case of Sri Lanka – The Island || China Path : A Model for Global Growth || Marcos faces crisis as fragile Philippines punished by oil shock || Foreign Ministry Spokesperson Lin Jian Regular Press Conference on May 6 , 2026 || Higher Open Called For China Stock Market || Gold bull cycle faces short - term oil shock risk , but there is good news says State Street Doshi || China sees surge in one - person companies in AI era - People Daily Online || Republican  Green energy fantasies and casualties - Watts Up With That ? || US fires on Iranian oil tanker as Trump pressures Tehran for deal to end war - Boston News , Weather , Sports || Stock Market Today : Dow Jones , S & P 500 Futures Advance As Trump Celebrates Record Gains Fortinet , Whirlpo || Move towards global consensus guidelines on surrogacy with mounting concerns over human rights violations || Trump threatens Iran with bombing if it doesnt reopen Strait of Hormuz | Washington || U . S . and Iran appear to move closer to ending their war as Trump threatens more bombing || As military might fails to secure victory over Iran , Trump makes rare turn to diplomacy || Iran reviews US proposals as Trump threatens new wave of bombing unless deal is reached || Antonelli Joins Senna and Schumacher in Elite F1 Club || Trump threatens Iran with bombing if it does not reopen Strait of Hormuz || Bangladesh turns to China on Teesta project , casting shadow on India ties || Everything Is NOT Awesome : Propaganda , War , and the Shadow of the Epstein Files || Zim firms ready to cash in on China zero - tariff policy - Newsday Zimbabwe || Pakistan says it expects a deal soon || Foreign Ministry Spokesperson Lin Jian Regular Press Conference on May 7 , 2026 || Global bombshell as China torpedoes Trump plans :  The meeting with Xi will not become a tool for Iran submission || China top envoy tells his Iranian counterpart a  comprehensive ceasefire  is needed || Why Beijing Killed the Manus - Meta Deal || CityWalk e - Bike Inc .: Starstream Entertainment Inc . Completes Name Change to CityWalk e - Bike Inc : A Company Focused on Electric & Hydrogen e - Bike Rental & Manufacturing in China : Begins Trading Under New Symbol OTCID : CWLK || Australia seeks Fiji security deal despite China fears || UV Curable Ink Market Report : Analysis of Competition and Future"
2026-05-08,164,"There is a need for collective action : Middle East crisis dominates Asean Summit in Cebu || Future of US - China relations amid AI threat || Trump war brings dire economic straits || China April bank lending seen plunging amid soft credit demand : Reuters Poll || LAWSUIT ALERT : Investors who lost over $250 , 000 in Super Micro Computer , Inc . ( NASDAQ : SMCI ) shares purchased between April 2024 and March 2026 should contact the Shareholders Foundation || Super Power To Spare : How Battery Tech Illuminates Competition Between U . S . & China || The U . S . and China : IMF Caught in the Crossfire || Federal court rules against Trump new global tariffs – NBC4 Washington || No more war : Europe  good life first  | Israel National News || AI use surges globally but rich - poor divide widens , Microsoft says || Federal court rules against new global tariffs Trump imposed after loss at the Supreme Court || US fires on Iranian oil tanker , Trump pressures Tehran for deal to end war | News , Sports , Jobs || China tightens its grip on Central Asia through Uzbekistan || Pacific Business Brief : New digital token proposed in CNMI and James Marape China mission || FOCPEN , experts hail Tegbe , new power minister , back presidential || Texas Republicans have a data center problem || China Focus : China May Day holiday trips , spending both rise year on year - Xinhua || China pledges to step up algorithm governance on lifestyle service platforms - Xinhua || Taiwan detects 12 sorties of Chinese aircraft , 6 vessels , 2 ships around itself || OPINION : Pragmatism Driving Africa Quiet Yuan Shift » Capital News || The united kingdom cannot allow unions to ruin its AI revolution || Street Talk for May 8 , 2026 - SHOOTonline || CNBC Daily Open : Leadership challenge swirls around Starmer || What to watch for in high - stakes Trump - Xi meeting | Radio Free 102 . 3 KJLH || Mythos moment is a wake - up call - The Tribune || Update : China May Day holiday trips , spending both rise year on year || Shenzhen leads China low - altitude economy development || China on track to reach high - income status in one to two years – phnompenhpost . com || China Warns of  Red Line After Israeli Lawmakers Visit Taiwan Amid Deepening Ties || Federal court rules against Trump new global tariffs – NBC 7 San Diego || Xinhua photos of the day - Xinhua || The global oil crisis seems to be helping one industry : renewable energy || Stock recommendations for 8 May from MarketSmith India || Federal court rules against new global tariffs Trump imposed after loss at Supreme Court || Dollar dominance faces China test - Mangalorean . com || Iran war ceasefire is challenged with new attacks || Rep Report for May 8 , 2026 - SHOOTonline || Germany and Japan are rearming . Trump deserves credit || Qualcomm stock : Qualcomm stock jumps 15 % as AI partnership with OpenAI , new Snapdragon chips and strong earnings boost investor confidence || Iran wants oil tariffs paid in Chinese yuan – is power of US petrodollar in decline ? || Federal court rules against Trump new global tariffs – NBC Connecticut || China May Day holiday trips , spending both rise year on year || Subnational Diplomacy in a Fragmenting World || MACAU DAILY TIMES 澳門每日時報Service sector driving high - quality growth || Stock Market Today : S & P 500 , Dow Jones Futures Rise Amid Trump  Love Tap  To Iran Near Hormuz Strait Cl || AP Business SummaryBrief at 5 : 17 p . m . EDT || Why iShares Core MSCI Emerging Markets ETF Can Still Compete || Sabah - Dalian pact anchors maritime and blue economy || AMG Critical Materials N . V .: AMG Announces Results of its 2026 Annual General Meeting || How China Wins at the UN Without Really Trying || What does China want out of Trump visit ? || Can stablecoins , CBDCs and tokenised deposits create a new era of instant banking ? || China Unwinding of the Manus Deal Highlights a Key US Advantage – The Diplomat || Stellantis And Leapmotor Announce Their Intention To Take Their Strategic Partnership To The Next Level || Africa investment opportunity : What US investors want and how finance is adapting || China May Day overall tourism activity rises , but travellers are cautious | 100 . 7 MIX - FM | Today Hit Music || What included in talks to end the Iran war and reopen Hormuz ? || Bangladesh seeks China support for Teesta restoration project || UAE reports drone , missile attack as Iran war ceasefire is challenged || Italy Probes Chinese Tech Investments Over Security || UAE reports drone and missile attack as Iran war ceasefire is challenged || Why the UAE Left OPEC | OilPrice . com || Trump invites Boeing , Mastercard CEOs to join China trip next week : sources || Federal court rules against Trump new global tariffs – NBC Los Angeles || Fevertree Drinks And 2 Other united kingdom Stocks That Might Be Trading Below Their Estimated Value || China May Day overall tourism activity rises , but travellers are cautious | The Mighty 790 KFGO || China on track to reach high - income status in one to two years || Raja Venkatraman , MarketSmith recommend five stocks for 8 May || Opinion | Hong Kong needs the people wisdom for its 5 - year plan to succeed || China foreign exchange reserves up 2 . 05 % in April || Inside the global battle over chip manufacturing with Chris Miller || Federal court rules against Trump new global tariffs – NBC10 Philadelphia || Indians Are Feeling The Economy Grow In Real Time || Outside In | Prepare for  China shock 3 . 0  to the global food economy || No AI , poor returns drive Indian investors to foreign markets || China Focus : China May Day holiday trips , spending both rise year on year || Space Is Becoming Climate Infrastructure , And China Knows It || Trump administration claiming  win  against Iran – here report card || Worrell : Currency shifts wont affect Caribbean economies || Asia - Pacific Community : Cambodia reaps dividends from China BRI projects as win - win partnership gains steam || Federal court rules against new global tariffs Trump imposed after loss at the Supreme Court - Boston News , Weather , Sports || Iran reviewing US proposal as Trump pressures Tehran on deal to end war || Humanoids , robots to drive next chapter of China manufacturing dominance : Morgan Stanley || Inside the Middle Corridor push : Georgia and Turkmenistan shift into execution mode || Take Five : Trump on Tour | MarketScreener || Two Bets On The Future Of Wind Energy : Who Is Right ? || Why the AI job apocalypse ( probably ) wont happen - Las Vegas Sun News || China May Day overall tourism activity rises , but travellers are cautious | 104 . 1 WIKY || Artificial Intelligence And The End Of Digital Security As We Know It || Rice - fish co - culture system hikes yields , study finds || China Bourse May Run Out Of Steam On Friday || Zymeworks ( NASDAQ : ZYME ) Releases Earnings Results , Misses Expectations By $0 . 49 EPS || Tech is turning increasingly to religion in a quest to create ethical AI || Federal court rules against new global tariffs || Koss Corporation Reports Third Quarter Results || China May Day overall tourism activity rises , but travellers are cautious || America must protect its drug supply from China || The fight against AI datacenters isnt just about tech – it about democracy | Astra Taylor and Saul Levin || Young urban ears increasingly tuning into podcasts || An AI of Europe , by Europe , for Europe : Keynote Speech by Luc Frieden at the European Commission Brussels Economic Forum || Cape Route Cuts SA PVoC Compliance Window to 14 Weeks for China Importers – IT Business Net || Iran wants oil tariffs paid in Chinese yuan – is the power of the US petrodollar in decline ? - 08 - May - 2026 || Federal court strikes down Trump new global tariffs as illegal || When Global Order Begins To Fracture || World getting NZ best while we eat cheap imports || SBP purchases $27b in 3 . 5 years || New wave of smart tourism gains traction during May Day holiday || China youth are ditching the rat race , and its spies say foreign countries are to blame || Stock Market Today : Benchmark indices end lower ; Sensex drops 516 pts to 77 , 328 , Nifty closes at 24 , 176 amid West Asia tensions || BioArctic : Leqembi Iqlik PDUFA date updated to August 24 in the U . S . || Hidden truth behind  all - new  Chinese SUV || FinancialContent - Why Allegro MicroSystems ( ALGM ) Shares Are Trading Lower Today || Poll : 48 % of voters back stronger security alliance with U . S . | The Asahi Shimbun : Breaking News , Japan News and Analysis || Federal court rules Trump 10 % global tariffs illegal || China bans Tibetans from creating logos featuring religious symbols in Tibet || China prepares cargo , crew , and deep space missions , as commercial sector steps towards reusability || Cameroon Looks to Deepen Trade and Economic Cooperation with China || In China far north , cold is being repriced || Goje : Why Nigeria should allow China manage electricity sector for 20 years || What to watch for in high - stakes Trump - Xi meeting || Opinion | To negotiate with China , Europe must first figure out what it wants || Forum held in Athens to mark 20 years of China - Greece comprehensive strategic partnership || Military force has got the US nowhere with Iran – here is what a realistic negotiation would look like | Christopher S Chivvis || Kyrgyzstan moves forward with hydropower plant reconstruction project || India has a Chance to Lead the World on Ethical AI || Moonshot AI Soars to $20 Billion Valuation with Landmark $2 billion Raise || In Pics : Zero - tariff policy boosts China - Africa modernization drive || Why did the Thai and Cambodian leaders meet ? || You Must Decide for Yourself If Super Micro Computer Stock Is Toxic or a Tantalizing Buy Here as Legal Drama Swirls || GSMA : €205bn funding gap leaving Europe critical infrastructure at risk || Wang Yi Holds Talks with Bangladeshi Foreign Minister Khalilur Rahman || China Labor Day Holiday Tourism Revenue Rises , but Spending Per Trip Falls || Rules eased to boost cross - border financing || AOC :  You Cant Earn a Billion Dollars || The last thing Britain wants is a Labour leadership struggle || MCD earnings : McDonald expands in China || Immersive , emotion - driven experiences redefine May Day holiday tourism mkt || German Industry Slumped in March on Outbreak of Iran War -- 2nd Update || Economic Watch : New AI - related jobs emerge amid China innovation drive || China May Day holiday trips , spending both rise year on year -- China Economic Net || Iran casts a long , dark shadow over Trump trip to China next week || Taiwan shares end down amid renewed Middle East concerns || US targets Cuba nickel operation in move with implications for China - linked supply chains || Pakistan says it expects a deal soon || Too Dangerous to Deploy : Anthropic Mythos and What Comes Next || Could China push Iran into a peace deal ? Only if it gets something in return || China foreign exchange reserves up 2 . 05 pct in April - People Daily Online || Korean firms unlikely to gain from ruling against Trump tariff || AI electricity gap fuels Weichai Power , GE Vernova shares as generator demand surges || Asia - Pacific Community : Survey shows Cambodia benefiting from China BRI projects - Xinhua || Europe Moves to Delay and Dilute AI Regulations || Review of  China minerals mafia : A global pattern of corruption , environmental destruction and human rights abuse  - Newsday Zimbabwe || China shores up Iran support as Trump seeks exit || China Export Growth Surges in April as Global Buyers Rush to Secure Supplies || US trade court rules Trump tariffs illegal , but issues narrow block || Urban Air Mobility Market worth $16 . 27 billion by 2035 - Exclusive Report by MarketsandMarkets || Why These 5 Drone Stocks Could Outperform This Summer || Tech Week Shanghai positions city as global testbed for AI governance and cross - border data collaboration || US trade court rules Trump 10 % global tariffs illegal , but issues narrow block || China marks milestone with first home - certified airship pilots || Homegrown C919 jet taking skies by storm || Italy parliamentary committee to probe Chinese tech investments || Maleic Anhydride Market worth $3 . 79 billion by 2035 - Exclusive Report by MarketsandMarkets || Neo Accelerates Advanced AI Initiatives Through Partnership with Tallinn University of Technology"
2026-05-09,178,"Fisheries Secretary Likhi visits India first ornamental fish brood bank in Maharashtra || Buffett Warning Signals Caution , Tesla Is Most Exposed , But Battery Could Face a Double Squeeze || DeSantis Introduces New Restrictions on Deals with Cuba in Florida : What Are the Implications ? || Ready to move on : Trump adviser says he growing increasingly  bored  with Iran war || Neither US nor Iran can sustain strait of Hormuz standoff indefinitely || China pledges to step up algorithm governance on lifestyle service platforms || The Gulf Separating the US and Iran Is Too Wide to Bridge || China trade beats forecasts in April despite Mideast war || Foreign Ministry Spokesperson Lin Jian Regular Press Conference on May 8 , 2026 || Congresswoman Pushes Back Against Trump ,  Not His Decision to Make || Who controls the world economic arteries ? || مسؤولون أمريكيون : صبر ترمب ينفد .. وتعنّت إيران يهدد المفاوضات || Cloudflare Lays Off 1 , 100 Employees in Preparation for Agentic AI Era || ASEAN Backs Philippine Maritime Centre , Pushes Unified South China Sea Code of Conduct || As Trump announces a 3 - day Russia - Ukraine ceasefire , Putin prepares a muted Victory Parade || A Chinese classroom at the edge of the algorithm || US disables two Iranian oil tankers trying to break Hormuz blockade || Canada universities and colleges to serve as cogs in war machine under Liberal government Defence Industrial Strategy || President Trump invites CEOs of Apple , Exxon , Nvidia on diplomatic trip to China || Trump - Xi Beijing Summit To Focus On Iran Conflict , Trade Tensions || Gains observed in major US stock market indexes || Hawaiʻi Is Letting Wastewater Harm Our Ocean When It Could Power Our Future || Macroscope | How Japan new economic model could inspire others to  look east || Trump Is  Bored  With the War He Started || The 28th China Beijing International High - Tech Expo Opens || Top 10 Weirder and Kinkier Things Bats Do Than Sucking Blood || The Unfinished Iran War : Are There Any Winners ? || Strait of Hormuz reopening : Iran war : US imposes sanctions on 10 individuals , companies from China , Hong Kong over helping Tehran to build Shahed drones , ballistic missiles . Check full list of firms || AI investment boom lifts tech stocks higher today || Trade court rules Trump 10 % global tariffs illegal || State Council sets up team to probe fireworks plant explosion in central China Hunan - Xinhua || Nepal issues record number of climbing permits for Mount Everest || US imposes sanctions on 10 individuals , companies for aiding Iran weapons sector || Opinion : China plays it smart in the Iran war || Germany seeks new alliances to counter Trump - dominated world || ultratech cement : Stock picks of the week : 5 stocks with consistent score improvement and upside potential of up to 27 % || ruchi soya industries : Six companies , six tricks in Indian balance sheets , and how investors get taken for a ride || Xinhua Headlines : Chinese brands gain global popularity with innovation and cultural appeal || Markets Weekly Outlook - Is the  Risk - On  Rally Sustainable with Rates and Energy Elevated ? || How cultural empowerment drives China high - quality development || T & T and Jaishankar visit | Letters to Editor | trinidadexpress . com || Psychosocial support is vital to help those living with infertility to overcome treatment barriers , including stigmas , myths and taboos about IVF || Letters to the editor , May 9 - 10 || India between empires : A reality check - The Economic Times || China May Day holiday showcases economic vitality through tourism boom || US imposes sanctions on companies it accuses of aiding Iran weapons sector || Dongfeng - Kim Teck Cheong tie - up to transform Sabah into commercial vehicle assembly hub || Trump trade chief says US wants balanced trade , not change to China system || Applying  Peace Through Strength  to Affordability : A Key to President Trump Wider Agenda || Latin American buyers flock to Canton Fair as China smart products shine -- China Economic Net || America Tungsten Wake - Up Call : Guardian Metal Resources Targets a Critical Supply Chain Gap || Gov . DeSantis signs bill expanding Florida restrictions on foreign influence || Albemarle ( ALB ) Q1 2026 Earnings Transcript || Search and rescue ops in Liuyang nearly over as death toll rises to 37 || Opinion - Ending military aid to Israel would be good for Israel and bad for America || Weekly Sanctions Update : May 4 , 2026 || From veto to zero tariffs : A partnership that learns together - Newsday Zimbabwe || The geopolitical battle over monetary infrastructure || AP News Summary at 8 : 30 a . m . EDT || U . S . Treasury to Borrow $2 Trillion in 2026 as Federal Deficit Hits Alarming New Normal : U . S . Treasury to borrow $2 trillion in 2026 as national debt nears $39 trillion is America quietly entering a dangerous fiscal crisis beyond Washington co... || China has outlawed companies from AI - based layoffs . Should Canada follow ? - National || Forced regime change not on table in Cuba , says ambassador || IT News Online - India has a Chance to Lead the World on Ethical AI || UAE reports drone and missile attack as Iran war ceasefire is challenged || Sierra Leone launches industrial fishing ... || GT on the Spot : Beijing Intl High - tech Expo witnesses  future has arrived  landscape built by  AI+ || Mexicans Are Feeling The Economy Grow In Real - Time || Traders Puzzled As Physical Oil Prices Tumble Amid Surging Chinese Crude Sales , Plunging Imports || Communist , socialist activists push 20 - hour workweek , property seizures as presence at protests grows || In the PR battle for data centers , tech giants got a blue - collar ally | News , Sports , Jobs || The 28th China Beijing International High - Tech Expo Opens - Thailand Business News || Cargo ships busy on Yangtze River in E China Anhui _ Guangming Online || Is Korea ready for an F1 comeback ? || Wall Street Week Ahead : Data , Iran , US - China meeting in focus for scorching US stock market || China embodied AI and path to a shared future || German Industry Contracted in March amid Iran War || London stocks drift lower as Middle East tension simmers || Stocks drift lower as Middle East tension simmers || China exports jump in April ahead of Trump - Xi summit || US sanctions China , Hong Kong firms over Iran weapons purchase || Scientists Make Water - Based Battery That Could Last 300 Years Using Tofu Brine Ingredients || River Gee Eyes Industrial Transformation Under Sen . Dopoh Agenda | News || U . S . control of Venezuela will not stop border controversy - Norton || World First | Mabwell 9MW5211 Receives FDA Clearance for Clinical Trial Application || Mapping prosperity : Trends in 2013 || Kazakhstan Kapchagay Reservoir Reaches 98 % Capacity - The Times Of Central Asia || They have screwed each other pretty badly : tensions emerge in Netanyahu - Trump alliance || China foreign trade up 14 . 9 % in first four months || US strikes Iranian tankers attempting to break blockade || Is the Iran nuclear agreement back to square one ? || Report : Trump Planning on Firing FDA Commissioner Martin Makary || How Governments , Corporations , and Technocratic Systems Are Quietly Redefining Ownership in the Twenty - First Century || Furniture latest lesson in how Washington really works | Ray Allegrezza || Financial Contrast : Meridian ( NASDAQ : MRDN ) versus CCC Intelligent Solutions Holdings Inc . Common Stock ( NASDAQ : CCC ) || Broker lifts Apple price target to $400 as AI strategy takes shape ahead of WWDC || China says exports jump 14 . 1 % from a year ago ahead of Trump - Xi summit || Kazan forum & Putin vision - Pakistan Observer || [ Gasgoo Express ] Richard Yu Announces Luxeed V9 to Launch This Month ; BMW Responds to LG Energy Solution Order Rumors || China Blinks on Iran , Tells Banks to Freeze Refinery Loans || Democratic House candidates look to take advantage of Prop . 50 changes || IRAN – ASIA Taking to the Persian Silk Road to circumvent the US blockade of Hormuz || Inside the Hormuz chokehold : a Greek shipowner struggle to pay Iran in yuan and the global pivot to gold || China says April exports jump 14 . 1 % from a year ago ahead of Trump - Xi summit || China exports rebound strongly , led by AI boom || B . C . LPG exports to China surge as Beijing diversifies energy supply || Morning Briefing : May 9 , 2026 || Jay Leno Says That Bankruptcy Saved the American Auto Industry . Should It Happen Again ? || Tech increasingly turning to faith community in quest to create ethical AI || Lessons from Katsina Self - powered Digital Initiatives – THISDAYLIVE || Strategy to ramp up oil reserves - The HinduBusinessLine || Tech is turning increasingly to religion in a quest to create ethical AI || In a world of chaos , China is where stability pays off - 南海网 || China April exports rebound strongly , trade surplus widens ahead of Trump visit || War On Iran : – Trump Discards  Project Freedom  – Another Oil Market  Peace  Scam – Loss In Trust Of U . S . Protection – Moon of Alabama || How Venezuela has – and hasnt – changed since Maduro capture || Customs eases import process at Bhairahawa border over MRP rule || Do African Countries Need AI Laws ?   | The Reporter Ethiopia || Amitabh Kant Says India Should Avoid Premature AI Regulation || India ornamental fisheries exports reach Rs 41 crore || Everything You Need To Know About One - Pedal Driving || Focusing on Embodied Intelligence , Hangsheng Signs Another Major Partnership || US imposes sanctions on 10 individuals , companies for aiding Iran || Russia Famed Victory Day Falls Short of Triumph || AP Business SummaryBrief at 11 : 41 p . m . EDT || Rubio presses Europe on Iran action as he seeks to mend ties with Italy and Vatican || China summons eight EV makers over OTA battery locking practices · TechNode || Why Manila must reciprocate Beijing goodwill || A Chinese classroom at the edge of the algorithm - People Daily Online || China says exports jump 14 . 1 % from a year ago ahead of Trump - Xi summit – Winnipeg Free Press || China zero - tariff policy on African countries : What implications for global trade ? – P . M . News || Nuclear watchdog admits losing 10 work smartphones , including highly sensitive device in China || China trade beats forecasts in April despite Middle East war || Iran War : Iran Yet to Answer US Proposal as Recent Exchange of Fire in Gulf Exposes US Weapons Shortages ; More on Poor Prospects for Global Economy , Resumption of Old Normal Gulf Traffic Levels || Uruguay Archives - Blueprint Newspapers Limited || Southeast Asian leaders seek strategy to ease impacts of Iran war || What to Expect Ahead of Next Week Trump - Xi Summit | Council on Foreign Relations || Talks between US and South Africa - Ghanamma . com || What to watch for in high - stakes Trump - Xi meeting || Muted US response to Iranian attacks deepens Gulf fears about cease - fire || Do You Think the All - New Freelander 8 Rugged SUV Could Also Find a Good Home in North America ? || US , Iran no closer to ending war as Tehran response awaited || Forum held in Athens to mark 20 years of China - Greece comprehensive strategic partnership || Global vine and wine congress to be held in China for first time - Xinhua || Central Asia growth story gets a $12 . 5B boost from Uzbekistan || China records forecast - beating April trade figures || Any Iran deal without proxy restrictions is strategic surrender || Shoffner says Farm Bill  isnt doing anything for us || China – Africa Economic Relations Reframed : Zero - Tariff For Africa || Taiwan , Japan eye joint push against China gray zone expansion in Indo - Pacific || Lyft ( LYFT ) Q1 2026 Earnings Call Transcript || OUTSIDE VIEW : Iran has exposed that the US military is losing its edge || Introducing the  NACHO  trade : How Wall Street is betting on higher oil prices and persistent inflation || Dollar Recovers Early Losses as Stocks Retreat || Franks : China growing presence in W . Hemisphere real threat to US || Concert held in New Zealand to mark Beijing - Wellington 20 - year sister city ties || Stock market next week : Outlook for May 11 - 15 , 2026 || Union Fisheries Secretary visits ornamental fish brood bank and interacted with Progressive Fish Farmers under Pradhan Mantri Matsya Sampada Yojna ( PMMSY ) at Maharashtra || US awaits Iran response as Hormuz tensions threaten ceasefire efforts || Pakistan Helps Avert Global Meltdown in Hormuz Crisis - Pakistan Today || US – Iran War : Strategic Wins and Geoeconomic Compulsions || The schism between the Pentagon and the Vatican , by Thierry Meyssan || U . S . Dollar  Collapse  A $39 Trillion Debt  Crisi Is Quietly Predicted To Trigger A Huge Bitcoin Price Boom To Rival Gold || Concert held in New Zealand to mark Beijing - Wellington 20 - year sister city ties _ Guangming Online || Bianca Odumegwu Ojukwu : Nigeria Kissinger moment || Investors contemplate the question : Sell in May or stay and play ? || China first New - Generation 747 - 8 delivered to Air China || Pacific . scoop . co . nz » Pacific Business Brief : New Digital Token Proposed In CNMI And James Marape China Mission || Zambia and the Hidden Architecture of Global Power || Japan to grant tourist visas to Chinese individuals || Editorial . Creditable step - The HinduBusinessLine || Latin American buyers flock to Canton Fair as China smart products shine || Renowned political scientist on the state of the world :  Fraught , volatile , uncertain || Taiwan detects 8 sorties of Chinese aircraft , 6 vessels , 2 ships || Marka - e - Haq : Infinite gains , zero losses || The New Great Game : How Iran , America , Israel and the Gulf Are Rewriting the Financial Architecture of Global Power || Newsom again shuts down gas tax holiday amid skyrocketting fuel prices in California || JACK STRAW :  Labour MPs are panicking over election drubbing - I have this sensible advice || Ontario airport expansion proposal includes new terminal , six - story parking garage"
2026-05-10,135,"On Russia Victory Day , India salutes a joint fight || US imposes sanctions on Chinese firms over alleged aid to Irans defense sector || Arabian Travel Market 2025 is Ready to Open Tomorrow in Dubai || US , Iran no closer to ending war as Qatari tanker sails toward Strait of Hormuz || ASHLEY NYIKO MABASA | SA has a narrow window to capture Asia coal market || India women recurve team beat China to win gold in Archery World Cup Stage 2 || Crude Oil and The 900 - Million Barrel Question - The HinduBusinessLine || U . S ., Iran no closer to ending war as Qatari tanker sails toward Strait of Hormuz || Tesla Model Y L . Why Would You Pick The Y ? || Iran war could make Trump trip to China a bit chillier than his first - term visit || China Focus : One year on , new marriage rules deliver a nuptial uptick and spending boost - Xinhua || Donald Trump will arrive in Beijing this week knowing that Xi holds all the cards | Simon Tisdall || US Imposes Sanctions on Companies It Accuses of Aiding Iran Weapons Sector || Forced offline for most of 2026 , Iranians say theyre struggling to survive || Made in Germany by ... China : VW asset sell - off and factory closures signal Chinese takeover of German automotive sector || Is US fighting  wrong war ? Iran threatens Trump $500bn Stargate project - report || Mark Carney must kill Justin Trudeau anti - growth agenda || Air China to Start Chongqing - Dubai Service || Which State is the Largest Producer of Litchi in India ? || Why global energy volatility is becoming the world next crisis || S & P 500 extends winning streak to 6 weeks . What drove the stock market gains || Abang Johari : Renewable energy , AI to drive Sarawak high - income future || Iran war disruptions spark higher costs and lost income in Bangladesh – Winnipeg Free Press || War Profiteers Multiply as Opportunists Eye  Golden Opportunity || Promising Green Energy Stocks To Follow Today – May 9th || Iran war puts the world most used chemical in short supply || Iran war is draining world oil buffer at an unprecedented pace || What They Say on Their India Plans - The HinduBusinessLine || On level of atomic bomb : Iran highlights Hormuz importance amid US talks - Grenada Chronicle – Daily Grenada And Caribbean News || US and Iran no closer to ending war as Tehran yet to respond to latest proposals || When one man , a civilian , controls the kill switch for military ops * WorldNetDaily * by Stephen Kaufman , Real Clear Wire || Canada cheapest gas and hybrid cars for 2026 || Hormuz : the chokehold that shook the world || srf : Secular , cyclical or war - dependent : A ratio to tell you what kind of growth you are buying . 6 stocks with upside potential of up to 29 % || Africa green industrialisation : AfDB in the theatre of the green economy , By Ayomide Akinwale || Iran war disruptions spark higher costs and lost income in Bangladesh - Las Vegas Sun News || IS POWER OF US PETRODOLLAR IN DECLINE ? | The Shillong Times || Proposed AI data center in Colorado Springs spurs talk on its merits , amid concerns || The Best Under - the - Radar AI Stocks to Buy in 2026 || How the Iran crisis is reshaping global politics and energy || Editorial | Grasping India pivot | Commentary || What does the Trump - Xi summit mean for the rest of us ? || China trade surplus grows ahead of Trump visit to Beijing || The world 2 most powerful men are set to meet again || Mona Charen : Trump corruption could be his undoing | News , Sports , Jobs || Energy Stocks Worth Watching – May 9th || Trump awaits Iran response amid relative calm in Hormuz | South China Morning Post || The weaponization of shipping channels || AP Business SummaryBrief at 12 : 21 a . m . EDT || Iran war disruptions spark higher costs and lost income in Bangladesh || US , Iran no closer to ending war as Qatari tanker sails to Hormuz || Why the AI revolution could change every aspect of modern life || Nuvama : Global Order Shifts to Hamiltonian Age || Casablanca Exhibition Highlights Digitization of Dental Care || Trump claims of  win  against Iran here report card || Less - muscular victory day parade shows Putin growing vulnerability || US , Iran no closer to ending war as Qatari tanker sails toward Strait of Hormuz - Middle East and Africa || AI data centers are an engine of opportunity for Wyoming || When global order begins to fracture || WLTP vs EPA vs CLTC : Why Range Estimates Differ and Which Is the Most Realistic || Sunday Good Reads for May 10th , 2026 || US imposes sanctions on Chinese firms over alleged aid to Iran defense sector || The illusion of peace through appeasing China || Global order may be entering Hamiltonian age , warns Nuvama || Is AI a new systemic risk or the bogeyman ? * WorldNetDaily * by Geoffrey Pohanka , Real Clear Wire || Stock Trader Guide to Navigating High Stakes Trump - Xi Talks || US waits for Iran reply , Qatari tanker heads for strait || US , Iran No Closer to Ending War as Tehran Response Awaited || International Business : Trump - Xi talks and war in focus for scorching US stock market || Hong Kong records 17 % jump in investments led by machinery purchases , construction || Taiwan detects 12 sorties of Chinese aircraft , 5 vessels , 1 ship around its territory || Small Cap Stocks To Watch Now – May 8th || Two Bets on the Future of Wind Energy : Who Is Right ? || Strategic quagmire : US trapped between failed military options and untenable peace terms || Electric Vehicles : Caught between Tesla and China , what choices for Europeans ? || China export growth accelerates before Trump - Xi summit || Sunday Special : Gujarat fishing trade sails into a sea change | Ahmedabad News || On level of atomic bomb : Iran highlights Hormuz importance amid US talks - Dominican Republic Post – Caribbean News , Business , Travel & Culture || Beijing blatant thuggery will go unpunished || Stablecoins : BEAC pushes digital CFA franc to preserve monetary sovereignty || Taiwan Detects Chinese Aircraft , Vessels Near Territory || China says April exports jump 14 . 1 % from a year ago ahead of Trump - Xi summit || Export - led growth key to cutting $32b deficit || China April exports rebound strongly , trade surplus widens ahead of Trump visit || Anxious Worriers With This Personality Profile Had 35 % Lower Mortality Risk || On level of atomic bomb : Iran highlights Hormuz importance amid US talks | US - Israel war on Iran News || Copper near record highs on AI , energy demand , short supply || UK sends warship to Gulf for potential Strait of Hormuz mission || China exports jump in April as trade surplus widens || Iran sends response to US proposal via Pakistan : state media || Tehran , Taiwan , trade … what are the hazards facing Trump on Xi summit tightrope ? || Chinese brands gain global popularity with innovation and cultural appeal || Iran says it has sent response to US peace proposal || Trump China Trip Unlikely to Match Warm 2017  State Visit - Plus  Visit – The Yeshiva World || What driving Samsung Securitie 40 % rally ? || What to watch for in high - stakes Trump - Xi meeting || AM Edition : Top 10 Politics Articles on LiveNews . co . nz for May 10 , 2026 – Full Text – LiveNews . co . nz || US , Iran no closer to ending war || US , Iran no closer to ending war as Tehran response awaited || Scoot airline ditches TVs in favor of iPads to save fuel || While Ceasefire Talks Stall , the U . S . Is Squeezing the Network Keeping Iran Armed || Wall Street Is Bullish on These 2 Asia ETFs . It Time to Party Like It the 1980s . || China records forecast - beating April trade figures || Ahsan Iqbal Pushes Export - Led Growth for Pakistan Revival - Pakistan Today || After Hormuz , Southeast Asia sees the potential value of tolling the strait of Malacca – Ya Libnan || Iran War Threatens Gulf Investment Boom in Central Asia || Trump talks like a China hawk but Xi may bring out his inner dove || In The Midst Of A Conflict , The UAE Pivots To Asia || Taiwan , Japan eye joint push against China gray zone expansion in Indo - Pacific || Global shock : Iran seizes control of undersea cables in Hormuz , threatens digital blackout , and demands transit fees || واشنطن تترقّب رد طهران .. لا مؤشرات على قرب نهاية الأزمة || 95 % of Vietnamese mobile - game downloads originate from abroad || India - Africa Forum Summit to focus on trade , defence and critical minerals || GOLDSTEIN : Mark Carney must kill Justin Trudeau anti - growth agenda || BYD Daniel Craig ad draws wide online discussions overseas ; diversified perspective reflects shifting perception overseas toward Chinese EV || steel tubes : Wealth creation is also about ignoring noise on the street : 15 mid - and small - cap stocks from different sectors which fit the bill || Trump – Xi Summit : Iran War Overshadows Trade Talks || Prime Minister Mark Carney Celebrates  Europe Day  by Meeting with Barack Obama and Alex Soros During Toronto Strategy Session , || May 9 , 2026 UPDATE - Radio Romania International || Freeze and wait ! Tourism is the Epicenter of the global Coronavirus Emergency || Gary Franks : China growing presence in Western Hemisphere is real threat to U . S . | Opinion || Durian craze : China love for the pungent fruit is transforming South - East Asia || Qatar LNG Tanker Crosses Strait of Hormuz Amid Iran War Tensions || Trump China Strategy , Griffin Take On Inflation , US Economy Resilience And More : This Week In Econo || Bangladesh US Trade Agreement 2026 | How Bangladesh Lost Out in the US Trade Deal | Bangladesh US Tariff Agreement || Taiwan Detects 8 Chinese Aircraft Sorties || Cats or dogs ? In East Asia , more people are becoming feline fans || Putin calls China - Russia cooperation pillar of global stability ; Chinese expert says it helps offset global turbulence driven by hegemonism and unilateralism || New economic partnership era starts in Pak - China friendship : Haroon Akhtar || China marks milestone with first home - certified airship pilots || Country walk in China : Exploring the rise of  Real China  tourism || All flights on 30 China - Japan routes cancelled in April : data analysis platform || JS - SEZ to address brain drain with higher pay scale || AI shock is looking a lot like the China shock , and that actually good news , top economist says || Baumgartner meets with defense contractors , real estate agents in Spokane stop"
2026-05-11,132,"What driving deepening Tajikistan - China partnership - ahead of Emomali Rahmon Beijing visit || Why the Philippines inflation shock is so worrying || Peso may return to P61 level if ME conflict worsens - BusinessWorld Online || Iran war could make Trump trip to China a bit chillier than his first - term visit – San Gabriel Valley Tribune || China and Russia could cause economic chaos with undersea cables , expert warns || China factory inflation hits 45 - month high || Oil prices rise after Trump rejects Iran latest peace proposal , but US stocks hold steady || China undersea cable threat raises $10T fears as Trump - Xi talks loom || Indonesia prepares to extend its under 16 - digital ban to e - commerce platforms || Trump - Xi summit : Where do US - China tariffs stand ? || Week Ahead : Inflation test , an AI IPO and US - China talks put Wall Street on edge || Big Chinese Bet Pays Off in Iran War || Iran war could make Trump trip to China a bit chillier than his first - term visit || Holiday consumption market underscores new growth drivers of Chinese economy || Zimbabwe and China zero - tariff era : Turning opportunity into national prosperity - Newsday Zimbabwe || What at stake in the upcoming Trump - Xi meeting ? || Jewellers Pitch Gold Monetisation Idea As Buying Curbs Spark Industry Alarm Over Idle Household Gold || Iran responds to US proposal to end war as hostile drones spotted amid ceasefire || Cautious optimism as Xi and Trump prepare for first 2026 summit || Ancient Chinese Civilization and Advanced Manufacturing Power Henan New Economy || Iran war could make Trump trip to China a bit chillier than his first - term visit – Redlands Daily Facts || Trump to travel to Beijing summit | The Arkansas Democrat - Gazette - Arkansa Best News Source || Trump rejects Iran peace terms , Tehran warns of new attacks || RCEP seen as key anchor for Asian growth || The world holds its breath as Trump - Xi summit approaches || Monthly Investment Report - April 2026 | Company Announcement || Xinhua Headlines : Chinese brands gain global popularity with innovation and cultural appeal || US , China eye rebalancing economic ties during upcoming Trump - Xi talks | India News || China April inflation data beats across board as energy costs reshape price landscape || Best Infrastructure Stocks To Watch Today – May 8th || Trump China visit set to test fragile truce || Rabobank :  More War Seems Inevitable || Totally unacceptable : Trump rejects Iran peace terms as Tehran warns of new attacks || Trump to discuss Iran with Xi Jinping during China visit : Officials - Grenada Chronicle – Daily Grenada And Caribbean News || Nature - based solutions to climate challenges || Xi China : dazzling technology , military muscle and an economic mess || الأنظار إلى قمة بكين .. رهان أمريكي على دور صيني لإنهاء حرب إيران || Livable cities are key to India growth || The Software Layer of China - US Tech Diplomacy || EDITORIAL : Japan needs to steer a course to unthaw chilly ties with China | The Asahi Shimbun : Breaking News , Japan News and Analysis || What to watch for in high - stakes Trump - Xi meeting – KTBB News , Weather , Talk || Economist Greatest Fear Is Almost Here - Investment Watch Blog || Iran war could make Trump trip to China a bit chillier than his first - term visit – Daily Bulletin || Iran war could make Trump trip to China a bit chillier than his first - term visit – San Bernardino Sun || My Take | The path to the future is renewables , but not in Donald Trump America || Iran war disruptions spark higher costs and lost income in Bangladesh || China consumer prices rise on Iran war oil squeeze || China  Two Autonomies  Mandate : Beijing Builds a Technological Fortress , Warning Western Giants Their Era is Ending || China may day tourism surge highlights economic resilience || Iran war could make Trump China trip chillier than first - term visit || Iran responds to US peace proposal as drones hit Gulf || International participants highlight China – ASEAN blue economy cooperation at Haikou forum || Trump says Iran peace terms are  totally unacceptable  as Tehran warns of new attacks || Bangkok Post - Chips saga a bad sign || China starts construction of world largest ice - snow test base for intelligent connected NEVs || Hormuz closure extends well beyond oil to threaten Chinese EVs : Russell || Apple , Intel and US statism versus China : Will global domination pivot on silicon chips ? || China starts construction of world largest ice - snow test base for intelligent connected NEVs -- China Economic Net || Bangladesh and China deepen strategic partnership in a new era || Breaking news live updates , May 11 : Thailand ex - PM Thaksin released early from prison || Iran War Could Make Trump Trip To China A Bit Chillier Than His First - Term Visit – 710am KURV || China Is  Locked and Loaded  for a Fight || Trump blasts  totally unacceptable  Iranian response to US proposal to end war || Iran responds to US peace proposal , warns against new attacks || China Believes America Will Flame Out || Premarket : Global stocks steady , dollar firms as U . S .- Iran talks hit stalemate || China Malacca Dilemma , After the Hormuz Blockade || India cannot become a technology power without R & D power || US , India not doing enough on trade , investment : US Asst Secy of Commerce David Fogel || Iran War Hangs Over China Summit || China says April exports jump 14 . 1 % from a year ago ahead of Trump - Xi summit || Donald Trump update : Iran war could make US president trip to see Xi Jinping in China a bit chillier than his first - term visit || Trump sees a  big , fat hug  from China Xi , but Iran war adds trip tension || Trump administration claiming a  win  against Iran here a report card || Family marque - BusinessWorld Online || Totally Unacceptable : Trump Rejects Iran Peace Terms || Radio Station WHMI 93 . 5 FM Livingston County Michigan News , Weather , Traffic , Sports , School Updates , and the Best Classic Hit || Google disrupts hackers using AI to exploit an unknown weakness in a company digital defense || Trump calls Iran response to US peace proposal  unacceptable ; oil prices jump || Iran says it has sent response to US peace proposal || China weathering Iran conflict through growing exports || The View | Hong Kong property recovery could be more robust than many think || Iran and the US are at an impasse ahead of Trump China trip || Iran war could make Trump trip to China a bit chillier than his first - term visit – Orange County Register || Trump faces tense China visit as Iran war overshadows key summit || Nation OKs real - world 6G trials || China May Day overall tourism activity rises , but travelers are cautious - Marianas Variety News & Views || Google disrupts hackers using AI to exploit weakness in defense || US , China Eye Economic Rebalancing in Trump - Xi Talks || Trump rejects Iran response to US proposal , calls it  totally unacceptable || AI - fuelled rally keeping global markets resilient despite oil shock , says Ed Yardeni || Iran and U . S . at an impasse ahead of Trump China trip || Extra : Maria Bartiromo on the AI Race and China Global Ambitions || Trump to discuss Iran with Xi Jinping during China visit : Officials - Dominican Republic Post – Caribbean News , Business , Travel & Culture || Taiwan detects heightened Chinese military activity around its territory || China producer , consumer inflation up in April as Iran war pressures persist || The Latest : Trump rejects Iran latest response to ceasefire proposal ahead of his trip to China || It No Longer Oil : JPMorgan Explains Where To Find The Next Phase Of The Global Energy Shock || RCEP seen as key anchor for Asian growth | The Manila Times || New era in China - US tourism begins || Trump says his trip to China will be  a wild one . Why he going now and what to expect . || China , ASEAN to pool strength in blue economy || India ranks 3rd globally on installed renewable energy capacity , time to boost upstream segments || China factory inflation surges to 45 - month high as global energy prices rise || Trump China visit : US president in a weak position || Manufacturing Stocks To Watch Today – May 10th || Head - of - state diplomacy opportunity to stabilize and refine China - US relations : Editorial flash || BeOne Medicines Recognized as  Outstanding Global Oncology Company of the Year  at HKCT Business Awards 2026 || Manila Bulletin - ASEAN as a force for regional stability || Prime Minister Mark Carney Celebrates  Europe Day  by Meeting with Barack Obama and Alex Soros During Toronto Strategy Session , || China producer prices hit 45 - month high in April as energy costs surge || China axis of authoritarians is only growing stronger under Trump || Market guru Yardeni sees S & P 500 hitting 8 , 250 this year as earnings bolster  Roaring 2020s || Trump visit offers chance to  stabilize and refine  US - China relations : Chinese Media || Trump China Visit : Opportunity to Stabilize US - China Relations || SAR five - year plan navigates geopolitics , integration and global competitiveness || Asean leaders adopt pivotal maritime cooperation agreement at 48th summit || China starts construction of world largest ice - snow test base for intelligent connected NEVs - Xinhua || Oil prices rise after Trump rejects Iran latest peace proposal || Iran war could make Trump trip to China a bit chillier than his first - term visit – Pasadena Star News || Ahead of President Trump Travel to Beijing , NEC Director Kevin Hassett Discusses Current Status of U . S . Economy || Could Investing $10 , 000 in united states Rare Earth Make You a Millionaire ? || Stocks steady , dollar firms as US - Iran talks hit stalemate || One year on , new marriage rules deliver a nuptial uptick and spending boost || Trump Has Gone From Unpredictable to Unreliable || Week Ahead for FX , Bonds : U . S . Inflation Data , Trump China Visit in Focus || China Plays to Its Comparative Advantage || China , ASEAN to pool strength in blue economy - People Daily Online || US , China eye rebalancing economic ties during upcoming Trump - Xi talks || Looking for moral authority in all the wrong places || MACAU DAILY TIMES 澳門每日時報Beijing says April exports jump 14 . 1 % from a year ago ahead of Trump - Xi summit || Gautam Adani highlights energy & digital security as  twin foundation of national power"
2026-05-12,131,"Japanese expats being sent home from Thailand as employers cut costs || What to know about Trump - Xi summit with trade , Taiwan and Iran on the agenda – Winnipeg Free Press || What to Know About Trump - Xi Summit with Trade , Taiwan and Iran on the Agenda || US hits China - linked Iran oil trade with sanctions ahead of Trump trip || US stocks set more records as oil prices rise || What To Know About Trump - Xi Talks On Trade , Taiwan and Iran || Oil prices rise after Trump rejects Iran latest peace proposal , but US stocks hold steady || Stock Market Live , May 12 - The HinduBusinessLine || Singapore playing key role in China plan to globalise yuan : Report || China moderately loose monetary policy continues to show effects : central bank || Trump , Xi seem intent on keeping Iran war from overshadowing summit || Iran war could make Trump trip to China a bit chillier than his first - term visit || Lawmakers Introduce Legislation To Toughen Ban On Chinese Cars || Links 5 / 12 / 2026 | naked capitalism || Wheat Futures Higher Ahead of WASDE -- Daily Grain Highlights || Trump Urged To Stand Strong On Shipbuilding In Talks || The big questions hanging over the Trump - Xi meeting in China || House lawmakers introducing bill to toughen US ban on Chinese vehicles || Stock Market Highlights , May 12 : Sensex plunges 1 , 456 pts , Nifty closes at 23 , 379 , Rupee falls to 95 . 63 / $ on Iran - US deadlock || Former World Bank chief urges China to stop hoarding food , fertiliser stockpiles : Report || A weakened Trump to test China appetite for deal - making || Oil prices jump , stocks retreat on US - Iran deadlock || China undersea cable threat raises $14 trillion fears as Donald Trump - Xi Jinping talks loom || How the Trump - Xi summit could set superpower relations for many years to come || Asian shares are mixed and oil jumps 4 % after Trump rejects Iran response to ceasefire proposal || As Iran Talks Stall , Markets Bet on Diplomacy , Experts Say || Trump is unlikely to get any big wins at summit with Xi || Former World Bank chief asks China to stop hoarding food and fertiliser || The Latest : Trump rejects Iran latest response to ceasefire proposal ahead of his trip to China | Elections || China can far outlast America over the Middle East conflict || Trump - Xi summit will be no  Nixon in China  moment – that they are talking is enough for now | National || Trump and Xi appear intent on keeping deep differences over Iran war from overshadowing China summit || Baystreet . ca - Trump - Xi Talks Set to Tackle Iran Oil Lifeline , Strait of Hormuz and U . S . Energy || Update : Xi meets Brunei crown prince , calling for deepening practical cooperation || Oil prices rise as the Iran war drags on , but US stocks inch toward more records || China inflation beat estimates in April as Iran war drives producer prices to three - year highs || Trump Accounts Are a Sick Joke , Not a Threat to Social Security || US Lawmakers Propose Stricter Ban on Chinese Automakers Ahead of Trump - China Talks , ETAuto || Investors say Trump and Xi to keep trade tensions on backburner in meeting || The network of Chinese  teapot  refineries funding Iran as Trump prepares to meet Xi Jinping in Beijing || What to know about Trump - Xi summit with trade , Taiwan and Iran on the agenda || Pharma reps face stricter restraints || Five outcomes that would make Trump trip to China a success || US CEOs seek China business gains from Trump - Xi summit || Trump : Xi Likely to Raise Taiwan Issue in China Visit || German union urges caution on allowing Chinese carmakers to use VW plants || Trump - Xi summit will be no  Nixon in China  moment – that they are talking is enough for now - 12 - May - 2026 || Shanghai Petitioner Says His Letter to US Consulate Was Held for Inspection Ahead of Trump Visit || Trump and Xi : The history of encounters between superpower leaders || Laura Ingraham Warns About Trump Error on China Deal || We will continue to implement moderately loose monetary policy – China Central Bank || China JD . com reports 5 % rise in quarterly revenue , beating estimates || Trump , Xi appear intent on keeping deep differences over Iran war from overshadowing China summit || Weakened  Trump heads to China as Xi holds the cards || Iran war could make Trump China trip chillier than first - term visit || The GOP protectionism detour has run its course || India U17 Women Lose 0 - 3 to China in Asian Cup Quarters || US Imperialist War in Iran Looks Like an Economic Rescue Mission || Trump says ceasefire with Iran on  life support  after rejecting peace proposals | US - Israel war on Iran || China should stop hoarding food and fertiliser , says former World Bank chief || The shadowy network of Chinese oil refineries funding Iran || Even in North Korea , someone in your parking spot || Trump - Xi summit will be no  Nixon in China  moment – that they are talking is enough for now | Politics || Trump - Xi summit will be no  Nixon in China  moment – that they are talking is enough for now | News || China - US engagement conducive to global stability || Share Of Indian Equities In Global Market Cap Slips To Four - Year Low At 2 . 9 % || Why Israel is becoming a key ally in a changing world || Forget U . S . debt , China total borrowing is in  a league of its own  much worse and deteriorating faster , analyst says || Exclusive – Sen . Dave McCormick : AI Revolution Powering  Most Consequential Moment in our Lifetimes || Donald Trump to Visit China for Xi Jinping Talks Amid Iran War and Trade Tensions || China AI ascent leaves Trump a stark choice : escalate or relax chip controls ? || It here : Google issues dire warning after catching hackers using AI to break into computers || Chinese premier meets Tajik president || Ticker : Oil and stocks both climb ; Saudi oil giant reaps 25 % profit jump || Oil Slides , Metals Jump As Hormuz Impacts China || Xi - Trump Summit Tests US - China Coexistence - Pakistan Today || Markets today : Wall Street set for record , oil climbs , ASX set to rise || President Trump to leave for Beijing for talks with Xi || China Malacca Dilemma , After the Hormuz Blockade || Oil prices rise after Trump rejects Iran latest peace proposal , but U . S . stocks hold steady || Bitcoin Going Back To All - Time High Is A Foregone Conclusion , Arthur Hayes Says || Trump heads to Beijing for talks with Xi as Iran war looms || Ex - White House AI czar warns US to harden systems amid AI concerns || Treasury Dept sanctions IRGC oil network as Trump claims Iran ceasefire  on life support  | JNS || US - China meeting : Inside Xi Jinping state of paranoia , the empire of pain that will greet Donald Trump || From Singapore to Brussels , world leaders eye Trump - Xi summit from afar – Ya Libnan || Oil prices rise as the Iran war drags on , but US stocks inch to more records || Tech stocks today : Tech rally loses steam , Sam Altman to take stand in OpenAI v . Musk trial || Live updates : Nebraska and West Virginia hit the polls ; Trump prepares for Xi meeting || US issues new sanctions over Iran oil shipments to China || Head - of - state diplomacy opportunity to stabilise , refine China - US relations : China Daily || Google disrupts hackers using AI to exploit an unknown weakness in a company digital defense || Trading Day : AI beats Iran impasse | MarketScreener || Trump says Xi likely to raise Taiwan issue during China visit || First Taiwanese tourism office opens in Beijing || China Telecom is Gaining Users but Losing the Margin War || Dongzhai Reserve Celebrates Crested Ibis Conservation Success || RCEP seen as Key Anchor for Asian Growth || Trump - Xi summit will be no  Nixon in China  moment – that they are talking is enough for now | Elections || Google disrupts hackers using AI to exploit weakness in defense || Tech boom vs oil crisis : Asia new economic reality is a warning for the world || Sindh CM invites leading Chinese companies to invest in province || The Latest : Trump rejects Iran latest response to ceasefire proposal ahead of his trip to China || PBOC flags imported inflation risks , vowing to enhance policy flexibility || STACHE BUSINESS May 12 , 2026 - La Nouvelle Tribune || Between the wild U . S . and Europe regulatory choke , Canada must find a third path on AI || Trump Goes to Beijing : What to Watch || Market guru Yardeni sees S & P 500 hitting 8 , 250 this year , highest among top Wall Street forecasters , as earnings bolster  Roaring 2020s || Chinese EVs gain popularity as US consumers seek cheaper cars || GOLDSTEIN : Mark Carney must kill Justin Trudeau anti - growth agenda || Trump set to visit China for talks with Xi : What to expect || Trump - Xi Talks Set to Tackle Iran Oil Lifeline , Strait of Hormuz and U . S . Energy Deals || China JD . com reports 5 % rise in quarterly revenue || Trump and Xi appear intent on keeping deep differences over Iran war from overshadowing China summit – KTBB News , Weather , Talk || War to restart soon ? US - Iran ceasefire in jeopardy amid peace deal rejection || Fox Jumps 7 . 6 % After Beating Expectations || Trump to visit China this week amid global tension || The 2026 Macro Picture : Energy shock , dollar shock , and credit shock || Oil prices rise after Trump rejects Iran latest peace proposal || China central bank warns on imported inflation from higher oil prices , focuses on policy transmission || Iran war quagmire threatens to leave Trump with little from China trip besides ballroom envy || Iran new deterrence : How Washington pressure reshaped Tehran strategy || Who Going To Fold First In The U . S .– Iran High Stakes Game ? || Mainland stock market hits 11 - year high - People Daily Online || China willing to take China - Brunei community with a shared future to new level : VP - Xinhua || India U - 17 Women Asian Cup : Quarterfinal Exit vs China || China Signals Steady Course as Central Bank Reinforces Moderately Loose Monetary Policy || Wall Street mixed , oil prices jump as Trump calls Iran response to peace deal  unacceptable || Shanghai Top Numerical Control Technology Co ., Ltd .: Hidden Champion of Five - axis Machine Tools Breaks Foreign Monopoly ! || RCEP seen as Key Anchor for Asian Growth - The HinduBusinessLine || بين الأمن الوطني والأمن القومي ..!"
2026-05-13,176,"Xi holds talks with Tajik president - Xinhua || Nvidia $5 . 4 Trillion Moment Hides A Much Bigger Story About China - Advanced Micro Devices ( NASDAQ : AMD ) || Trump in Beijing : How do the US and China compare as economic superpowers ? || China set to host Trump in 1st visit by US president in nearly 9 years || Chinese premier meets Tajik president - Xinhua || Xi holds talks with Tajik president - China Military || S & P 500 , Nasdaq end lower as inflation , Iran tensions weigh || Chinese court awards compensation to sacked worker replaced by AI || China Prioritizes Regime Survival In Iran , Analyst Moriyasu Says Ahead of Trump - Xi Summit || President Trump And Others Head To Beijing For Meetings With China | NewsRadio 740 KTRH || China status as Iran top oil customer in focus before Trump - Xi meeting || President Trump Arrives In China For High - Stakes Summit | Newstalk 1400 , 104 . 5 , and 105 . 9 WJMX || Trump , Xi seem intent on keeping Iran war from overshadowing summit || Xinhua Commentary : Why stable China - U . S . ties matter more than ever || Coordinators of US - China summit meet in Korea || Trump - Xi Beijing Meeting Sees China Hawks Take a Back Seat || University Graduates Among 4 , 000 Vying for Spots at China First Barbecue Academy || Trump says he  doesnt think about American financial situation  as he heads to China for talks with Xi Jinping – US politics live | US politics || Transformation of global superpower from US to China || Bessent Praises Japan Economy During Tokyo Visit || China Bourse May Give Up Support At 4 , 200 Points || Nation seeks new level of cooperation with Brunei || China 4 red lines for Trump ahead of Xi talks : The  untouchable  issues Beijing warned Washington about || Commentary : Why stable China - U . S . ties matter more than ever || DAX Moderately Higher As Investors React To Earnings || Times Opinion : When the world stops counting on the U . S . | Chattanooga Times Free Press || Nvidia CEO joins Trump mission to  open up  China || Gordon Chang warns Chinese EVs entering US via Canada could become  rolling spy machines || Trump faces an emboldened China in return to Beijing || Trump , Xi to weigh tariff cuts on $30 billion of imports in managed trade push || Nvidia CEO joins Trump mission to  open up  China - Asia & Pacific || For Asean , mini - lateralism more practical than multilateralism || Xi holds talks with Tajik president _ Guangming Online || Trump unlikely to persuade Xi to stop buying Iranian oil , analysts say || Embodied intelligence enters real - world tests || Trump heads to China with Musk , Cook and top CEOs for Xi talks || China willing to take China - Brunei community with a shared future to new level : VP || Trump China showdown with Xi - Iran , Taiwan and trillion - dollar deal | US | News || Donald Trump says US ready to do  whatever is necessary  on Russian oil waiver as crude prices rise || Trump Suggests Possible Relief On Russian Oil Curbs , Says Iran War End Could Lower Prices || China ready to work with US in spirit of equality , respect and mutual benefit : China Daily editorial || Sino and European Automakers Seek Common Ground on Powertrain Transition at Vienna Symposium || How Xi is playing his Iran cards as Trump heads to Beijing || Global turmoil tests India resilience ; time for a strategic economic pivot || Fundamentals of Japanese economy strong and resilient : Bessent praises Japan economic resilience during Tokyo visit || Trump and Xi appear intent on keeping deep differences over Iran war from overshadowing China summit || C Raja Mohan writes : In a shifting world order , five principles should guide India diplomacy || China Alibaba reports 18 percent fall in annual net profit || President Trump Arrives In China For High - Stakes Summit || In diplomacy , pomp and protocol matter , especially when Trump goes to China - Las Vegas Sun News || What to know about Trump - Xi summit with trade , Taiwan and Iran on the agenda || Trump - Xi summit will be no  Nixon in China  moment -- that they are talking is enough for now – The Moderate Voice || From tariffs to war : why Indian stocks keep losing momentum || What to know about Trump - Xi summit with trade , Taiwan , Iran on agenda || IDCA datacentres report : Global concentration and the Goldilocks zone || US confirms delegation to Apec meeting in China , hours after Trump sets off for Beijing || What Xi - Trump meeting could achieve || Shifting perceptions , uncertainties amid Trump - Xi meeting || Trump in China : US president said Xi Jinping will give him a  big fat hug . This is what experts predict will really happen || Trump - Xi Summit : What It Means for Bangladesh Future || Trump downplays differences with China Xi over Iran as he heads to Beijing for high - stakes summit || Stable Sino - US ties linked to global outlook || Trump heads to China in search of wins . How the Iran war could interfere . || She running again ? Surely you jest | Letters to the editor – Sun Sentinel || Govt says Taiwan a full APEC member , blasts TAO  one - China  remark || China AI is truly artifical – and the US must fight Xi zero - sum tech race and stolen advancements || Sameh Samir Ali Honored by the Egyptian Embassy in Beijing Following a Decade of Scientific Innovation and International Recognition at Jiangsu University || The insomniac - in - chief , a President who cant log off || Nvidia $5 . 4 Trillion Moment Hides A Much Bigger Story About China || How China Became the First Airtight Empire || Trump Xi Summit : US to Push China on Trade and Iran || Trump lands in China for Xi summit with billionaire CEOs in tow || Xi meets Brunei crown prince , calling for deepening practical cooperation - Xinhua || USDA projects smallest U . S . wheat harvest since 1972 | Honolulu Star - Advertiser || Sino - Tajik ties enter new phase || Chinese President Xi Jinping holds talks with Tajik President Emomali Rahmon || Trump heads to Beijing for summit with China president | The Arkansas Democrat - Gazette || Trump brushes off Iran war cost at home :  I dont think about American financial situation || High - Stakes Trump - Xi Summit : China Market Access , Taiwan and Iran Crisis on Agenda - Novinite . com || Nifty today : Dalal Street set for firm start as GIFT Nifty edges higher || Trump looks to China on Iran , but Beijing may not deliver || Trump downplays differences with China over Iran as he heads to Beijing || How consequential will the Trump - Xi summit be ? || Africa AI sovereignty problem is really an energy problem || China sharpens criticism of US chip - equipment bill as Trump arrives in Beijing || ICYMI : Ranking Member Shaheen Leads Congressional Push for Taiwan Support Ahead of Trump - Xi Summit || Trump vows to push Xi to  open up  China at superpower summit || Stock Trader Guide to Navigating High Stakes Trump - Xi Talks || China , US can inject impetus into recovery || Asia Intelligence Brief for Tuesday , May 12 , 2026 || Trump - Xi Beijing summit : Revival of  G2  diplomacy amid Middle East quagmire and global anxiety || Thanks to Trump , Chinese Hegemony in Asia Might Be Happening || Silver is joining copper in the AI build - out trade : Chart of the Day || President Xi Jinping Holds Talks with Tajik President Emomali Rahmon || Trump vows to push Xi to  open up  China to US firms at high - stakes summit || Xi holds talks with Tajik president || DRI , Customs officers to intensify vigil on gold smuggling post import duty hike || Japan uses Bessent visit to send China a message on Japan - US solidarity || US - China head - to - head : Explained in 11 maps and charts || China top legislator meets Tajik president - Xinhua || Well finish the job : Trump warns Iran before China trip || AI Could Make Finance Fairer But It Could Also Make Crashes Worse || Trump due in China for superpower summit with Xi || Stock Market Live Updates : BSE Sensex , Nifty50 may see positive start as global crude oil prices climb down || Xinhua Commentary : Why stable China - U . S . ties matter more than ever - Xinhua || As his China trip begins , Trump insists he doesnt need Xi help on Iran || In the race for AI supremacy , the US and China stake different paths || A Confident Beijing Welcomes President Trump | Hellenic Shipping News Worldwide || Red carpet for Donald Trump in Beijing as China Vice - President Han Zheng receives him || Trump lands in China ahead of high - stakes summit with Xi || FTSE 100 Live : Stocks rally on Trump - China ; united kingdom gilt yields ease || Trump Pushes China Market Access During High - Stakes Xi Summit || In diplomacy , pomp and protocol matter , especially when Trump goes to China || California mayor resigns , admits to being Chinese agent in guilty plea || Miliband net zero madness hands Beijing a  kill switch  over British | united kingdom | News || Oil prices today : Crude slips after three - day rally as markets track Iran ceasefire and Donald Trump - Xi Jinping summit || Trump : People  financial situation  is not motivation to end Iran war || Donald Trump  CEO crew  to Beijing is almost as rich as the world third - largest economy || Ukraine Conflict Could End  at Any Moment  if Kiev Makes Necessary Decision || Trump in Beijing : How do America and China compare as economic superpowers ? || Crude Prices Snap 3 - Day Gaining Streak To Ease Over 1 % As Trump Heads To Meet Jinping || Trump - Xi Summit : What to Expect on Trade , Taiwan , and Iran War || Scepticism and tight security as Beijing braces for Trump visit || Trump - Xi summit looms over Korea chip rally || US energy independence puts pressure on China ahead of Trump - Xi talks || Going to do whatever is necessary : Trump on Russian oil waiver ; forecasts inflation drop after Iran war || Xi meets Brunei crown prince , calling for deepening practical cooperation _ Guangming Online || Interior Secretary Burgum says Trump holds  strongest  hand in China summit || China Teapot Refiners Slash Output As Hormuz Crisis Crushes Margins || China and US agree on opposing Hormuz tolls , State Department says || The Hormuz Crisis and China Energy Security Dilemma – The Diplomat || Trump Says He Doesnt Care  Even a Little Bit  About People Finances || How Xi meeting with Trump may spur Iran war progress || Trump says  I dont think about American financial situation  in Iran talks , calls nuclear threat  only thing that matters || China SAE : Sino and European Automakers Seek Common Ground on Powertrain Transition at Vienna Symposium || Trump Arrives In China , Plans To Discuss Iran And Taiwan || What to know about Trump - Xi summit with trade , || Trump says he not thinking about American finances  even a little bit  in Iran talks || Iran , Iran war , regime change , Strait of Hormuz , critical minerals , China || The Latest : Trump arrives in China to meet with Xi in Beijing – Winnipeg Free Press || In diplomacy , pomp and protocol matter , especially when Trump goes to China – Winnipeg Free Press || I Dont Think About American Financial Situation , Trump Says About Impact Of Iran War || Specialty chemicals : Specialty chemicals : Is China still the same threat , or is this a contrarian moment ? 7 stocks to be brought back on the watchlist || China manufacturing heartland tested by Iran war energy shock || Democrats Seize on Trump Remarks About American Finances and Iran War || Trump due in China for high - stakes summit with Xi Jinping , as Iran war looms over talks || EU energy costs , trade policy hinder EV push : FT Summit || Nvidia Huang joins Trump China trip , spurring hopes for H200 deal || Trump takes Nvidia CEO on mission to  open up  China || Stocks Set for Muted Open as Oil Rises After Trump Rejects Iran Response to Peace Proposal , U . S . Inflation Data Awaited || Our China problem isnt on the agenda || Stock Market Today : Dow Jones Futures Fall , S & P 500 Gains As Trump Takes Big Tech Leaders To China Nvidia || China : The Global Hub for Automotive Innovation || China Manufacturing Success : Lessons for Pakistan Industrial Future || Stock Market Today Live : Markets eye rebound after 4 % fall , though sentiment remains fragile || Oil Price Today ( May 13 ): Crude oil snaps 3 - day fall ahead of Trump China visit . What are experts saying ? || China and US Agree on Opposing Hormuz Tolls , State Department Says || Opinion | Why the world needs China to save more , not less || Oil prices slip on teetering Iran ceasefire as Trump heads to China || Xi meets Brunei crown prince , calling for deepening practical cooperation || Trump , Musk and Huang Arrive in Beijing for Critical China Summit || President Xi Jinping Meets with Crown Prince of Brunei Haji Al - Muhtadee Billah || President Trump in China : Can two rival superpowers find common ground ? || Foreign Ministry Spokesperson Guo Jiakun Regular Press Conference on May 12 , 2026 || Iran says US must accept its peace plan or face  failure || China And US Agree On Opposing Hormuz Tolls , State || Hegseth defends Iran war , China trip || What Trump and Xi will discuss during China visit – and what could go wrong || China - Taiwan Tensions : PLA Jets & Ships Detected || Trump - Xi summit in Beijing will be about optics and damage control || The Latest : Trump arrives in China to meet with Xi in Beijing || Live updates : Trump to arrive in China for state visit , Xi meeting || Oil prices ease on teetering Iran ceasefire || Trump heads to China for superpower summit || Behind tariffs and tech curbs , US and China are learning to coexist as rivals || Trump - Xi summit : Iran war , trade , Taiwan and AI on the agenda , why China has the upper hand"
2026-05-14,150,"Trump begins visit to China meeting Xi Jinpingi – NBC Chicago || Trump has fanfare - filled meeting with Xi Jinping in China – NBC4 Washington || China Xi warns Trump that differences over Taiwan could lead to conflict - WSVN 7News | Miami News , Weather , Sports || Trump arrives in China for high - profile meeting with Xi Jinping || CBS Evening News cameraman collapses in apparent  medical emergency  during live broadcast || Taiwan is a  model ally , not trade bait || US - China summit : Trump sees  better  ties , Xi warns over Taiwan , as talks conclude || Citadel Pulls Top Quant Researchers Out of Hong Kong Amid Rising US - China Tensions || Trump meeting with Xi comes with much fanfare in China , but major breakthroughs may be elusive – Winnipeg Free Press || FinMin leaves for China to attend launch of Pakistan first  Panda Bond || Xinhua Commentary : Why stable China - U . S . ties matter more than ever || US Split : Rubio Wants China Help on Hormuz , Trump Says No || Demand for hybrid financial talent significant , says CFA Institute || Pageantry meets politics : Xi stark Taiwan warning counters Trump optimism || Venezuela launches effort to ease its $170 billion debt load || Trump Turns Iran Into China Problem || Trump arrives in Beijing with a strong hand against Xi Jinping in talks || The Sino - US dynamic : Trade , war , possible peace | Number Theory || Trump , Xi set to meet in Beijing for talks ; trade truce , Iran war high on agenda || US business leaders express confidence in Chinese market || Trump lauds  biggest summit  as Xi talks tackle trade , Iran || CHRISTOPHER BUCKTIN :  Trump - From strongman to doorman in one 15 second handshake and no big fat hug || Datacenters , The AI Race and American Politics || Trump has fanfare - filled meeting with Xi Jinping in China – NBC 5 Dallas - Fort Worth || Dow Jones Top Markets Headlines at 11 AM ET : Retailer Sales Growth Cooled Last Month | Oil ... || World News : Xi tells Trump that mishandling of Taiwan could spark conflict || Strengthening bilateral ties for global stability || CIFIT event reaffirms China commitment to global investment cooperation || Quite brutal ,  Not friendly : What people in China say of Trump || Europe set for a positive open as US said to approve some NVIDIA H200 sales to China ; eyes on united kingdom politics - Newsquawk EU Market Open || Ahead Of Talks – China stark warning :  Four Red Line in US relations must not be crossed || US - China live updates : Trump meets Xi in Beijing for bilateral talks on trade , Taiwan , tariffs and Iran || Trump - Xi summit : China help in Iran may require US concessions - Grenada Chronicle – Daily Grenada And Caribbean News || On the road to Tehran , Iranians on edge as threat of resumption of war looms || These are tech titans in Beijing with Trump and what they want || China ready to work with US in spirit of equality , respect and mutual benefit : China Daily editorial || Trump - Xi talks leave Korean chipmakers facing tough trade - offs || Xi Warns On Taiwan As Trump Seeks Trade Progress During Beijing Summit || New vision for constructive relationship of strategic stability should guide Sino - US ties : China Daily editorial || Trump has fanfare - filled meeting with Xi in China , but major breakthroughs may be elusive || Why is stock market up today ? Sensex rises over 1 , 000 points ; Nifty50 above 23 , 700 - top reasons for rally || Pakistan PM Shehbaz to visit China from May 23 - 26 || Economic and event calendar in Asia Thursday , May 14 , 2026 . Trump in China today . || America angry voters are the X factor in Trump high - stakes meeting with Xi || Trump to be feted and spend hours with Xi during China trip || Trump heralds  fantastic future  for US - China as talks with Xi begin || China Bourse May Extend Wednesday Gains || Trump , Xi set for Beijing talks with trade truce , Iran war at stake || Trump , Xi begin summit talks over trade , Iran , Taiwan , other key issues || Trump - Xi summit : High - stakes meeting lasts two hours ; Xi Jinping hails trade progress , but sends Trump warning over Taiwan || President Trump Arrives In China For High - Stakes Summit || European Midday Briefing : Markets Rise on Nvidia - Led Rally || Trump says U . S .- China relations will be  better than ever before  as he meets Xi in Beijing || Xi hails trade progress , warns Trump on Taiwan at Beijing summit || It an honor to be your friend  Trump tells Xi Jinping as crunch US - China summit gets underway || Trump begins visit to China meeting Xi Jinpingi – NBC Connecticut || Xi Jinping is planning for China final victory over the US – Julian Gewirtz || Chinese made best effort to derail poll : Tibetan election chief ; announces 45 members elected to 18th Parliament - in - Exile || Trump China Test Hits a Market High || Erin Burnett blown away as Trump  mocked across China :  America has lost its swagger || GUNTER : Worried as Carney Canada gets closer to China || US - China summit focuses on business links as Xi issues Taiwan warning || Rubio : US wants China to take a more active role in Strait of Hormuz crisis || Redistricting raises the stakes in battles for statehouse control : From the Politics Desk || Trump vows to urge Xi to  open up  China at superpower summit - International - World || China : Our Enemy , Not Our Rival || Trade , tariffs and Iran on the table as Trump and Xi meet in Beijing || Trump wants China help on Iran . Beijing may have other ideas || Xinhua Commentary : China - U . S . ties too important to fail || President Trump Arrives In China For High - Stakes Summit | News Radio 103 . 1 and 810 WGY || Trump in China : Xi Jinping welcomes US president but thorny issues remain || Politics News - 1540 WADK Newport || Trump meeting with Xi comes with much fanfare in China , but major breakthroughs may be elusive - Boston News , Weather , Sports || FinancialContent - Skyworks Solutions , IPG Photonics , and Lam Research Shares Are Soaring , What You Need To Know || Lindsey Graham Gives China Ultimatum :  If You Dont Help ... || Trump and Xi Spheres of Ignorance || Trump offers platitudes while Xi warns of possible confrontation during China summit || U . S . and China Agree : No Shipping Tolls in Strait of Hormuz || Trump - Xi Summit in Beijing Tackles Taiwan and Iran || In the Donald Trump - Xi Jinping Summit , China Holds the Card || Analysis - Trump wants China help on Iran . Beijing may have other ideas || LARRY KUDLOW : Ironically , Trump at Beijing plans the final blows to finish off the scourge of Iran || China April new loans unexpectedly shrink as weak demand weighs || China Xi warns Trump that differences over Taiwan could lead to conflict || Trump arrives in China to meet with Xi in Beijing || Xi warns Trump of possible conflict over Taiwan || China civil aviation regulator sets up low - altitude safety department || Tajikistan reports strong growth in Chinese investment inflows || Donald Trump , Xi meet in Beijing for talks on trade , Iran , Taiwan || Trade truce , Iran war and more on cards : Trump - Xi set for high - stakes meet today || The China Gambit : From Nixon to Trump || China draws hard lines ahead of Trump - Xi summit – NaturalNews . com || Relationship going to be better than ever : Trump tells Xi as talks begin in Beijing || Iran : On the road to Tehran , Iranians on edge as threat of war looms || Beijing new red line : Offshore firms cant  de - China || Wall Street heads for gains before the bell as Trump and Xi meet eye Trump - Xi summit || CNN : China believes  Iran trap  will give it advantage in talks with Trump || Strengthening bilateral ties for global stability - 南海网 || The Latest : Trump in China for Xi meeting to focus on Iran war , trade and US arms sales to Taiwan || Xi Jinping tells Nvidia , Tesla and Apple CEOs that China will  open wider  – The Irish Times || Trump begins visit to China meeting Xi Jinpingi – NBC New York || Trump and Xi open Beijing summit with praise for trade progress | The Asahi Shimbun : Breaking News , Japan News and Analysis || Radio Station WHMI 93 . 5 FM Livingston County Michigan News , Weather , Traffic , Sports , School Updates , and the Best Classic Hit || Trump began his trip to Beijing by calling Chinese President Xi Jinping a friend || Trump meets with Chinese leader Xi in Beijing as trade , tariffs and Taiwan loom over visit || Trump offers platitudes while Xi warns of possible confrontation during China summit - Boston News , Weather , Sports || US - China summit : Trump and Xi hold high stakes talks on trade , Taiwan and Iran || Trump must eat humble pie with Xi || How did the Trump - Xi meeting weaken the Indian rupee ? || Trump meeting with Xi comes with much fanfare in China , but major breakthroughs may be elusive || Xi holds talks with Trump in Beijing || Trump has fanfare - filled meeting with Xi Jinping in China – NBC10 Philadelphia || The United States Doesnt Need to Fear China Economy || What Ive learned after covering 30 years of US - China ties || Trump , Xi set for Beijing talks with trade truce , Iran war at stake - Moneycontrol . com || Trump Arrives In China , Plans To Discuss Iran And Taiwan || Trump - Xi summit live : US and Chinese presidents tour Temple of Heaven || Trump meeting with Xi in Beijing at high - stakes summit amid US war with Iran || Trump has fanfare - filled meeting with Xi Jinping in China – NBC 6 South Florida || China Xi warns Trump that differences over Taiwan could lead to conflict – The Denver Post || China : Our Enemy , Not Our Rival Ben Shapiro || China Xi warns Trump differences over Taiwan could lead to conflict || Rubio calls China  most important  US relationship to manage , warns of conflicting interests || Donald Trump wants China help on Iran . Beijing may have other ideas || Xi Jinping warns Donald Trump that  mishandling  Taiwan issue could lead to conflict – The Irish Times || Fact Check Team : What past precedent tells us about the Trump - Xi summit || Donald Trump , Xi to weigh tariff cuts on $30 billion of imports || Trump - Xi Summit : Both China and the U . S . Overestimate Themselves on the Global Stage || BRET STEPHENS : China is weaker than it seems ; that the problem | The Arkansas Democrat - Gazette || Aurangzeb to attend Pakistan inaugural Panda Bond ceremony in Beijing || Does Trump really care about Taiwan ? Everything the US president has said about the self - governed island || Trump to hold talks with Xi as first day of China trip begins , trade high on the agenda || Baystreet . ca - China Invisible Hand Is Distorting Global Oil Markets || US - China Summit : A Strategic Moment for Stabilizing Bilateral Relations || Trump shrinking ambitions on China | The Seattle Times || Donald Trump in China : Xi warns of possible confrontation || President Trump has  good meeting  with Chinese President ; US , China agree that Strait of Hormuz  must remain open || In Beijing , Trump meets a China that still holds key economic cards || The Latest : Trump arrives in China to meet with Xi in Beijing || Chinese public greets Trump in Beijing with AI memes , confidence || Trump has been to China before . Why this visit is different . || Trump China Trip : Implications for the Middle East and Beyond || Russia and the China - US Summit || Trump arrives in Beijing for high - stakes summit with Xi amid US war with Iran || Trump has fanfare - filled meeting with Xi in China , but major breakthroughs may be elusive - WSVN 7News | Miami News , Weather , Sports || President Trump Arrives In China For High - Stakes Summit | PowerTalk 1460 AM & 101 . 1 FM || Rubio : Situation with Iran is  irreconcilable  | JNS | clevelandjewishnews . com || Aurangzeb leaves for Beijing to attend Pakist || Xi warns US over mishandling Taiwan issue in talks with Trump || Trump invites Chinese President to White House , Xi calls for  new chapter  in ties"
2026-05-15,169,"New Zealand : A Small Country But a Major Player Against China Coercion in South Pacific || China Railway offers discounts for elderly travelers in boost for silver economy || Trump Is Love - Bombing China Xi . It Is Not Being Reciprocated || Alpha Buying : Brilliance Capital and the Discipline of Long - Term China Investing - Kanzhun ( NASDAQ : BZ ), F || Beyond unipolarity and the end of strategic certainty : Lessons imposed by the war on Iran || Subhash Chandra Garg :  Indians Are Not Buying Too Much Of Gold || China Strategic Advantage in an Era of Global Fragmentation -- Beijing Review || ( China Economic Roundtable ) High - quality development of China service sector to boost industry , benefit people || In - House Opinions : Local members of Congress on Trump China trip – Daily News || Korean chipmakers face critical trade - offs over China exports post Trump - Xi talks || Rupee Breaches 96 For The First Time In History : What It Means for Your Daily Expenses – 15 May 2026 || US expects dramatic agricultural purchases by China , Greer says || Trump touts business wins as China airs Iran , Taiwan concerns || Xi Warns Trump of Potential  Conflict  over Taiwan in Beijing Summit on Iran , Trade , Tech & More || Trump insists US - China relations are in a good place despite differences as he wraps up Beijing trip - Las Vegas Sun News || Trump wraps up China visit and holds private meeting with Chinese leader Xi Jinping || Trump and his executive delegation leave China with few deals to show for it for now || China organ harvesting industry , religious crackdowns , and Trump meeting with Xi || Donald Trump China visit : Xi Jinping warns US president differences over Taiwan could lead to conflict || Panama Officially Recognizes the People Republic of China ( PRC ) Over Taiwan : Xi Warns the U . S . of Possible Taiwan Clash || Risk sentiment hit on US / Iran conflict resumption fears , DXY bid , Antipodeans and Sterling lag - Newsquawk EU Market Open || Xi article on boosting real economy to be published - Xinhua || OpenAI floats idea of global AI watchdog || US Stock market today : US Stock Market on Friday : S & P 500 , Dow Jones , Nasdaq to crash today or these factors will uplift Wall Street ? details here || Trump China policy has weakened America - Las Vegas Sun News || After summit aimed at steadying US - China ties , Trump weighs Taiwan arms package | Politics and Government || America most powerful CEOs dont have much to show from their China trip so far || Trump insists US - China relations are in a good place despite differences as he wraps up Beijing trip – Winnipeg Free Press || Beijing and Washington at a crossroads : Why Xi - Trump diplomacy matters for the World || Cisco stocks : US Stock Market on Thursday : Not just Cisco , these two non - AI stocks have jumped over 10 per cent || NSE CEO highlights India stock market growth || Trump was flattering , Xi was resolute . The difference spoke volumes || Trump insists U . S .- China relations are in a good place despite differences as he wraps up Beijing tr – Butler Eagle || Nvidia trillion - dollar run puts pressure on the bulls || In - House Opinions : Local members of Congress on Trump China trip – Orange County Register || Cisco leads Wall Street to more records and the Dow back toward 50 , 000 || The Latest : Trump wraps up China visit and holds private meeting with Chinese leader Xi Jinping || Promoting engagement with books is an ongoing process in China -- Beijing Review || Gold is no longer playing its role as a refuge for investors  ( Norman K ) || Kudlow To Americans Upset By High Gas Prices :  Live With It || Gavin Newsom uses California budget presser to attack Trump || Shares slide as gilt surge rattles investors || Trump insists US - China relations are in a good place despite differences as he wraps up Beijing trip || Trumps China trip an attempt to save face analyst to RT || Trump High - Stakes Visit to China : Navigating Trade , Taiwan , and the Iran War | || KOSPI hits another historic landmark of 8 , 000 on AI rally || Chip Stocks Slide After U . S .- China Summit Ends Without Major Tech Deals || How is China expanding its influence across Central Asia ? || Taiwan detects 7 Chinese vessels , 1 ship around its territorial waters || Donald Trump leaves Beijing with few wins , many warm words for Xi || Trump , Xi wrap up summit claiming progress but differences persist || Asian Shares Retreat On Rate - hike Concerns || Dont Ask China for Help With Hormuz | RealClearWorld || Trump caps off fanfare - filled China trip by hailing  fantastic trade deal ... but Xi issues ominous parting shot || Trump and Xi hold talks but no trade deal agreed || Trump touts business wins at talks with Xi on second day of summit ; China airs Iran concerns || Xi article on boosting real economy to be published || Trump meets with President Xi : What to expect || Dollar rides rising yields to largest weekly gain in two months || Trump says U . S .- China relations are good as Beijing trip wraps – NBC Bay Area || Trump Blames Biden For US Decline , Agreeing With Xi Jinping Assessment || KOSPI tops 8 , 000 intraday before tumbling below 7 , 500 on foreign sell - off || China & War | Armstrong Economics || Trump insists US - China relations are in a good place despite differences as he wraps up Beijing trip - Boston News , Weather , Sports || Trump says he hopes US - China ties will be  stronger and better than ever before || Daily Review with Clay and Buck - May 14 2026 | 960 WELI | The Clay Travis and Buck Sexton Show || Trump says he and Chinese President Xi Jinping feel  very similar on Iran || Xi Tells Trump That Mishandling of Taiwan Could Lead to  Dangerou Place || Trump sent top CEOs to Beijing but few big deals emerged || you cant make this shit up ..... || Trump touts stronger China ties despite differences over Taiwan , Iran || Trump - Xi summit live : Leaders meet again as Beijing cites  new consensuses || Trump meets Xi as Supreme Court tariff ruling looms over trade talks || Xi warns Trump : Taiwan tensions could lead to conflict || Markets today : Cisco drives Wall Street higher , ASX set to rise || Trump , Xi wrap up summit claiming progress stabilising US - China relations but differences persist || Update : Xi article on boosting real economy to be published || Dollar rides rising US yields to largest weekly gain in two months || Mishandling Taiwan issue could spark China - US clash , Xi Jinping warns Trump || Trump Flips Xi America - in - Decline Line Back on Biden – PJ Media || Additional Support Anticipated For Hong Kong Shares || Chinese , U . S . presidents agree on new vision for bilateral ties in Beijing talks _ Guangming Online || High - quality development of China service sector to boost industry , benefit people -- China Economic Net || China Hikes Beijing - Shanghai Rail Fares 20 Percent Amid Energy , Debt , and Consumer Strains || The Hindenburg Omen : The stock market crash indicator that triggered twice overnight || Pakistan 1st Panda Bond issuance historic milestone : Aurangzeb || Beijing Review : Living Archive of Global Exchange || Why Putin will have been watching the Trump - Xi summit nervously || Trump and Xi are seeking to escape Thucydide trap , says Harvard Graham Allison || Trump wraps up Beijing trip after Xi Jinping talks on Iran war , trade and Taiwan || Washington Is Ceding the Digital World to Brussels and Beijing || China factor spices up tussle over key part of the Indian Ocean || Mishandling Taiwan could spark conflict , Xi tells Trump || Pakistan successfully launches first - ever Panda Bond in China || Trump visit to Beijing highlights shifting nature of US - China ties || Trump says U . S .- China relations are good as Beijing trip wraps – NBC 6 South Florida || Dow hits 50 , 000 : Another record day for U . S . stocks || Trump insists US - China relations are in a good place despite differences as he wraps up Beijing trip - WSVN 7News | Miami News , Weather , Sports || China Says It Wants a Stable World Order . Does It ? || Trump and Xi toast a new era in Beijing as trade and Iran dominate talks – NaturalNews . com || China Xi warns Trump that differences over Taiwan could lead to conflict || Taiwan flashpoint , Iran war , trade deals : Key takeaways from the Trump Xi Summit || Can Trump - Xi Beijing Summit Reset Fragile US - China Relations Amid Deep Strategic Rivalry ? || Global Markets Rise as Investors Watch Trump - Xi Talks and Iran Oil Crisis || Stable China - US trade ties benefit  both countries and world : Chinese Premier Li || Thorny issues set aside as Trump and Xi reach rosy consensus || The Latest : US - China summit ends with Xi and Trump claiming progress but differences remain || Korean Peninsula sidelined at US - China summit , signaling Pyongyang shrinking place on global agenda || Global Economy Briefing May 15 , 2026 || Trump leaves Beijing with few wins but warm words for Xi || After Trump pledge to  open up  China , low expectations for trade deal | Business and Economy News || Faced With a Global Financial and Economic Crisis , China Has Better Options Than the US || After Trump visit , China top party journal doubles down on manufacturing push || Delusional  electric car targets are damaging the economy , warns retailer || Solomon Islands elects former China critic as leader || Trump weighs Taiwan arms package after summit aimed at steadying US - China ties || Cisco leads Wall Street toward more records and the Dow back near 50 , 000 || Trump , Xi wrap up summit claiming progress stabilizing US - China relations but differences persist || China top diplomat says Xi - Trump meeting fruitful || Dow Jones Top Markets Headlines at 1 AM ET : Asia Markets Downbeat as Trump - Xi Summit Heads Into Final Day | Frenzied ... || Trump and Xi wrap up summit claiming progress stabilizing US - China relations as differences persist || Key takeaways : Trump leaves China short on deliverables but with signs of a stabilized relationship || Markets today : World shares lower as Trump wraps Beijing trip || Cisco leads Wall Street toward more records and the Dow back to 50 , 000 || LPL 2026 Opening Game between Jaffna and Galle || Morning note : economia e finanza dai giornali esteri || China turns its back on Iran after Trump intervention | US | News || Hour 1 - Haters Gonna Hate | 960 WELI | The Clay Travis and Buck Sexton Show || IMF says constructive US - China dialogue , reduced tensions good for world economy || China to buy 200 Boeing jets , Trump says , much fewer than expected || Strait of Hormuz US Iran Donald Trump China : Is Donald Trump China visit a victory for U . S or Iran gets upper hand on Strait of Hormuz ? || Trump and Xi find common ground , but Taiwan and Iran still threaten clashes || Trump leaves China with few wins but warm words for Xi || US business leaders see positive momentum in China - US cooperation || Take Five : A barrel of uncertainty | MarketScreener || Higher Open Tipped For China Stock Market || US stock markets closed day at record highs || sundram fasteners : Stock picks of the week : 5 stocks with consistent score improvement and upside potential of up to 35 % || Chinese , U . S . presidents agree on new vision for bilateral ties in Beijing talks || NYSE Content Update : Lynn Martin Calls for AI Coordination as U . S . Business Representative in Shanghai || Britain foreign minister plans to visit China in early June , sources say || Xinhua Headlines : Chinese , U . S . presidents agree on new vision for bilateral ties in Beijing talks || Chinese developers employ various tactics to close tech gap with America || Stock Market Today : Sensex down 350 pts from day high , Nifty below 23 , 750 : Six key reasons behind market paring gains || From tea talks to spy wars : The hidden battle inside the Beijing summit || Cisco leads Wall Street to more records and the Dow back to 50 , 000 || PM expresses satisfaction over expanding  B2B  cooperation b / w Pakistan , China || New vision for stable , constructive ties || The Thucydides trap stokes fear in US and China : What the Peloponnesian War taught us || US business leaders express optimism on Chinese economy during Trump - Xi meeting in Beijing || Trump touts Iran success in China , but it Xi who came out on top || US mishandling Taiwan would lead to  dangerous place , Xi Jinping warns Donald Trump || Global Times : US business leaders express optimism on cooperation , highlight vital importance of Chinese market || Why Taiwan is a major flashpoint between the U . S . and China as Trump meets with Xi || Xi warns Trump over Taiwan during trade talks | Politics || Chinese Checkers , 737 & Soybeans or Is There More to the Story ?  Takeaways | Vero Patriot || Xi lauds  new positioning  in Chinese ties with US || An Introduction to Corporate Compliance || Stable China - US trade ties benefit || Is Boeing New 777 - 9 Plane a Reason to Buy the Stock ? || White House Says Xi Will Pressure Iran , Mull US Oil || Trump is wrapping up his Beijing visit || Cisco leads Wall Street to more records and the Dow back to 50 , 000 – KTBB News , Weather , Talk || Trump say U . S .- China relations in good place despite differences || China : Our enemy , not our rival * WorldNetDaily * by Ben Shapiro || China Xi warns Trump that differences over Taiwan could lead to conflict - Boston News , Weather , Sports || Indo - Pacific security : Scott Morrison on what the Xi - Trump Beijing summit means for Australia defence , trade and strategic resilience || China Xi hails trade progress in Trump summit , sends Taiwan warning || Xi , Trump , and the Strait of Hormuz : A Fragile Diplomatic Balancing Act Between Washington , Beijing , and Tehran"
2026-05-16,150,"Senator Bernie Moreno Sounds the Alarm on Chinese Vehicles Entering the US || PFAS in India : Health Risks , Water Safety , and Regulation Gaps || Few deals from Trump trip and no progress on Iran send global markets into a sell - off  | Peak Oil News and Message Boards || What did Trump and Xi actually achieve ? || Trump Bought Boeing Stock , Then Announced New Order for 200 Planes || Trump leaves China , short on deliverables but with signs of a stabilized relationship || Trump reaffirmed  ironclad  US - Japan alliance after China trip , Japan Takaichi says || To Stabilise the Declining Rupee || Dollar Rallies on Signs of a Resilient US Economy || China Lovefest : Trump Praises  Great Leader  Xi Jinping , Invites Him to White House || Trump - Xi summit in China ends with few wins | Shareable Stories || Stocks end lower for fifth straight day || Trump returns from China with no Iran breakthrough and a decision to make || 6 Top Low - Risk Investments To Make In 2026 || Trump Visit to China Emphasizes American Strategic Weakness - The American Conservative || Michael Hudson : US Designs on Iran and the Trump - Xi Summit || Trump and his executive delegation leave China with few deals to show for it for now || Trump undecided on Taiwan arms sales | The Arkansas Democrat - Gazette || China - Italy Cultural Tourism and Fashion Brand Forum held in Beijing - Xinhua || Democrats accuse Trump of stock trade corruption || US CEOs follow Trump footsteps with diplomacy in Beijing || Under Trump , Chinese Firms Have Abandoned Billions in US Clean Energy Projects || Trump sows uncertainty over Taiwan arms sale following summit || America most powerful CEOs dont have much to show from their China trip so far || The Taiwan Risk Investors Forget || Telecom , ICT can contribute 15pc to GDP with proper ecosystem : Rehan Asif Asad || Analysis : German blue - chip firms lift profits despite weaker sales || Letter : Let our European  friend find their own path forward – World Tribune : U . S . Politics and Culture , Geostrategy , China , North Korea , Corporate Watch , Media Watch || Xi cites philosophy of harmony to promote China - U . S . coexistence || Will continue to closely collaborate with President Trump : PM Takaichi highlights Japan - US cooperation || The EU sanctions fever : From Russia to China , a crisis expands || Markets , Mandates and Media Spin | 960 WELI | The Sean Hannity Show || Steve Bannon , MAGA Response to China Summit Reveals Cracks in Trump Base || 1st LD - Writethru : China urges EU to stop abusing foreign subsidies probe tools || Trump returns from Chinese state visit to face economic challenges at home || Putin to pay state visit to China amid a new wave of diplomacy in China ; more countries see engaging China as engaging opportunities , stability and growth : Chinese expert || Trumps China trip an attempt to save face analyst to RT || Japan PM Takaichi : Will Continue to Collaborate with Trump || Beijing slams  abuse of unilateral tool in legal blockade against EU probe into Nuctech || Kelly Ripa may be hiding her latest hobby from Mark Consuelos for one reason || Trump just gave China president exactly what he wanted . || Xi - Trump summit strengthens confidence in global economic recovery - Xinhua || Designated Person Notifications || AP Business SummaryBrief at 2 : 17 a . m . EDT || Traders dump chipmakers as rising yields drive US stock selloff || President Trump Gives Quick Comments Upon Return to White House ,  A Tremendous Success || America most powerful CEOs dont have much to show from their China trip so far – Ya Libnan || Business : Kevin Warsh takes over as Fed Chair . || China says EU probe into Chinese company constitutes unlawful extraterritorial jurisdiction - Xinhua || Israel and Lebanon agree to extend ceasefire by 45 days , US State Dept says || Alpart reopening push - Jamaica Observer || Korean Chipmakers Face China Export Dilemma After Trump - Xi Talks || After Donald Trump Beijing visit , Taiwan detects 8 Chinese naval vessels , one ship in its territorial water || Deficits , debt and economic literacy : A response to Nigeria fiscal critics || US CEOs Optimistic on China Economy at Trump - Xi Meeting || Beijing Entrenches Asymmetric Closed - Door Strategy || US President Donald Trump , Chinese President Xi Jinping end unipolar age in Beijing || The EUs sanctions fever : From Russia to China , a crisis expands || AP Business SummaryBrief at 10 : 14 p . m . EDT || FinancialContent - Zeta Global and Wix Stocks Trade Up , What You Need To Know || Trump - Xi summit : How the US president China visit unfolded || Links 5 / 16 / 2026 | naked capitalism || Foreign Minister Sergey Lavrov statement and answers to media questions at a news conference following BRICS Foreign Minister Meeting , New Delhi , May 15 , 2026 || The Geopost : Unlike the region , Kosovo does not fall prey to Chinese influence – the Government sanctions against companies and products from China had an impact || Trump visit to China went badly : this graph proves it || Roundup : Xi - Trump summit strengthens confidence in global economic recovery || Brass bands in Beijing make way for sticker shock at home as Trump returns to escalating inflation || China orders entities not to comply with EU probe into Nuctech || China Is America Enemy Not Rival Ben Shapiro Explains Why || Iran War : Economic Pressures Rise and Bond Market Jitters Increase as Gulf States Rebel , Constraining Trump Even More || NYT Weeps as High - Ticket Items Become Unaffordable in Slowdown || Trump Back From Beijing as US Prepares  Epic Fury 2 . 0  Strike Options on Iran || Trump pays tribute to the Temple of Heaven || India is building electric economy without fossil fuel dependency || Dax earnings rise despite revenue stagnation || Senate Foreign Relations Democrats Statement on Trump - Xi Summit || Trump and Xi : What Behind the Friendly Words ? || Trump - Xi summit stabilizes US - China bilateral relations - Academia || China says EU probe into Chinese company constitutes unlawful extraterritorial jurisdiction || The bond market is flashing a warning , energy geopolitics expert warns || Dominoes are steadily falling in the path of the rate cuts Trump wants to see from Kevin Warsh || Xi Jinping Told Trump That US Is A Declining Nation . Here How He Reacted || Multinational firms upbeat on long - term growth || China hits back in EU subsidy probe dispute || Trump claims  fantastic trade deal with China . What really happened ? || Pak PM welcomes growing business ties with China || ADB highlights report on project for regional digital corridor involving Azerbaijan || FinancialContent - Workday and Zscaler Shares Skyrocket , What You Need To Know || China top diplomat says Xi - Trump meeting fruitful - People Daily Online || Trump weighs Taiwan arms package after summit aimed at steadying US - China ties || Beijing silent on Trump Boeing jet order || APEC Economies Push to Break Barriers , Expand Opportunities for Women || China and Climate :  China Restricts Fuel Exports , Solar Exports Surge | Council on Foreign Relations || Taiwan detects eight PLAN vessels , one official ship around its territorial waters || China top diplomat says Xi - Trump meeting fruitful || A conflict between the US and China now looks inevitable – The Irish Times || China and Trump Business - first Framework - American Thinker || Rep . Jim Jordan On High Gas Prices :  That Life || FinMin highlights Pakistan , China ties at bond launch || Foreign Ministry Spokesperson Guo Jiakun Regular Press Conference on May 15 , 2026 || Global banks are becoming too large for states to rescue || Why Super Micro ( SMCI ) Stock Is Down Today || US citizens welcome stronger relationship as partners || Trump , Xi Strike Stabilizing Tone At Beijing Summit Shaped By Iran Conflict || NOFO : Biochemical and Molecular Characterization of Marstacimab and TFPI || Diplomats experience innovation and foster cooperation in Beijing Haidian district || Trump weighs Taiwan arms package after summit aimed at steadying U . S .- China ties || A Mexican Standoff With Iran - The Daily Reckoning || India news : PM Modi begins Europe tour with the Netherlands || What was Xi Jinping message to Donald Trump at the Beijing summit ? || As Trump casts doubt on defending Taiwan , a secret BRICS rift over the West Asia war explodes in New Delhi || Iran foreign minister warns US of rising economic costs from  war of choice || AP Business SummaryBrief at 9 : 35 a . m . EDT || Economic nationalism is the opposite of free - market conservatism || In War , There Is No Substitute for Victory || Morning Bid :  G2  choreography || Indian , Chinese business leaders discuss deeper economic cooperation in Shanghai || What can the united kingdom learn from the growing Chinese economy ? || China - US Trade Ties Benefit Both Countries and World : Li || Trump doubles down on his remark about not thinking about American financial situation :  That a perfect statement || Uyghurs Urge Trump to Use Leverage with Xi Jinping to Oppose Genocide || Qorvo , Sensata Technologies , and Texas Instruments Stocks Trade Down , What You Need To Know || Will make decision but …: What Trump said on Taiwan arms package after China visit || China Youth Have Give Up Marriage And Children || China Spent More on Clean Energy Than the Rest of the World Combined || Are Viral Ice Bath Challenges Safe During Heatwaves ? || European Stocks Decline Most Since Late March as Yields Rise || Treasuries and inflation data move against bet of Fed base rate cut under Warsh || Pentagon halts deployments to Poland and Germany to cut troop numbers in Europe , AP sources say || China top diplomat says Xi - Trump meeting fruitful - Xinhua || China urges EU to stop abusing foreign subsidies probe tools || Trump - Xi summit Day 2 takeaways : ANALYSIS || FinancialContent - Adobe and Salesforce Stocks Trade Up , What You Need To Know || Strait of Hormuz was open for navigation until Feb 28 when Iran faced aggression , says Lavrov || Trump should exact a heavy price for saving Castro Cuba || Trump Keeps His Friends Close , But China Closer || White House omission suggests Taiwan non - negotiable : Analysts || Trump returns from China with stability and a stalemate || SRN - US News - Taylorville Daily News || U . S . and China , at heart of global economy problem , came together and did nothing || Trump Refuses to Commit to Defending Taiwan After Xi Raises It Directly at Beijing Summit || Trump heads home from China with a meagre goody bag from Xi || The winners and losers of oil new world order || The anarchists who thought Chinese dictator Mao Zedong was on their side || Xi warns Trump about the  Thucydides Trap . Here what it means || Ryan Bridge urges more positivity amid Taiwan and trade risks || Xi opposes Taiwan independence : Trump || India news : PM Modi begins Europe tour with Netherlands || Trump Second Visit to Beijing : Another Lesson in China Mastery of the Fine Arts of Diplomacy ! || U . S . Futures Retreat , Oil Advances as Trump Leaves Beijing and Markets Turn Defensive : Dow Jones , S & P , Nasdaq , Wall Street"
2026-05-17,147,"AI , Security , Rivalry Top Exchanges During AmCham China Visit To D . C . || Pope Leo creates artificial intelligence study group as Vatican prepares to release his first encyclical || Trump is cryptic on Taiwan . Are microchips the reason ? || Bangladesh needs to move up in global value chains through industrial upgrading || China : Donald Trump Beijing visit was more vibes than details . And Xi Jinping set the tone || Zhejiang Loong Airlines signs MoU for 20 A320 Family aircraft || From beef ribs to a  heavenly  walk : Xi - Trump summit symbolism underscored American power and Chinese tradition || Deficits , Debt , Economic Literacy : Response to Nigeria fiscal critics , by Tanimu Yakubu || China market regulator outlines measures to support private economy || Modest wins , no strategic reset - Daily The Patriot || Trump advisers are leaking he just sold out a major ally || Cambodia , China leadership reiterate pledge to promote tourism links || Bond Yields Explode Globally as Markets Enter  Triple Higher  Regime Following Underwhelming Trump - Xi Summit || Penny Stock Enthusiasts , The Momentum Continues : As U . S . Markets Rally ... || India Lax Drug Regulation Threatens Public Health and Global Reputation , says E . A . S . Sarma || Briefing by Foreign Minister Wang Yi on China - U . S . summit and common understandings - Xinhua || Germany in uniform – Mercedes and Volkswagen become defense industries to avoid bankruptcy due to China || China orders entities to stay away from EU probe || India and Netherlands ink 17 pacts , elevate ties to strategic partnership || Briefing by Foreign Minister Wang Yi on China - U . S . summit and common understandings -- China Economic Net || Elektros , Inc .: Penny Stock Enthusiasts , The Momentum Continues : As U . S . Markets Rally to Historic All - Time Highs - Higher Than the Dot - Com Boom Era - ELEKTROS Inc . Celebrates a Strong Friday Closing Surge of 33 . 33 % While Continuing to... || The Kevin Warsh Repricing and Inflation Points : Markets Weekly Outlook || Take Five : A barrel of uncertainty || It may not feel like it , but hope is on the horizon : Trump , Netanyahu and Putin powers appear to be waning | Simon Tisdall || Uzbekistan Praises Pakistan Middle East Mediation Role - Pakistan Today || The Warsh Paradox : The Exit Is Where You Entered , The Fed At A Crossroads – Analysis || India , developed nations  complementary  in FTAs : Virmani backs deals to capture China+1 shift || Singaporeans Are Feeling The Economy Grow In Real - Time || International deep sea fishing tourney a major tourism event for Miri || Celebrating the 75th Anniversary of Diplomatic Relations Between China and Pakistan Part - 2 || Superpower Rivalry Asean As Managing A gent || Trump returns from Chinese state visit to face economic challenges at home || Trump Cleanup Crescendo - American Thinker || Large blast near Beit Shemesh part of pre - planned test : Israeli defense firm | Ariana News || China SAMR unveils 34 priorities to back up private sector growth in 2026 || AP News Summary at 1 : 04 a . m . EDT - Harrison Daily || Trump says Xi agrees Iran must open Hormuz , but no sign China will weigh in || AP Business SummaryBrief at 4 : 53 a . m . EDT || China urges EU to stop abusing foreign subsidies probe tools - Xinhua || Ed Miliband will destroy our North Sea industry well rely on imports | Politics | News || Pakistan Issues First Panda Bond in Renminbi - Pakistan Today || Iran eyes a new source of power deep beneath the Strait of Hormuz || AP News in Brief at 6 : 04 p . m . EDT || Trump returns from China with stability but little progress | Ariana News || India , Netherlands inks 17 agreements , aims at boosting corporation in key sectors including defence || Xinhua Headlines : Xi - Trump meeting charts course for constructive strategic stability in China - U . S . ties || Stocks and bonds get swept up in a selloff , as Trump China visit fails to pry open the Strait of Hormuz || Brass bands in Beijing make way for sticker shock at home as ... || China One - Person Companies Thrive in AI - Driven Era || Louis Navellier sends message as markets stumble , bond rates surge || Fidelity China Special ( LON : FCSS ) Stock Passes Below Two Hundred Day Moving Average – What Next ? || AP News Summary at 2 : 33 a . m . EDT || AP Business SummaryBrief at 5 : 06 p . m . EDT || Trump says Xi agrees Iran must open strait , but no sign China will weigh in || Putin set to travel to China on Tuesday for two - day visit | New Spotlight Magazine || Elektros , Inc .: Penny Stock Lovers , Boys and Girls - This Is Your Time to Shine : As U . S . Markets Continue Roaring to Record - Breaking All - Time Highs , ELEKTROS Inc . Believes America Is Re - Entering a New Era of Innovation , Prosperity , a... || Ray Dalio Says US Looks Less Dependable As China Influence Rises || Drones Revolutionize Healthcare in Hainan Mountains || The Nature and Likely Impact of the Impending Economic Crisis in India || China market regulator outlines measures to support private economy - Xinhua || India missed out on AI and now its run as market darling may be over || Small - cap stocks to buy : Holding stocks is harder than finding them : 10 mid - and small - caps stocks that may be worth holding on to || Avantis unveils Parote 1030i laptop – DailyNews || Brass bands in Beijing make way for sticker shock at home as Trump returns to escalating inflation || Leaders of Korea , Japan likely to discuss implications of US - China summit || European states accept Iranian control over Hormuz and discuss plan for fees exceeding 10 billion dollars in stunning development || Risks of deepening crude oil crisis for lenders || Michael Smerconish Argues That Trump Using  Smart Diplomacy || U . S ., Iran still far apart on war end , Hormuz as drone hits UAE || This week has shown that Britain is not a smart place to invest || Global inventory race intensifies : Shadow of Iran war || BYD robot - run factory in China builds an EV in under a minute || This should terrify every CEO : How Xi Jinping China destroyed 10 American industries || India , Netherlands ink 17 agreements , aiming to boost cooperation in key sectors , including defence || America Medicine Supply Chain Is A National Security Vulnerability || Brass bands in Beijing make way for sticker shock at home as Trump returns to escalating inflation - Las Vegas Sun News || Opinie | Prepare for an AI jobs apocalypse || The costly problem with cheap oil || Elektros , Inc .: As U . S . Markets Continue Soaring to Historic All - Time Highs Reminiscent of the Dot - Com Boom Era , ELEKTROS Inc . Celebrates a Powerful 33 . 33 % Friday Surge While Advancing Its Vision in Lithium Mining , EV Infrastructure , ... || US - Iran Tensions & Brent Crude Above $109 To Keep Markets Volatile , Sensex & Nifty Face Pressure This Week || Why Xi believes China , U . S . can thrive together || Trump  expansive ambition falling apart after a year of crippling losses : WaPo || Bitcoin Slides Under $79K on Macro Fears : Is a Rebound Around the Corner ? || India emerging as global model for clean industrialisation : Report || How Venezuela has – and hasnt – changed since Maduro capture || Elektros , Inc .: As U . S . Markets Continue Surging to Historic All - Time Highs , ELEKTROS Believes This Could Be a Defining Opportunity for Penny Stock Investors Seeking Exposure to the Future of Lithium Mining , EV Infrastructure , and Next - Ge... || Chinese government officials meet with CEOs of US enterprises Boeing , GE Aerospace , Qualcomm , Cargill || German  chemical town  fears impact of industrial decline || What a fine mess youre in , Trump . Youve left Xi holding most of the cards – Slugger OToole || International Business : US firms eye China deals after Trump and Xi meet || Lifeblood of Australia  threatened as calls grow to exempt businesses from Labor capital gains tax change || Brass bands in Beijing make way for sticker shock at home || Books bring Nujoma story to youth - News || Dont believe the hype : Former ambassador to East Asia urges awareness of Chinese government tactics || Briefing by Foreign Minister Wang Yi on China - U . S . summit and common understandings || Charting the global economy : Inflation mounts as war drags on || Comedian Bill Maher Says Trump Was So Smitten by Xi Hed Have Happily Carried His Bags Home Himself || The Clarity of the 2026 Trump - Xi Summit : The Hardening of a Bipolar Reality || Vanuatu Legal Battle Against Climate Superpowers Heads To The UN || Freight Rates Spike Double Digits as China Scrutinizes Ocean Carriers || Big Business Bows Down in Beijing - The Daily Signal || World News : Trump returns from China with stability and a stalemate || Opinion | Why Trump took US tech leaders to Beijing || What do China plans for  comprehensive  new AI law mean for future of technology ? || Trump , Xi Need To Prove Famous Chinese Adage About Tigers Wrong || India FTA Strategy : Virmani on Capturing China+1 Shift || AP News Summary at 11 : 55 p . m . EDT || Ray Dalio says China ascent ushers in era of  tribute system || Cobb : Trump  Absence of Frontal Lobe Control  Causing Daily Corruption || Weekly Review With Clay and Buck H1 - What to Expect From Trump China Tri | 960 WELI | The Clay Travis and Buck Sexton Show || Pope creates artificial intelligence study group as Vatican prepares to release his first encyclical || AP News in Brief at 12 : 04 a . m . EDT || Sunday Morning Talk Show Thread 17 May 2026 || Pakistan AI push needs good governance || S & P 500 manages to extend weekly win streak despite anticlimactic Trump - Xi summit || Top space stock picks as investors target intergalactic gains || AP Business SummaryBrief at 3 : 39 p . m . EDT || DayOne plans dual IPO in Singapore and US , FT reports || Pope announces AI - focused study group ahead of first encyclical release | The Arkansas Democrat - Gazette || AP News in Brief at 11 : 04 p . m . EDT || Good news en route ? Why sky - high airfares may become a thing of the past || Settlement without closure : What the Adani SEC case means for global capital || What Takaichi Hanoi Visit Reveals About Vietnam Critical Minerals Strategy – The Diplomat || Interview |  Indian students can gain experience in Taiwan and return to serve India : Mumin Chen - The Week || China using state power to tighten global supply chain dominance : Report || This Week  Transcript 5 - 17 - 26 : U . S . Trade Rep . Jamieson Greer , Rep . Thomas Massie & Rep . Jamie Raskin || Trump advisers fear Xi could target Taiwan within 5 years || India economic pact with European FTA bloc seen as gamechanger || Iran warns of readiness for war and economic costs as US talks falter || China and ASEAN Cooperation as a Blueprint for Worldwide Climate Leadership || Opinion - After the Trump - Xi summit , China , not America , is on the back foot || 20 years behind ...: Chinese official dismisses India , says  it can never make all weapons by itself || China expands its lithium dominance in Latin America at the expense of water - strained ecosystems || AP News in Brief at 9 : 04 p . m . EDT || China , U . S . achieve positive outcomes in economic , trade consultations : ministry - Xinhua || Rebranding construction to attract young talents || Trump and Xi Signal AI Safety Protocol Talks as Anthropic Mythos Reframes the Threat || Xinjiang empirical realities defy western narratives || Hong Kong Hang Seng Index closes lower || The Government Ghost Gun Battle Is Taking Aim at Something Much Bigger : Innovation || Chinese espionage steals $600 billion from US firms yearly . It time for government to act || Mozilla is fighting a losing battle to prove VPNs are essential privacy tools for everyone || As U . S . Markets Continue Surging to Historic All - Time Highs , ELEKTROS ... || Opinion | In a world of chaos , China signals that stability is possible || As U . S . Markets Continue Soaring to Historic All - Time Highs Reminiscent ... || Trump returns from China with stability and a stalemate || Demand for cruises appears undimmed despite hantavirus and other onboard outbreaks"
2026-05-18,202,"Transcript : Alexander Yui , Taiwan representative to the U . S ., on  Face the Nation with Margaret Brennan , May 17 , 2026 || FxWirePro : AUD / USD eases as markets react to China data shock || Shanghai sets target to build intl shipping hub || China economy slows in April as output , retail sales disappoint in blow to outlook || THIS WEEK : Final push for US trade deal and migration returns as EU leaders travel to Mexico || Shippers Hapag - Lloyd , CMA CGM Suspend Cuba Bookings After US Executive Order || With Qalibaf , Iran Tells Beijing Relationship Is A Top Priority || Clock is ticking : Trump asks Iran to act fast or  nothing will be left of them || Dont blame Brexit for every economic ill in the united kingdom || UAE , Saudi Report Drone Incidents as Iran War Deadlock Drags on || China Baidu beats quarterly revenue estimates || Globalization gutted Canada manufacturing . Here how we make things ourselves again || Rupiah and Rupee hit record lows as oil surge and rising Global yields rattle Asian markets || The First Macao Forum on Low - Altitude Economy and Innovation Development of Full - Space Unmanned Systems Successfully Held in 2026 || Bruce Wolpe : Donald Trump sheds restraint after Xi Jinping summit in China | Mandurah Mail || To critics , Trump remarks reveal a billionaire out of touch || Immersive cultural travel gaining steam in China as summer tourism peak nears || G7 Finance Chiefs Meet to Seek Common Stance on Unstable Ground || The ripples of the Iran war are everywhere || Is there a safety net for Phl LCCs ? || Dogs rescued from dinner plates in China || Bypassing the Blockade : The Shadow Economy Keeping the Asian Markets Afloat || China urges fairness over British Steel nationalization plan : Commerce ministry || JCI Plunges 4 % as Rupiah Falls to 17 , 672 Against US Dollar || New PSMAddition data show 58 % lower risk of PSA progression with Pluvicto® in metastatic hormone - sensitive prostate cancer || Hyundai Motor Group to Pioneer Hong Kong Hydrogen Economy , Accelerating Asia - Pacific Expansion || China Economy Shows Signs of Weakness Despite Resilient Exports Update || ADGM Strengthens Position as MEASA Leading IFC With 57 % Growth in AUM , over 13 , 000 Active Licences in Q1 2026 || China Focus : China - Russia Expo enhances trade , investment opportunities - Xinhua || Newsquawk Week in Focus : NVDA earnings , united kingdom , Canadian , Japanese and NZ inflation || CNBC Daily Open : G7 to assess economic shock || US May Need Wartime Footing to Counter China : Gates || Trump cryptic Gulf map with red arrows at Iran sparks fresh war fears || US , Iran far from Strait of Hormuz deal as Trump says clock ticking || Update : China satellite navigation industry reports growth in 2025 : white paper || AP Business SummaryBrief at 3 : 56 a . m . EDT || Hapag - Lloyd , CMA CGM Suspend Cuba Bookings After US || Bruce Wolpe : Donald Trump sheds restraint after Xi Jinping summit in China | Dungog Chronicle || Driving development with new quality productive forces || India - UAE energy push offers relief , but global risks still loom : Arnab Das || Jim Cramer on Wynn Resorts :  I Gotta Hold Off for Now || Nine in 10 families in China own a home . But is the property - owning dream being tested ? || With Qalibaf , Iran Says Beijing Relationship Is A Top Priority || Rep Ro Khanna calls out Fuyao over labor issues in Ohio | Local || Bruce Wolpe : Donald Trump sheds restraint after Xi Jinping summit in China | The Daily Advertiser || Bruce Wolpe : Donald Trump sheds restraint after Xi Jinping summit in China | The Inverell Times || For Trump , soaring prices test voter finances and patience – Hartford Courant || U . S . Upstream Mergers Hit $38B As M & A Rebounds || AP Business SummaryBrief at 11 : 16 p . m . EDT || Trump Gloats About  Making a Fortune  While Americans Suffer || Bruce Wolpe : Donald Trump sheds restraint after Xi Jinping summit in China | The North West Star || Fiscal , monetary tools to boost consumption || Bruce Wolpe : Donald Trump sheds restraint after Xi Jinping summit in China | The Advertiser - Cessnock || Character - based AI Agents Market worth $5 . 45 billion by 2032 - Exclusive Report by MarketsandMarkets™ || Some in Brussels should wake up to reality , or EU will pay for overreach || China , Nigeria to deepen cooperation in culture , tourism – envoy – Daily Trust || G7 finance chiefs meet to seek common stance on unstable ground || China , U . S . achieve positive outcomes in economic , trade consultations : ministry -- Beijing Review || Mbah inspects 40km dual lane road , other projects ahead of inauguration || Why California could slide into socialism and how to stop it || Dax expected lower - Iran and G7 meeting in focus || Hong Kong Hang Seng Index closes higher || Keeping Score : China and the united states || Technology Stocks To Keep An Eye On – May 16th || Interview : Russia Irkutsk eyes deeper cooperation with Chinese partners , says governor || US , Iran far from Hormuz deal as Trump says clock ticking || America 250 : The 20 ‑ cent tax that started federal healthcare || Why Stock Market is Down Today : Why is market falling today ? Sensex crashes 1 , 000 points , Nifty below 23 , 350 ; 5 key factors behind bloodbath || What an anticlimax summit - Editorial - The Jakarta Post || Xinhua Headlines : Xi - Trump meeting charts course for constructive strategic stability in China - U . S . ties || Pacheco : China gives Trump a poke in the eye on trade || China April consumer spending growth slowest in years || Tina G . Santos – Asia News Network || Want to jump into the China is back rally ? Tread carefully : Raychaudhuri || Russia unleashes fresh aerial barrage on Ukraine || How they voted : Ryan , Riley on Iran war authority , anti - semitism || America Sovereign Debt Crisis Has Already Begun || Iran Stock Market Reopening Meets US - China Oil Shift - Chevron ( NYSE : CVX ), Lockheed Martin ( NYSE : LMT ) || China economy slows sharply as investment returns to contraction || Trump Bought Nvidia Stock One Week Before His Own Government Approved a Billion - Dollar Nvidia Chip Deal With China || Why running Britain is so hard , no matter who does it || Gold price prediction today : Where are gold prices headed ? Key levels to watch out for May 18 , 2026 week || After Trump , Putin to visit Beijing for talks with Xi || U . S - Guyana ties amidst Trump visit to China || Cuba Falling : What All This Talk About Drones ? || Connector Economies Are Straddling the Global Geopolitical Divide for Potentially Sizeable Gains in Trade || Lindsey Graham Iran Trigger Finger Needs Adult Supervision – PJ Media || China Democratic Pawns : How Beijing Bets on Midterms to Undermine Trump || A defining moment for Central Asia || Haier Named the World Only IoT Ecosystem Brand in Kantar BrandZ Top 100 for Eight Consecutive Years || China Quiet Digital Conquest of Central Asia || Bruce Wolpe : Donald Trump sheds restraint after Xi Jinping summit in China | Moree Champion || For Trump , soaring prices test voter finances and patience || China satellite navigation industry reports growth in 2025 : white paper - Xinhua || Bruce Wolpe : Donald Trump sheds restraint after Xi Jinping summit in China | The Advocate - Hepburn || Trump makes over 3 , 700 stock trades worth $200+ million with Big Tech , others in Q1 : Most corrupt Prez , say Democrats || Alibaba Stock May Be One of the Safest Ways to Play the AI Boom Right Now || The American epoch of oil is collapsing . What comes next could be ugly  | Peak Oil News and Message Boards || Chandigarh University Biotechnology Scientists Faculty Secure Rs 1 . 16 Crore Government Grants from ICMR and ANRF for Mustard Yield and Diabetic Kidney Disease Research || Samsung injunction partially blocks looming worker strike . But it not over . || Chinese investors ordered to sell millions of shares in Australian miner || Pakistan expands financing options - Daily The Patriot || A look back at the history of China - U . S . friendship -- Beijing Review || European Midday Briefing : Stocks Drop as Inflation Fears Take Hold || Elektros , Inc .: ELEKTROS Believes This Early Summer Feels Like an Early Summer Christmas as ELEKTROS Closed Up 33 . 33 % as of Friday || China home price falls narrow , but recovery may be months away || Dear Mr . President , the ( College ) Kids Are Not Alright || Sunday Talks - U . S . Trade Representative Jamieson Greer Discusses U . S - China Trade Status || Dow Jones Top Energy Headlines at 12 AM ET : The World Cant Get Enough U . S . Energy , Keeping Prices High for Americans | Coal ... || China April consumption , factory output growth slowest in years || ELEKTROS Inc . Advances Its Lithium Mining and EV Patent Technology While Celebrating Strong 33 . 33 % Friday Market Momentum || Gary Bauer : Trump & Xi | The Patriot Post || Andrew McLachlan condemns party stance on permanent migrants || Trump advisers fear China could  invade Taiwan in next five year : Report || Bright spark ? The race for fusion energy is no longer science fiction || Global Bond Yields Climb , Stock Futures Fall as Inflation Concerns Mount || Week Ahead for FX , Bonds : Fed Minutes in Focus as Middle East Uncertainty Continues || G7 finance chiefs meet to seek common stance || Honda to reboot iconic sedan with SUV styling || Weaponizing Children : Teacher Unions Cancelling Class for Political Protest || Strait of Hormuz is now India biggest market risk , says Ashi Anand || China economic growth slows sharply as investment shrinks || Iran Reportedly Hits UAE Nuclear Site , and Trump Patience With the Regime Appears Finished || Elektros , Inc .: As Wall Street and U . S . Markets Continue Rallying to Historic Record Highs - Even Higher Than the Dot - Com Boom Era - ELEKTROS Inc . Believes America Continues Leading the Path Toward Prosperity as the World Follows America Econ... || China economy loses steam at start of Q2 as consumption , output disappoint in April || China market regulator outlines measures to support private economy -- Beijing Review || Beijing emerges as focal point of global diplomacy as Putin , Trump visit in succession within a week || China economy loses steam as domestic demand drops || Ben Shapiro : China is our enemy , not our rival || Oil , rates , China : European markets under pressure || Dow Jones Top Markets Headlines at 3 AM ET : Dow futures drop , oil prices push higher as Iran war remains stuck in stalemate | China ... || G7 finance chiefs seek to tackle imbalances as trade strains unity || The world after the Strait of Hormuz crisis || Move over gigabytes , AI tokens are the new unit on your phone bill || German  chemical town  fears impact of industrial decline || China economy maintains steady recovery momentum with strong vitality , resilience || US and Iran far from Hormuz deal as drone hits UAE power plant || Bruce Wolpe : Donald Trump sheds restraint after Xi Jinping summit in China | Harden Murrumburrah Express || Vedanta target price : Why should you buy stock post demerger Rationale explained || With New Qalibaf Role , Iran Says Beijing Relationship Is Top Priority || No degree , no advice : China cracks down on  fake expert , bars uncertified influencers || Pope creates AI study group as Vatican prepares encyclical || Promising Toy Stocks To Add to Your Watchlist – May 16th || Voices from the Arab press : Reading the Jeddah statement || The Real Reason North Korea Fights For Russia | Armstrong Economics || ELEKTROS Believes This Early Summer Feels Like an Early Summer Christmas ... || AI - related demand boosts Singapore exports in April || Human rights concerns abound over China  state secret regulation in the Uyghur region · Global Voices || Elektros , Inc .: ELEKTROS Inc . Advances Its Lithium Mining and EV Patent Technology While Celebrating Strong 33 . 33 % Friday Market Momentum || Bruce Wolpe : Donald Trump sheds restraint after Xi Jinping summit in China | Blayney Chronicle || KERPEN : America should stop sanctioning its own chip leader || Bruce Wolpe : Donald Trump sheds restraint after Xi Jinping summit in China | Western Advocate || Silicon Valley Has Kept Religion at Arm Length , Until Now || Mercedes Willing to Enter Military Production Sector || China , united states , Global Powers , Smoothing Economic Interests - The Villager Newspaper || Turkic World digital shift : IT as Kazakhstan new economic alternative to resources || Transcript : Former Defense Secretary Robert Gates on  Face the Nation with Margaret Brennan , May 17 , 2026 || Novartis Pharma AG : New PSMAddition data show 58 % lower risk of PSA progression with Pluvicto in metastatic hormone - sensitive prostate cancer || Chinese VP : Unbalanced recovery better than balanced recession || G7 Finance Chiefs Seek to Tackle Imbalances as Trade Strains Unity || How Long Can China Survive Iran War With Its Saved - Up Oil ?  | Peak Oil News and Message Boards || The year in money : inflation eased , optimism ticked upward || Bruce Wolpe : Donald Trump sheds restraint after Xi Jinping summit in China | Cootamundra Herald || Best Electric Vehicle Stocks To Watch Today – May 16th || Elektros , Inc .: As U . S . Financial Markets Continue Booming to Record All - Time Highs , ELEKTROS Inc . Believes America Is Once Again Leading the World Into a New Era of Innovation and Opportunity Reminiscent of the Historic Dot - Com Boom || Shippers Hapag - Lloyd , CMA CGM suspend Cuba bookings after US executive order || REPORT : Cuba Has Acquired Military Drones , Weighing Strikes On Florida And Guantanamo Bay , US Intel Finds || Bruce Wolpe : Donald Trump sheds restraint after Xi Jinping summit in China | Redland City Bulletin || Get your G - Minus - 2 on : China sets global power dynamics || FOUTS : Goats , hantavirus and elections all issues in the forefront || Trump advisers fear China may invade Taiwan in next 5 years : Report || Iran war fuels US inflation fears || US needs cohesive national airline strategy || Bruce Wolpe : Donald Trump sheds restraint after Xi Jinping summit in China | Southern Cross || Germany crisis - hit chemical industry seeks revival || Myanmar Proposes Death Penalty to Crush Global Scam || US may need wartime footing to counter China : Former Defence Secy || PSX opens lower amid rising regional tensions || The Guardian view on Cuba : Trump says he can do  anything I want  to the island . It doesnt belong to him | Editorial || As Wall Street and U . S . Markets Continue Rallying to Historic Record ... || Pakistan Panda Bond debut signals investor confidence in economic recovery -- China Economic Net || China - Russia Expo enhances trade , investment opportunities || Trump Failed China Trip Shows His Trade War Backfired , And US Corporations Are Desperate || U . S ., Iran still far apart on war end , Hormuz reopening as UAE nuclear plant hit by drone || The Chip Shortage Is A Gulf Energy Crisis Wearing A Different Costume || Australia Asia Market Entry : Comparing China , Vietnam and India || Bruce Wolpe : Donald Trump sheds restraint after Xi Jinping summit in China | The Irrigator || news . gov . hk - HK to be health innovation hub : CE || FxWirePro : NZD / USD under pressure as Chinese data misfires || Bruce Wolpe : Donald Trump sheds restraint after Xi Jinping summit in China | The Standard || Oslo summit must mark India northward turn || Inside Trump vision of the U . S . as a shareholder in American companies || Pumped storage anchors China grid in 15th Five - Year Plan || Bruce Wolpe : Donald Trump sheds restraint after Xi Jinping summit in China | Bega District News || Major bank drops bombshell on Fed interest - rate bets || China to buy at least $17 billion in US agricultural products annually , White House says | Ariana News || Bruce Wolpe : Donald Trump sheds restraint after Xi Jinping summit in China | Oberon Review || China , US achieve positive outcomes in economic , trade consultations : ministry | Hellenic Shipping News Worldwide || Revitalized and Rising : China Economy and Market Dynamics || Stock Market Live , May 18 : Sensex sinks 800 pts , Nifty below 23 , 400 amid Iran war fears || news . gov . hk - Metals trade strategies in action || Germany : Chemical industry down , but not out"
2026-05-19,188,"Putin says Russia , China ready to defend sovereignty concerns || Global Inventory Race Intensifies in Shadow of the Iran War || China , Georgia to enrich connotation of strategic partnership || Expo 2031 will be held in Dakota County , Minnesota || China invoice data shows sales surge in AI - related sectors in first four months -- China Economic Net || Amid global economic pressures , how significant is the Sino - Russian cooperation ? || Ford lands first customer for energy business . Is this pivot a buy ? || Trump - Xi Meeting : Trump China Pragmatism Is Welcome || CNNs Phil Mattingly Edits JD Vance Defense of Trump Iran Remarks || Elon Musk Snubs Tim Cook and Face - Melts the Internet With  Weird Expression at Trump - China Summit || Hong Kong set to benefit as Xi - Trump summit signals  more stability , John Lee says || China Trip Fact and Fiction with OReilly & Batya Ungar - Sargon || Myanmar managed political transition , ongoing conflict and economic crisis || Trump allies warn China may move on Taiwan within 5 years || Compost Turning Machine Market to Reach USD 185 Million by 2036 as Mechanized Organic Waste Processing Gains Momentum Worldwide || Framework for APEC collective actions planned || China Investigates Trip . com Over Hotel Pricing Practices || At the Milken Institute Global Conference - Los Angeles Business Journal || Elektros , Inc .: As Global EV Demand Accelerates and U . S . Markets Reach Historic Highs , Investors Worldwide Are Increasingly Turning Their Attention Toward ELEKTROS Inc . Expanding Lithium & EV Patent Technology Vision || G7 Finance Ministers explore responses to Iran war fallout || Namibia : Books Bring Nujoma Story to Youth || China Shares Tipped To Open In The Green || What Could US Military Action Against Cuba Look Like ? || Future industries highlighted at 10th China - Russia Expo in Harbin || China Treasury Retreat Signals a Deeper Crisis in Global Finance || Stock Market Today : S & P 500 , Nasdaq 100 Futures Slip As Inflation Fears Grip Wall Street XP , Atmos Energ || China latest AI scientific model highlights unique open - source ecosystem built on tech sharing to tackle global challenges || Dow Jones Top Markets Headlines at 1 PM ET : U . S . Stocks Fall as Concerns About Cost of Iran War Weigh on Investors | U . S . ... || Good Morning , Penny Stock Lovers : ELEKTROS Celebrates a 49 . 94 % Surge as Markets Continue Roaring Higher || China says integration of AI , advanced manufacturing can help offset economic headwinds || With New Qalibaf Role , Iran Says Beijing Relationship Is Top Priority – Analysis || Putin says Russian - Chinese ties reach  truly unprecedented level || Putin visits China to reaffirm Russia ties as Xi also seeks stable US relations after Trump summit – Winnipeg Free Press || Prepare for an AI jobs apocalypse || Trump should change his approach toward China || Dow Jones Top Markets Headlines at 11 PM ET : Oil Falls Amid Prospects of Potential U . S .- Iran Peace Deal | Trump ... || How China became the new master of Russia economy || Lithuania has little to fear from a deeper Hormuz crisis || Global Times : China Jan - April economic data points to steady growth , stronger high - tech momentum || AP News in Brief at 6 : 04 a . m . EDT || rec : Time to take the first step to become a contrarian ? 4 mid - cap stocks from different sectors with upside potential up to 21 % || Putin Visits China to Reaffirm Russia Ties as Xi Also Seeks Stable US Relations After Trump Summit || US - China Summit Yields No Progress on Iran || The AI Divide : Why China Media Industry Is Growing While America Is Shrinking || Putin Beijing Visit Promises Few Rewards || Global Trade and Investment Promotion Summit held in Beijing - Xinhua || Old friendship in new era vital beyond Far East || Trump running out of options , support || Meeting between hierarchies : Trump , Xi and new etiquette of power || Summit charts course for China - US relations || Elektros , Inc .: ELEKTROS Inc . Advances Its Lithium Mining and EV Patent Technology as Markets Continue Reaching Record Highs || ELEKTROS Inc . Continues Advancing Its Lithium Mining and EV Patent Technology Initiatives Amid Historic U . S . Market Strength and Expanding Global Electrification Demand || Rick Scott :  Trump Is Going to Have to Go in and Bomb the Daylights Out of Iran || Which Country is the Largest Consumer of Oil in the World ? || China economy loses steam in April as retail sales hit 40 - month low | Hellenic Shipping News Worldwide || Growing role of China capital market stressed || Baidu AI cloud surge outweighs advertising decline as search giant posts earnings beat || China will continue stagnating as an  incomplete superpower  until it can match U . S . financial might || Address ahead of the official visit to China || Putin visits China to reaffirm Russia ties || No friends , only interests : Why China sidelined Iran || How Arab world should react to US - China power shift || Russian President Vladimir Putin visits China to reaffirm Russia ties as Chinese leader Xi Jinping also seeks stable US relations after President Donald Trump summit || Chinese technology enables Russia to sustain and expand its defence production || New Asia Link Cable Anchors China High - Speed AI Corridor in Hong Kong || Russia and China are building something America cannot break || Global Automation Atlas releases first large - scale dataset on task - level automation exposure across 124 countries · Digg || Xi to host  old friend  Putin as China projects stable global role after Trump visit || Italy in the Hormuz crisis : diplomacy , naval missions and food security , by Antonio Tajani || investingLive Asia - Pacific FX news wrap : USD / JPY had a look at 159 || Sam Altman and OpenAI Beat Elon Musk in Court , Paving the Way for a Potential IPO || Russian ruble  crushe dollar and euro : Top currency in the world refutes doomsayers || From sanctioned cars to beauty clinics , Russian rubles have flowed into China border towns since Ukraine war | China || Trump in Beijing : Respect , Leverage , and the New Realism of US - China Relations || Economy stays resilient in first 4 months || The Iran War Could Be Trump Greatest Foreign - Policy Failure || UNCG Awarded $2 Million to Grow Bioindustrial Manufacturing Workforce in North Carolina || US President Donald Trump , Chinese President Xi Jinping end unipolar age in Beijing || LIZ PEEK : President Trump China trip sent a message liberal media missed || Bitcoin Price : Why BTC Cant Close Above the 200 - Day MA , and What Breaks It || Shanghai seen playing major digital role || HUYA Inc . Provides Update on Share Repurchase Program || Trump trip to China doesnt move the needle on low approval ratings – Roll Call || China invoice data shows sales surge in AI - related sectors in first four months || China firms have a glaring weakness as they face a barrage of EU probes || Resounding intervention by Mytilineos ahead of elections : || Building stability in a fractured trading world || Russia - China strategic partnership turns 30 : How former rivals became close friends || Beyond fear - mongering : the pragmatic case for engaging with China on electric vehicles - The Hill Times || China Economy Is In Decline , Even by Its Official Numbers || China Technological Rise : A Profound Challenge Reshaping the Global Order || Stormy seas ahead as powers vie for Indian Ocean control || Fact Check Team : US & China remain two economic giants , built in different ways || Author : Chips made at Arizona TSMC plant would be a lifeline if there conflict with China || Editorial Roundup : United States || auto India rules ICE bike exports , but China dominates E2Ws || Andrew Hastie blasts Albanese EV manufacturing plan as  unfeasible || It time G7 members looked at themselves rather than blaming China for their woes : China Daily editorial || China economy maintains steady growth in Jan - April || Putin in Beijing : What does Russia need from China ? || Trump moves to dismiss $10B suit against the Internal Revenue Service over leak of tax returns || Russia maintains heightened intensity as it unleashes another major nighttime barrage at Ukraine || Markets chop to geopolitics while Trump holds off on immediate Iran attack - Newsquawk US Market Wrap || Общая Теория Рекламы : « Примечания и Дополнения ». | Теория Рекламы | Форум || China economy loses steam at start of Q2 as consumption , output disappoint in April || G7 finance ministers explore responses to Iran war fallout || Delighted to be visiting Beijing , confident to deepen partnership : Putin ahead of China visit || Economic Watch : China economy maintains steady recovery momentum with strong vitality , resilience || China top flash - memory chipmaker YMTC begins pre - IPO coaching with investment bank || LA port briefing addresses trade , tariff policies - RailPrime | ProgressiveRailroading || Reynolds : No details will be released on IPERS investigation || A Decade of Strategic Convergence : How Putin and Xi Reshaped Russia - China Relations || Days after hosting Trump , Xi Jinping welcomes  dear friend  Vladimir Putin to Beijing to discuss US talks and multi - billion dollar energy deals || Russian drone strikes Chinese - linked cargo ship in Black Sea - London Business News || Inside China secret drone lessons for Russian troops fighting Ukraine || High - tech investment , manufacturing power China steady economic growth in Jan - Apr period || Ohio Data Centers Get Bipartisan Committee || Exclusive -- Build American AI Nathan Leamer :  American Leadership is Needed  on AI ,  Otherwise China Gonna Lead the Way || Putin says Russia - China friendship  not directed against anyone  ahead of Beijing visit || China invoice data shows sales surge in AI - related sectors in first four months - Xinhua || Why world attention is turning eastward as global leaders visit China || Chinese , African tourism operators seek new partnerships at Africa Travel Indaba || China economy maintains steady recovery momentum with strong vitality , resilience || Putin addresses Chinese people ahead of state visit || China YMTC ropes in CITIC Securities for pre - IPO coaching || The Aging Empire versus Slowing Empire : Trump - Xi Meeting || Plan to supercharge services potential || China joins global sell - off of US Treasuries in March as Iran war prompts panic || Tata - ASML deal : How significant is it for India semiconductor push ? | Science and Technology News || With New Qalibaf Role , Iran Says Beijing Relationship Is Top Priority || Fresh steps set to boost private sector || Trump State Visit To Beijing And The New Cold War On Asia - Dominican Republic Post – Caribbean News , Business , Travel & Culture || Uzbekistan , China prioritize trade , infrastructure and investment cooperation || Blind boxes , toys , milk tea : Unboxing China  emotion economy || G - 7 Finance Ministers Discuss Economic Fallout of Iran War || G7 finance chiefs seek common stance over war || Good Morning , Penny Stock Lovers : ELEKTROS Celebrates a 49 . 94 % Surge ... || Evergrande liquidators sue PwC for $8bn over  audit negligence || Xi Appeasement Trap - American Thinker || David Ashby : The stock market is a horse race || China hails Seychelle move to bar Lai Ching - te outbound flight : Chinese FM || Higher Oil Prices Have Cost U . S . Consumers $45 Billion Since Iran War Began || Zhao Leji Holds Talks with Speaker of the Parliament of Georgia Shalva Papuashvili || Putin visits China to reaffirm Russia ties as Xi  also seeks stable US relations after Trump summit || Putin visits China to reaffirm Russia ties as Xi also seeks stability with Trump || Modi , Putin to rekindle bromance at BRICS summit in September : Here what to expect || Iran Warns The US : Gulf Of Oman Could Become A  Graveyard || Australia secures more jet fuel from China , urea from Brunei || China will open its market to AI chips from US ,  Nvidia CEO says || Four dead , five missing in southwest China floods || G7 confronts mounting economic pressure as energy crisis and market volatility deepen || Seoul , Tokyo agree to pursue oil , petroleum product swaps amid energy shock || Chinese youth forge ahead with skills , innovation , entrepreneurship || Arms Without Strings : Buying Chinese Military Technology || China New Era of Constructive Strategic Stability || China expected to keep benchmark lending rates steady amid flush liquidity || Dishman Carbogen Amcis to Host Q4FY26 & FY26 Earnings Conference Call on May 20 , 2026 || Solar , Wind , and E . V . s Rise from Shadow of Trump Iran War || Online Gallery | China low - altitude economy enters fast growth phase || Trump Taiwan policy faces threat as his Advisers warn of Chinese aggression || G7 finance chiefs seek to look through bond volatility || The current state of China - Russia - US relations || China enhances competitiveness via high - quality products , services || Departure tax refund levels up for visitors || Putin visits China to reaffirm Russia ties after Trump summit || Rick Scott : Trump Must Bomb Iran Again , Because of Biden || The Guardian view on India Iran shock : Asia neoliberal era starts to fracture | Editorial || US stocks were mixed and the major indices finished mostly in the red , on what was a choppy session at the whim of geopolitical headlines - Newsquawk Daily Asia - Pac Market Open || American Chamber in China for working together to build a more resilient global supply chain -- China Economic Net || Nashik Among Top 10  More Polluted And More Prosperou Cities , Nature Study Raises Alarm Ahead Of Kumbh Mela || Trump allies push for government testing , approval of  potentially dangerou AI systems || India first seizure of Jihadi drug Captagon is an ominous sign of new threat || China forex market operates steadily in April - People Daily Online || Red Lines And Rhetoric : Deciphering The Signals From The Trump - Xi Summit – Analysis || Trump - Xi Summit : Ramifications for Canada and India || Indonesia April crude price jumps on geopolitical risks || China Foreign Ministry confirms that China and the United States agreed to launch formal intergovernmental dialogue on AI regulation after leaders exchanged views during a meeting · Digg || Putin addresses Chinese people ahead of official visit || Putin visits China to reaffirm Russia ties as Xi also seeks stable US relations after Trump summit || # CHINA - ECONOMY - GROWTH ( CN ) || Editorial Roundup : United States – Winnipeg Free Press || Holiday travel shifts to rural , industrial and cultural experiences || Insider Selling : Kestra Medical Technologies ( NASDAQ : KMTS ) Insider Sells 15 , 000 Shares of Stock || US , Iran far from Hormuz deal as Trump says clock ticking | Jefferson City News Tribune || China : Domestic demand improves , exports performing well | Hellenic Shipping News Worldwide || Celebrating the 75th Anniversary of Diplomatic Relations Between China and Pakistan Part - 4 || Update : China hails Seychelle move to bar Lai Ching - te outbound flight : Chinese FM || Putin Imminent China Visit to Supercharge Strategic Partnership"
2026-05-20,167,"AI : The White House policy pivot || Xi and Putin meet to reaffirm China - Russia ties || Old friend Xi and Putin to meet in Beijing  for tea  after Trump visit || Green Coatings Market Scope , Demand Analysis and Competition || Overcapacity of anxiety in Brussels  threat  to EU || Putin is pushing for a blockbuster oil and gas deal in China . Will he get it ? || Two - day Global Prosperity Summit 2026 concludes successfully || Analyst says Putin - Xi talks could heighten U . S .- China tensions over Ukraine , energy || Vladimir Putin arrives in China for talks with Xi after Trump visit || Xi Jinping and Vladimir Putin meet in Beijing less than a week after Trump visit || Xi and Putin meet to reaffirm China - Russia ties days after Trump visit to Beijing | National News || China , Russia leaders meet in Beijing , discuss bilateral cooperation || From a fake job offer to a fortified scam compound : Inside the US report on CCP - linked crime networks in Southeast Asia || China , Russia showcase close ties as Xi calls for Iran ceasefire || Focus on content rather than ceremony , Kremlin says of Donald Trump , Xi meetings || Trump China tinkering wont end the trade war || Russian military personnel secretly trained in China , returned to fight in Ukraine || Global Times : China , Uzbekistan joint efforts in reviving Aral Sea a model for implementation of GDI : Uzbek expert and Tianshan Award winner || Understanding China governance model in the 21st century || Washington Starts Playing New Greenland Game to Cut China from Arctic || Trump denies Xi told him that Putin would regret Ukraine war || How China and Russia could team up to shift global science  centre of gravity || Hong Kong market surge , geopolitics drive  fear of missing out  among French investors || Increasing Signs of Bond - Specific Panic || Putin says Russian - Chinese ties reach  truly unprecedented level || As America and China swap roles in their great power rivalry , India should think of how to maximize gains || Editorial | Central Asia trip will open new horizons of prosperity for Hong Kong || Trump threatens Iran with  big hit  if there no deal soon || Two - day Global Prosperity Summit 2026 officially opens || World : Xi - Trump meeting charts course for constructive strat || Dambazau pledges stronger Nigeria - China diaspora relations , welfare support for Nigerians || Why America and China are Codependent Superpowers || Xi and Putin Summit in Beijing Signals Stronger China - Russia Alliance || Death toll reaches 22 in China rains , 20 more missing || Riding AI boom , NW China emerges as key computing hub || China rains death toll rises to 22 - Pakistan Today || Asian Currencies Stay Rangebound as Dollar Holds Near Six - Week High Amid Iran War Concerns || Xi basks in spotlight as he hosts Putin days after Trump || Numbers of Tibetan exiles plummet as China tightens grip || Stronger RMB seen stabilizing currency system || China Xi Jinping , Russian President Vladimir Putin hold talks in Beijing | Politics News || Guidewire Software , 8x8 , DoubleVerify , Five9 , and RingCentral Shares Skyrocket , What You Need To Know || Xi JInping calls for end of hosilities in Gulf region during meeting with Putin || Nation oil giants ramp up efforts in clean energy || What Will the Stock Market Look Like Today ? Sensex Crashes , Nifty Slips ; 5 Big Reasons Why Dalal Street Is Under Pressure || Pakistan - China - New World Order Strategic Architecture || Beyond the triangle : Why China , Russia and the United States must reject zero - sum geopolitics || Veronique De Rugy : When businessmen enter the Beltway , it business as usual – Orange County Register || China Keeps Loan Prime Rates Unchanged || Trump says was an hour away from deciding on Iran attacks , slaps new sanctions || Affordable Care Act Coverage Loss : New Report Reveals Scope of Trump Admin Changes || Xi to host  old friend  Putin as China projects stable global role after Trump visit || Putin visits China to reaffirm ties as Xi seeks stable US relations after Trump summit || Russian business leader on future China - Russia cooperation - News Central Asia ( nCa ) || Maybe Friday , Saturday , Sunday : Trump latest  hot air verbal intervention  on Iran war || Putin visits China to reaffirm Russia ties as Xi also seeks stable US relations after Trump summit - Boston News , Weather , Sports || tata motors : ET Prime Special Series : Multibagger or IBC - Part 59 : Japan taught it . Tata bought it . Now EVs will test this auto ancillary || China wants AI to flourish , but not at the expense of jobs || Russia Sberbank wants Chinese chips for its GigaChat AI in the face of Western sanctions faces a long wait behind ByteDance and Alibaba || Putin hails  unprecedented  ties with China as he follows Trump to Beijing || Defying Western pressure : Russia and China deepen economic partnership || With a backlash growing , politicians from the White House to the Capitol pivot to AI regulation || Xi and Putin meet to reaffirm China - Russia ties days after Trump visit to Beijing || Veronique De Rugy : When businessmen enter the Beltway , it business as usual – Daily News || TSX index : S & P / TSX composite down , U . S . stocks also lower || Putin meets Xi : Why Russia and China need each other || Xi Jinping , Vladimir Putin to hold  tea diplomacy  talks in Beijing after Donald Trump visit || Trump voter turns on president during call to MAGA network :  Im being lied to || A China - U . S . summit that drew global attention || Putin , Xi agree on joint energy projects || Xi and Putin meet to reaffirm China - Russia ties : NPR || Xi Jinping Urges End to Gulf Hostilities with Putin || Causes of Uncontrollable US Public Spending and Debt || Xi Says All Hostilities in Middle East Must End Immediately || What is President Prabowo new plan to control export of key commodities ? - Regulations || Putin , Xi to underscore alliance strength after Trump visit || China Xi gives Putin a red - carpet welcome – and makes a veiled jab at the US || China - Russia - US relations : Zero - sum is gone for good || Update : Xi says China - Russia relationship enters new stage of greater achievements , faster development || 30 - year US Treasury yield hits highest level in 19 years || The People Bank of China has left its Loan Prime Rates ( LPR ) s unchanged for the 12 month || European business leaders see practical AI cooperation opportunities with China -- China Economic Net || China market regulator steps up support for private firms || MACAU DAILY TIMES 澳門每日時報Putin visits China to reaffirm Russia ties as Xi also seeks stable US relations || CPEC , 75th Years of Pak - China Diplomatic Relations and Thucydides Trap || China - Russia relations are as strong as ever thanks to Trump || As Trump met Xi , China was already sailing under Iran rules – Middle East Monitor || China and the United States should be competitors , not enemies || Putin and Xi hail their high - level ties and growing energy trade as they meet in Beijing || Indonesia supports China APEC push on digital transformation || Bond yields hit highest level since 2007 as inflation fears set in || Russia conducts massive nuclear drills as Putin visits China || Putin to Attend BRICS Summit in India - Worldnews . com || Putin meets Xi : Why Russia and China need each other - Dominican Republic Post – Caribbean News , Business , Travel & Culture || Why China Is Cracking Down on Elite Education || Dunhuang - Great Zimbabwe link revives Silk Road spirit - Newsday Zimbabwe || Xi calls for  comprehensive  Middle East ceasefire and  more just  global rules system – The Irish Times || China Bourse May Hand Back Tuesday Gains || US stocks were pressured amid higher yields and geopolitical headwinds - Newsquawk Daily Asia - Pac Market Open || Putin and Xi hail ties and energy trade at China talks || Trump discloses thousands of stock trades , some in companies directly influenced by his policies || As Trump Pauses Iran Attack , CSIS Analyst Mark Cancian Says US Searching For An  Exit || Putin in Beijing to reinforce Russia - China alliance after Trump visit || Vietnam strengthens FDI appeal as global supply chains shift || Putin and Xi hail their high - level ties and growing energy trade || Xi and Putin meet to reaffirm China - Russia ties days after Trump visit to Beijing – Winnipeg Free Press || Energy cooperation fuels growth amid uncertainties || China three telecom giants race into the AI token economy · TechNode || Xi and Putin highlight their friendship and cooperation on energy and other issues in Beijing visit || Xi holds talks with Putin in Beijing _ Guangming Online || Green Energy Stocks To Consider – May 19th || Putin , Xi to highlight alliance strength after Trump trip || Vladimir Putin Beijing visit : The Russian leader state visit to China highlights a lopsided partnership || Trump  negotiating chip  comment divides Taiwan over reliance on US || From graduation boos to voter unease : AI anxiety grows in the US || Xi and Putin highlight friendship and co - operation in Beijing visit || EU shortlists tungsten , rare earths for first stockpile to curb China reliance || Xi welcomes Putin , touts  unyielding  Russia - China ties and warns  hegemonic countercurrents running rampant || Putin and Xi hail their friendship and growing energy trade at their meeting in Beijing || Putin Visits China Xi Days After Trump Summit || G7 finance ministers urge action on economic imbalances ; some point to China || China calls for stronger engagement towards FTAAP || Trump accuses his opponents of treason . But it clear who the real traitor is – The Irish Times || Trump visit to Beijing : New balances in US - Chinese relations || Indonesian ministers meet Chinese ambassador , firms after complaint letter - Regulations || Keynote speech at the Conference on EU - China relations  Navigating beyond the inflection point , Beijing , 12 May || Xi and Putin Deepen China - Russia Alliance in Beijing Talks Amid Iran Crisis - Novinite . com || Xi and Putin Meet to Reaffirm China - Russia Ties Days After Trump Visit to Beijing || Stocks Set to Open Lower as Oil Rises Amid Iran Impasse , Nvidia Earnings and Fed Minutes Awaited || Democrats make demands of USTR ahead of USMCA review || FinancialContent - Polaris , Clarus , and Cable One Shares Plummet , What You Need To Know || Xi and Putin meet to reaffirm China - Russia ties days after Trump visit || Putin visits China to reaffirm Russia ties , as Xi also seeks stable U . S . relations || Was Xi Jinping inevitable ? - Taipei Times || Club Med IPO Could Raise At Least $500 Million || China - Russia partnership emerges as anchor of stability in a fractured world || From beef ribs to  heavenly  walk : Xi - Trump summit symbolism underscored American power , Chinese tradition || Xi , Putin Highlight Their Friendship and Cooperation on Energy and Other Issues in Beijing Visit || Putin , Xi hail high - level ties , energy trade as they meet in Beijing || Fed up with bad behavior , Thailand reduces visa - free length for over 90 countries , including the US || Xi , Putin to meet in Beijing for tea diplomacy after Trump visit || Xi to host old friend Putin as China projects stable global role after Trump visit || Putin , Xi Hail  Unyielding  Ties In Talks After Trump Visit || Putin visits China to reaffirm Russia ties as Xi also seeks stable US relations after Trump summit – Butler Eagle || Putin says Russian - Chinese ties reach  truly unprecedented level -- China Economic Net || Russia , China ties  in line with the demands of time , Xi says in Beijing meeting with Putin || Putin visits China to reaffirm Russia ties after Trump summit || Putin , Xi Hold Beijing Summit With Energy , Iran In Focus || Global Market : China holds rates steady as markets await fresh stimulus signals || Why the Iran war is a boost for stalled Russia - China gas pipeline || UN lowers forecast for global economic growth in 2026 over Mideast energy crisis || China Industrial Production Grows 5 . 6 % in Q1 2026 || Putin Gets Show Of Unity , But No New Pipeline Deal In Beijing Summit || Trump - Xi Summit Could Mark a Real Relationship Shift || Phantom limb : report blames China shock for Germany industrial malaise || Putin Says Russia - China Ties at  Unprecedented Level  Ahead of Xi Meeting – The Yeshiva World || YMTC IPO : YMTC Enters Pre - IPO Phase with CITIC Securities to Challenge Global Memory Chip Market , ETTelecom || Putin and Xi deepen strategic alliance as China balances ties with Trump – NaturalNews . com || China , Russia leaders signal closer partnership in high - profile Beijing talks || Thailand cuts visa - free stay period for more than 90 countries including united kingdom || Putin visits China to reaffirm Russia ties as Xi also seeks stable US relations after Trump summit || Opinion | Malacca Strait could be the next hinge point if Asia isnt careful || Tibet Erasure From the Trump - Xi Summit Is a Huge Win for China – The Diplomat || Putin , Xi hail  unyielding  ties in talks after Trump visit || Tech stocks today : OpenAI co - founder Andrej Karpathy joins Anthropic || LZ Technology Holdings Limited Announces 1 - for - 20 Reverse Share Split || Ben Shapiro : China : Is our enemy , not our rival"
2026-05-21,160,"Trump Approval Rating Hits All - Time Low With GOP : Fox News Poll || Xi , Putin agree to further extend treaty || Local mangoes hit markets while seasonal exports begin || Two superpowers , one host : How Xi handled Trump and Putin differently || Dow Jones Top Markets Headlines at 11 PM ET : Asian Equities , Bonds Rise Amid Optimism for U . S .- Iran Deal | Bank ... || From Saudi Aramco to Alibaba : 7 biggest IPOs before Elon Musk SpaceX market debut || PYMNTS | JPMorgan Prioritizing AI Hires Over Bankers || Xi  tea diplomacy : brewing harmony || China quiet pivot in Africa : Trade , technology and the new global economy || The gravity of power : What Africa and Zimbabwe must learn from China rise - Newsday Zimbabwe || The China world : Where is Nigeria ? – Daily Trust || Chinese premier meets Russian president _ Guangming Online || President , PM felicitate China on 75th anniversary of Pak - China diplomatic ties || Putin takes command of  nuclear war game after  growing tensions in the world || Does expanding domestic demand mean abandoning  dual circulation ? || Asia - Pacific trade risks loom large as Apec official warns of protectionism || Morning Bid : Samsung Electronic wage drama not over yet || China lowers spending most in six months in blow to economy || China - Russia people - to - people ties expand beyond high - level visits || S . Korea to impose anti - dumping tariffs on PVC paste resin from 4 European countries || Mabwell Announces NMPA Approval of Supplemental Application for Additional Indications of MAIWEIJIAN ( Denosumab Injection ) || China , India opt for coal gasification || Afreximbank Extends USD 15 Million ... || Private firms power China innovation drive - People Daily Online || Putin and Xi hail their friendship and growing energy trade at meeting in Beijing || China tells US to  stop brandishing judicial stick  against Cuba || Iran War Triggers Surge in China Renminbi Push as Global Oil Trade Shifts – Sri Lanka Guardian || Summit stabilizes U . S .- China relations at critical moment for two great powers || Smart tech reshaping hiring trends , workplace dynamics || Taking over a dynasty in a time of uncertainty and change || Trump Taiwan shift : A realist reset and Its lessons for Africa - Newsday Zimbabwe || Trump Beijing Visit : It Advantage China - News India Times || Stock Index Futures Slip as Tech Selloff Continues , Iran in Focus || Global Aircraft Cabin Interior Market | Asia - Pacific , Middle East , North America Lead | Safran , Collins Aerospace , Panasonic Avionics Shape Next - Generation Passenger Experience || Look out for the iconic green and gold kangaroo at the shops , as Australian Made Week is on || Shares rally on Nvidia earnings , Samsung strike suspension || Pakistan – China friendship at 75 : A partnership entering a new era || Juicy litchis arrive in Lalmonirhat markets as Jyeshtha begins || Namibia Export Opportunities and the Challenge Over Policy Certainty || US needs to  put its footprint back on Greenland , says Trump envoy || Satyajit Das : The Global Economy - A Very Uncertain Future ! || [ SMM Analysis ] Explaining Indonesia Centralized State - run Management of Resource Exports and Future Possibilities || Minister calls the Russian flower issue manageable || China Floods Nigeria Broken Grid With Cheap Solar Panels || Substance for Putin ,  face  for Trump : China , Russia deepen alliance to counter US || Taiwan detects 7 Chinese aircraft sorties , 7 vessels and 1 official ship around its territory || LEN - www . lankaenews . com | Briefing by Foreign Minister Wang Yi on China - U . S . Summit and Common Understandings || India BoP challenge needs more capital , not more import controls || Xi basks in spotlight as he hosts Putin days after Trump || Do billions go up in smoke each year ? || The American epoch of oil is collapsing . What comes next could be ugly || Talks to help stabilize trade relations with Washington || Trump Comes to Beijing with Hat in Hand , And Leaves With a Handshake from Xi || SpaceX files for stock market debut that could make Elon Musk a trillionaire || Almonds feed a people . AI feeds a machine . || Futures Slump , Ignoring Korean Euphoria , After Iran Rejects Trump Enriched Uranium Demands || Stocks soar on Nvidia earnings , Samsung strike suspension || IRAN WAR : Trump in  no hurry  to make deal with Iran || Standard Chartered Investor Event 2026 Day 2 | Company Announcement || India needs radical reset in economic policy - making ; Modi government has run out of ideas : Congress || Agricultural trade ripe for fresh harvest || S . Korea Anti - Dumping Tariffs on European PVC Resin || Xi warns of global slide back to  law of the jungle || US bill targets Chinese tech firms over national security concerns || Russian President Vladimir Putin and Chinese leader Xi Jinping hail their friendship and growing energy trade at their meeting in Beijing || Understanding the global significance of China development || Currency fragility , capital flight , and an economy under strain | OPINION || How National Infrastructure Can Defeat Trumpism || Google CEO Sundar Pichai on AI Agents , Open Source , and AGI || Pak - China relations continue to grow in strength , substance , and strategic significance : PM Shehbaz || The Chinese electric vehicle giant that just toppled BYD || Xi Jinping , Vladimir Putin hail  highest level  China - Russia ties in meeting || BingEx Q1 Earnings Call Highlights || Coal Gasification Could Transform India Energy Security and Industrial Growth || JCI slides 3 . 54 % as resource export policy weighs || Elon Musk SpaceX IPO omits China as a market but warns it is a threat || AI , Cybersecurity Education , and the Defense of America Digital Border || USMCA Development - Canadian Prime Minister will Announce New Advisory Council for USMCA / CUSMA Negotiations || Trump claims he will speak to Taiwan president , departing from decades - long diplomatic norms | Taiwan || America Is Not Caught in a  Thucydides Trap ! The  Thucydides Trap  is a misread of history : wars are not inevitable between rising and ruling powers , and today US - China balance points more to deterrence than destiny . By Victor Davis Hanson || Indices broadly lower as energy rebounds , NVIDIA a touch firmer post - earnings - Newsquawk US Market Open || SpaceX China - less IPO and other astronomical figures || From Saudi Aramco to Meta : The biggest IPOs before SpaceX || Some things to know about Teo Siong Seng , the Singapore shipping veteran accused by US of price collusion || Ahead of the SpaceX IPO , a look at the biggest stock market debuts ever || Phosgene Market Competitive Dynamics Across Key Players || SWAN rallies agencies , stakeholders on Illicit trade in spirits and wines sector || BYD poised to add another PHEV sedan to its Australian range || A look back at the history of China - U . S . friendship -- Beijing Review || Growth outlook faces external risks despite strong momentum : BMI || Putin leaves Beijing after Xi meeting with little progress on key China - Russia gas pipeline project || Sovereignty , Palestine , and Power Vacuum : The Urgent Need for a United Arab Initiative || Xi welcomes Putin and touts  unyielding  ties on heels of Trump visit || Cuba outraged after US indicts Raul Castro || Taiwan Detects 7 Chinese Aircraft Sorties , 7 Vessels And 1 Official Ship Around Its Territory » IndiaPost NewsPaper || Can Brazil become a major rare earths supplier ? || Asia - Pacific region economy grew 3 . 3 percent in 2025 || China Bourse May Reverse Wednesday Losses || Dingdong ( Cayman ) ( NYSE : DDL ) Stock Price Up 1 . 3 % – Here Why || news . gov . hk - FS promotes HK in Brussels || Gas Prices Need to Drop this Summer || Jairam Ramesh attacks Centre over economy , says  PM busy distributing toffees , engaging in pious pleas to public || Novacium Signs Letter of Intent with GH Technologies for the Supply of GEN4 Li - Ion Cells and Batteries in Asia || Dambazau seeks stronger Nigerian - China Diaspora ties - Blueprint Newspapers Limited || Общая Теория Рекламы : « Примечания и Дополнения ». | Теория Рекламы | Форум || Indonesia inks halal assurance deals with foreign halal bodies || Putin heads to Beijing as Iran war gives Russia a fresh opening with China || US Bill Targets Chinese Tech Firms Over Security || Australian news and politics live : Chalmers defends tax changes in Budget amid small business backlash || You havent changed , China poster boy tells Putin . But the world has || US needs to  put its footprint back on Greenland  Trump envoy || Xi holds talks with Putin in Beijing _ Guangming Online || The Latest : US indicts former Cuban President Raúl Castro over 1996 downing of planes || Irina Tsukerman : China is turning the vulnerabilities of the US and Russia into its own diplomatic capital - INTERVIEW || Elon Musk Could Become World First Trillionaire as SpaceX Files for Historic IPO || Private firms power China innovation drive || Saga Metals Corp .: SAGA Metals Confirms Significant Continuous Magnetic Anomaly at the Radar Critical Minerals Project in Labrador - Comparable to Largest Known Intrusions Globally || Putin and Xi hail their friendship and growing energy trade at their meeting in Beijing || Xi calls for higher - quality China - Russia strategic coordination || Xinhua Commentary : Xi - Putin meeting charts new strategic course for China - Russia ties - Xinhua || China tells US to  stop brandishing judicial stick  against Cuba – The Frontier Post || Rich Nations Topped $100bn Climate Finance Goal Again In 2023 , 2024 || India sees relations with China in a bilateral context , Beijing has never seen it that way : Vijay Gokhale || China - Russia ties  stabilising global force || Nigeria , China Target Creative Economy , Tourism as New Frontier for Bilateral Growth – THISDAYLIVE || Foreign Ministry Spokesperson Guo Jiakun Regular Press Conference on May 20 , 2026 || Xi and Putin Deepen China - Russia Alliance in Beijing Talks Amid Iran Crisis - Novinite . com || Rupee shock may slow India : Kearney sees 1 - 1 . 5 percentage point West Asia hit on GDP || Framework for APEC collective actions planned - 南海网 || Top Green Energy Stocks To Follow Today – May 18th || Africa Capital Must Stay Home to Plug Its Financing Gap - How It Could Be Done || Malaysia trade reaches historic RM1 . 127 trillion in Jan - April 2026 || Putin Leaves Beijing Without His Cherished Gas Pipeline || When crypto becomes an economic weapon || America : The Real Crouching Tiger , Hidden Dragon || US seeks to boost energy exports to India as Rubio visits Delhi || [ Gasgoo Express ] Stellantis , Dongfeng Motor plan to establish joint venture || Jairam Ramesh attacks Centre over economy , says || Top five takeaways from Asia PE Leadership Summit 2026 || Indonesia tightens state control over exports of vital commodities || Seventy - five years of friendship : Pakistan and China step into the future - 南海网 || US intel community analyzing how Cuba might respond to military action : Report || The world built more coal power in 2025 , but used less || rec : Market will be volatile , look for an alternative solution : 5 large - caps from different sectors with upside potential of up to 30 % || Taiwan Detects 7 Chinese Aircraft Sorties , Vessels || Dont get distracted by North Korea - American Thinker || Driving the Nigerian economy to prosperity through the states || China willing to enhance legislative exchanges with Slovakia : senior official - Xinhua || Why business consultant Ram Charan thinks AI is a leadership , not a technology question || How China became Russia economic lifeline | Hellenic Shipping News Worldwide || Trump to speak with Taiwan president in a new challenge for US - China relations || Victor Davis Hanson : America : The Real Crouching Tiger , Hidden Dragon || Malaysia moves to tackle future EV battery waste challenge || Overnight News Digest : May 20 , 2026 || Putin , Xi hail  unyielding  ties in talks after Trump visit || Two ‑ day Global Prosperity Summit 2026 concludes successfully || Trump Rating Among GOP Voters Sinks to New Low in Fox Poll || Sustainable economies will own the future - Academia || Trump says he will speak with Taiwan president , a major break in protocol || Seventy - five years of friendship : Pakistan and China step into the future"
2026-05-22,152,"Trump postpones AI order signing ,  didnt like  some aspects || Western China trade fair inks deals worth 22 billion USD || Nitin Gadkari Urges India - US Joint Ventures to Boost Technology and Infrastructure Growth || Neutrality By Sector : Malaysia Geoeconomic Alignment Under Anwar – Analysis – Eurasia Review || Two - day Global Prosperity Summit 2026 concludes successfully || Elektros , Inc .: As U . S . Markets Continue Roaring to Historic All - Time Highs Like Eagles Above Wall Street , ELEKTROS Celebrates Growing Momentum and Rising Global Awareness Among Penny Stock and Microcap Investors Discovering the Company Visio... || China , Georgia to enrich connotation of strategic partnership || Xi  tea diplomacy : brewing harmony || China tells U . S . to  stop brandishing judicial stick  against Cuba || China Steps Up Anti - Corruption Enforcement with New Regulatory Frameworks | Morgan Lewis || As U . S . Markets Continue Roaring to Historic All - Time Highs Like Eagles ... || China oil import cut , higher US exports wrongfoot market bulls || MACAU DAILY TIMES 澳門每日時報Why Zhongshan , Jiangmen and Foshan may benefit more than Shenzhen from regional integration || Musk , Zuckerberg and Sacks called Trump . Minutes later , he walked away from signing his AI executive order || China planned Boeing purchase eases aviation ties with US after years of strain – Asia News Network || Safety , convenience , vibrancy : China night economy wows intl visitors || Sino - Russian Mega Pipeline  Power of Siberia 2  Signals Deep Energy Realignment Between Xi and Putin – Sri Lanka Guardian || Hengli , China silk - to - petrochemicals empire , faces the chill of US sanctions || China races to industrialize computing power with token factory , consumer token plans || China Lianhe assigns Kazakhstan  AAA  sovereign credit rating with stable outlook || The aftermath of Trump - Xi summit : comparing U . S . and China announcements || Xi Sets the Terms for Everyone Now || Lixiang Education Regains Compliance with Nasdaq Minimum Bid Price Requirement || Promising Electric Vehicle Stocks To Add to Your Watchlist – May 21st || China Revised Anti - Unfair Competition Law ( AUCL 2025 ): Expanding the Definition of  Acts of Confusion  in the Digital Era | Dorsey & Whitney LLP || APEC trade envoys gather in China to discuss trade imbalances , supply chain resilience || APEC gathers to discuss trade imbalances , supply chains || AI and cybersecurity : Trump delays govt action , as tech leaders give warning || Nation States : Why Taiwan Is the Next Global Flashpoint | 960 WELI | The Clay Travis and Buck Sexton Show || Celebrating the 75th Anniversary of Diplomatic Relations Between China and Pakistan Part - 7 || China to expand public service access for migrant workers || Rubio doubtful of diplomacy with Cuba as Trump raises new threat of military action - Las Vegas Sun News || Did French President Macron Outshine The Trump Visit To China ? || The price of war : Hormuz , Asia , and the Kingdoms that pay without fighting || Elektros , Inc .: As U . S . Markets Continue Soaring Like Eagles Across Record - Breaking All - Time Highs , ELEKTROS Gains Momentum - Closing Higher Today as Growing Numbers of Penny Stock and Microcap Investors Discover the Company Vision for Lith... || As U . S . Markets Continue Soaring Like Eagles Across Record - Breaking ... || 2026 - 05 - 21 | Yimutian Inc . Announces Submission of Hearing Request to Nasdaq and Proactive Measures to Regain Full Compliance | NDAQ : YMT || PM Sharif Heads To China As Pakistan Steps Up Iran Mediation Efforts || China brewing up business for African coffee beans || Indonesia steps up coal gasification amid fuel shocks || China long game on Taiwan is already working , only the clock is ticking || US Pins Hopes on Mediator Pakistan in Push to End Iran War || Chinese specialist : China has made significant progress and transformation in waste management || How China uses a  national team  to influence trading || Xi  tea diplomacy : brewing harmony _ Guangming Online || Global Buyout Giants Exit China Data Centres as $1bn Sale Signals End of Foreign Cloud Ambitions || Is Tesla Supervised FSD Entry into China Just a  Gimmick ? || World : Cuba outraged after US indicts ex - president Raul Cast || South Korea Conservatives Are Running Out of Time – The Diplomat || Vietnam joins trillion - dollar race : the rise of the  low - altitude economy || US stocks eked mild gains in choppy trade amid some optimistic , but contradicting geopolitcal updates - Newsquawk Daily Asia - Pac Market Open || Trump cancels AI executive order over China fears || Beijing ranks among global megacities with high biodiversity levels - Xinhua || Commentary : Xi - Putin meeting charts new strategic course for China - Russia ties || Rubio says US focused on changing politics in Cuba as Havana accepts €86m in aid || Faultlines & Frontlines : First Trump , then Putin Xi China sheds world factory tag , now global powerbroker || Plentisoft : Trade Compliance Records Consolidates DPP and CoC Registries on One Platform || China , Pakistan eye stronger cooperation || Podcast : Does Boeing Need China Anymore ? || Biotech bill targets US edge over China || China May diplomatic blitz : proactive layout demonstrates irreplaceable role as a global stabilizer amid turmoil || Report : White House Postpones AI Executive Order Signing to Be Attended by Tech Titans || Ahead of the SpaceX IPO , a look at the biggest stock market debuts ever || Trump delays executive order on AI oversight hours before planned signing || China and Russia have again blocked moves to protect the endangered emperor penguin || Sovereignty , Palestine , and Power Vacuum : The Urgent Need for a United Arab Initiative || Polymer Antistatic Agent Market Expanding with New Business || Nation ramps up ultra - deep gas development || China AI chip push is turning US sanctions into an opportunity || Trump calls off plan to sign artificial intelligence order due to concern it could hurt the industry || U . S . pins hopes on mediator Pakistan in push to end Iran war || ​Roque eyes RE , EV investments from China visit || Why Xi treats world leaders to tea || Dancing robot falls on stage during Billie Jean routine in China || Beijing state planner softens tone on foreign investment in Chinese technology sector || Scott Pushes Ban on Use of Chinese Digital Currency in US || Jim Banks Urges USTR to Block China from Infiltrating U . S Auto Industry || 2026 China Fuzhou International Investment Promotion Month and the 28th Cross - Strait Fair for Economy and Trade Held in Fuzhou , Fujian Province || Heres how Putin and Xi can save the West from itself || Cash is king : Hong Kong , mainland Chinese firms hoard reserves as growth options narrow || EU China trade : Asia growing economic impact - The Business Times || Singapore can gain from China growing markets , must  embrace  AI as the Chinese have : SM Lee || Foreign Treasury Selling Is Getting Serious || Donald Trump Delays Major AI Executive Order || Pakistan to issue commemorative coin to mark 75 years of ties with China || Analysis : No Pipeline Deal – But What Did Putin Secure in China ? || Indonesia tightens control over key commodities in major trade takeover , influencing global exports || Xinhua Commentary : Xi - Putin meeting charts new strategic course for China - Russia ties || Canadian billionaire Kevin OLeary calls Gen Z  idiot for wasting money on coffee and sandwiches || Xi holds talks with Putin in Beijing || Bloc politics divorced from reality of alliance relations || Ghana deepens China investment drive to accelerate industrial and agribusiness transformation || Borouge sees China as hub of innovation || Japan and ASEAN : Economic Security Ties || China commerce chief Wang Wentao expected in Brussels on June 29 and 30 : sources || Trump maintains pressure on Cuba as Rubio says diplomacy unlikely to resolve issues || Policies set to fuel greater innovation || Xinhua Silk Road : Anhui launches innovation and entrepreneurship contest to attract global sci - tech talents || Report : China Overtakes Germany as Spain Top Supplier of Goods || Trump is helping Xi tackle China deflation woes || Science and technology backyards bridge research , rural vitalization in China || Sri Lanka police report surge in online scam operations amid crackdowns elsewhere - 22 - May - 2026 || The Crunch : Lebanese displacement ; squid fishing in the Atlantic ; and meet Jan – our friendly CGT helper || China willing to deepen cooperation with Moldova to benefit two peoples : Chinese FM - Xinhua || Sensex today | Stock Market Highlights , May 22 : Sensex rises 231 pts , Nifty ends at 23 , 719 led by banks , positive global cues || US raises threat of military action against Cuba || APEC ministers push for open trade amid global uncertainty || Here how Putin and Xi can save the West from itself || Gauging the Xi - Trump summit and its geopolitical implications || Next budget should focus on relief , not ambition || Stood like a rock : PM Shehbaz hails China steadfast support for Pakistan || Trump calls off AI executive order over concern it could weaken US tech edge || Kazakhstan : Where data is set to be the real new oil || Odisha Marine Fishing Bill 2026 : Key Changes , Blue Economy Push Explained || China willing to deepen cooperation with Moldova to benefit two peoples : Chinese FM || Taiwan detects 6 sorties of Chinese military aircraft , 10 vessels around itself || Boeing plan eases aviation ties after years of strain || Trump Plans Talks With Taiwan President As China , Russia Condemn US Policy || Hong Kong Shares Poised To Open To The Upside || US hints at a coming war with Cuba after indicting former president || In action , watch the timing | Powell Tribune || China Shares May Stop The Bleeding On Friday || China Tells US To Stop Threatening Judicial Sanctions Against Cuba || US pins hopes on mediator Pakistan in push to end Iran war || China New Era of Constructive Strategic Stability || Boots on the moon needed to beat  belligerent  China : Mitchell Institute || Manila Bulletin - Indonesia tightens control over key commodities in major trade takeover , influencing global exports || Long - standing Sino - Pakistani relationship valued || Trump threatens new Cuba crackdown as Rubio warns Havana :  Were very serious || Big tobacco gave Trump millions - Trump gave Big Tobacco billions || Strait of Hormuz Disruptions Put China 2026 Economic Growth Targets at Risk || Strong Armenia bloc leader Samvel Karapetyan : The coming September , every following month will be peaceful after our victory , my assumption of PM post || Yimutian Inc . Announces Submission of Hearing Request to Nasdaq and Proactive Measures to Regain Full Compliance || 22 | May | 2026 | RUTHFULLY YOURS || A milestone moment for energy transition in Sri Lanka || Xi - Putin meeting charts new strategic course for China - Russia ties || The real message behind Beijing back - to - back summits || Aegon appoints Jennifer Palmieri as Chief Human Resources Officer || FinancialContent - Impinj , Lam Research , and FormFactor Shares Are Soaring , What You Need To Know || DeepSeek founder declares artificial general intelligence goal as 70 billion yuan funding round advances || Lucknow Hosts Global Sugar Industry Summit Focused On Sustainable Growth And Bio - Energy Innovation || China Green Energy Surge Fuels Global Transition || Selective Cooperation , Enduring Rivalry : Reading The Trump - Xi Summit – Analysis || Court Questions Section 230 Shield for GenAI Ads on Meta || China Policy Update on Refund - upon - purchase Drives Retail Boom || Trump calls off signing AI order out of concern it would hurt AI || The real message behind Trump Beijing summit || Indonesia Expands Control Over Critical Commodities , Reshaping Global Exports || Trump postpones AI executive order , cites need to compete with China || Two ‑ day Global Prosperity Summit 2026 concludes successfully || PM : Pak - China friendship  time - tested , unbreakable || Rubio doubtful of diplomacy with Cuba"
2026-05-23,152,"Why Trump Delayed The AI Executive Order Over Pushback From Tech Allies And Concerns Over Regulation || Escobar : The Russia - China Spaceship Rushes Towards Planet Multipolar || Iran war day 85 : Tehran says major gaps remain in US talks - Dominican Republic Post – Caribbean News , Business , Travel & Culture || Russia and China  No - Limit Trade Partnership Is Losing Steam || China races to industrialize computing power with token factory , consumer token plans -- China Economic Net || Power of Siberia - 2 , the gas pipeline the Kremlin craves and that brings Xi and Putin together || Imperial Petroleum Inc . ( NASDAQ : IMPP ) Q1 2026 Earnings Call Transcript || At the Last Minute , Trump Pulls AI Executive Order After Calls With Tech CEOs || The U . S . Dollar : Trump Cannot Save It Buy Gold and Bitcoin || Iran weighs US peace proposal despite  deep and significant  disagreements | US - Israel war on Iran News || Is United States on verge of a Maduro - like military intervention in Cuba ? || U . S . Dollar Climbs Against Euro , Yen || The Taiwan Question in an Age of Uncertainty || Some fear US - Philippines war games are drawing conflict closer to home || The 4th BOCHK Science and Technology Innovation Prize Award Ceremony Concludes with Great Success || AP News Summary at 2 : 10 a . m . EDT || Ghost plot of foreign buyers cause unease in famed ski town | The Asahi Shimbun : Breaking News , Japan News and Analysis || The aftermath of Trump - Xi summit : comparing U . S . and China announcements || Some fear US - Philippines war games are drawing conflict closer to home - Dominican Republic Post – Caribbean News , Business , Travel & Culture || Debt markets sing a sad tune , but stocks refuse to hum along || Sovereignty , Palestine , and a power vacuum : The urgent need for a United Arab Initiative || 3 Years of the AI Stock Market Boom in Charts || APEC trade envoys gather in China to discuss trade imbalances , supply chain resilience || Iron brother : 75 years of Pakistan - China relationship || Tech billionaires convinced Trump to back off AI executive order || Links 5 / 23 / 2026 | naked capitalism || Economy keeps on stable growth path High - tech manufacturing , AI lead momentum , policy support to step up || The  No Deal  US – China Summit | The Epoch Times || US casts Cuba as China - linked security threat while still pushing for talks || How did Ukraine strike the hearts of the Russian 007s : the doctrine on the  Middle Strike  and the background to the blitz || EU Warns Energy Prices Will Stay Elevated Through 2027 || Riding AI boom , NW China emerges as key computing hub || With signs of a possible Iran deal within reach , pressure is mounting on Trump to return to war || Azerbaijan to introduce AI - based forest monitoring system - minister ( Interview ) || China Economic Resilience Live Trading News || Nissan recalls nearly 70 , 000 N7 and N6 vehicles in China over accelerator pedal defect || Has the Flotilla finally exposed the West moral double standard ? – Middle East Monitor || Will China Help Reopen Hormuz ? | Hellenic Shipping News Worldwide || Dow Hits New High as Warsh Takes Fed Oath : Stock Market Today || China New Pull : Singapore Bets on Beijing Economic Rise – Sri Lanka Guardian || 《 TAIPEI TIMES 》 Taiwan a vital partner for Europe : Lin - 焦點 || Summit charts course for stable Sino - US ties || AP Business SummaryBrief at 9 : 08 p . m . EDT || India returns to its geopolitical centre || AI CEOs are their own worst enemy | News , Sports , Jobs || China calls for vigilance about Japan possible defense spending increase -- China Economic Net || Pakistan lacks deep  structural reform , stares at acute financial crisis || Chinese Companies Highlight China - Arab Cooperation at Cairo Forum || Trump needs to shut down this key Iranian transit artery ASAP || BAIC B30 proves that it is much more than just a pretty face || Economy keeps on stable growth path || Somaliland , a country born of bombs || Interview : China urban shift offers global lessons , says UN - Habitat chief || Japan Eyes AI to Counter Piracy Losses || World most powerful economies by 2030 : Prediction reveals future global leaders | World News || CIFIT expected to better promote two - way investments || Frontline Ltd . ( NYSE : FRO ) Q1 2026 Earnings Call Transcript || China to debut AI - focused  Supply Chain Expo 2026  in June || Trump scrapped a major AI safety plan here why that matters for ChatGPT users || How much worse could air travel actually get ? || Rupee falls 14 paise against US dollar in opening trade – Chennaionline || Dollar Supported by Middle East Uncertainty || A lost anti - corruption war is a lost future ( 2 ) - Blueprint Newspapers Limited || Three signs from APEC that the U . S ., China remain far apart on trade || Graduates of top vocational school spared brunt of AI impact , new chairman says || Gunther Guest - May 25th - May 29th | NewsRadio 790 WAEB || From Harare to the world : Avantis charts bold technology expansion - The Zimbabwe Independent || As Alibaba Unveils Better AI Tools , BABA Stock Offers a Tantalizing 37 % Upside Potential Here || Marco Rubio Visits India to Renew Ties After Trump China Summit , Highlighting Quad Strategy and Shared Values || The unwritten rules of a true democracy - The Nation Newspaper || Iran weighs peace proposal , accuses US of  excessive demands || Trump Cancels AI Executive Order At Behest Of Billionaires || Why Trump Can Work With Iran Peace Proposal || The World This Week | Xi and Putin hold summit in Beijing , US builds pressure on Cuba , Riyadh and Islamabad deepen defence ties || The Horn : Walking A Tightrope Between Own , External Interests || Animal Welfare | Canidrome presented with ultimatum : close or move || We must embrace thi : SM Lee on how AI , tech advancements will impact businesses and jobs || Pakistan , China entering new phase of people - centric cooperation : PM || the US took the liabilities , china keeps the oil .... || The 1 Tech Stock I Think Has More Upside Than Anything Else in the S & P 500 Right Now || Azerbaijan plans to establish industrial forests || Animal Welfare | Macau : Anima slams Canidrome management for avoiding debate || California Affirms 25 GW Goal For Offshore Wind , Trump Or Not || PM reaffirms commitment to strengthen Pakistan - China friendship || No Nobel Peace Prize , but definitely an Oscar and an Emmy for Trump | News , Sports , Jobs || Pakistan Financial Crisis : Structural Weaknesses Exposed || Wall Street rises , Dow hits record high as Middle East hopes lift sentiment || For Communist Cuba , the Clock Is Ticking || Top judicial bodies clarify rules on criminal trials in absentia || China eyes agreements on economic partnership for shared development with African countries - Xinhua || Best Oil Stocks To Watch Today – May 22nd || Vijay Prashad : Trump in Beijing , Hat in Hand || Trump Approval Rating Collapses With Rural Voters Amid Farmer Fury || Zetrix AI , Shenzhen Data Exchange to Unlock Value of ASEAN - China Data Through Cross - Border Trading Platform || Iran weighs peace proposal , accuses US of  excessive demand - Region - World || Общая Теория Рекламы : « Примечания и Дополнения ». | Теория Рекламы | Форум || Gary Franks : No Nobel Peace Prize , but definitely an Oscar and an Emmy for Trump || Heres how Putin and Xi can save the West from itself || Rubio renews ties with India after Trump China lovefest || Why Belgrade Continues to Prioritize Relations With Beijing || Our interview with Marni Von Wilpert , candidate for 48th Congressional District || Indian Democracy and Modi Success Misread By West || What to Know About This Fund $10 . 2 Million Buy of a Hotel Stock Up 28 % in a Year || Private firms power China innovation drive -- China Economic Net || Foreign Ministry Spokesperson Guo Jiakun Regular Press Conference on May 22 , 2026 || Will Raul Castro End Up Like Nicolas Maduro ? Murder Charges By US Trigger Fresh Tensions With Cuba || EU seeks to rebalance trade relationship with China - Economy || China coal mine blast kills 90 , state media reports ; deadliest mining disaster in a decade || Marco Rubio Honors Mother Teresa During Official Visit to India || Round up | News , Sports , Jobs - Marietta Times || How illegal factories are undermining China solar overcapacity crackdown || China deflation gets Trump lift || Fatal blow to US from Persian Gulf : Petrokingdoms withdraw from bonds and Wall Street as alarms sound over debt and inflation || Best Casino Stocks To Add to Your Watchlist – May 20th || Trump fatal mistake : what secret reports show as Iran sets a deadly trap forcing the US to capitulate or crumble || Science and technology backyards bridge research , rural vitalization in China || Sri Lanka police report surge in online scam operations amid crackdowns elsewhere - 22 - May - 2026 || China coal mine explosion kills at least 90 , dozens still missing || Here how Putin and Xi can save the West from itself || What Are The Profit Margins On EVs Really Like ? || The Centralization of Commodity Power in Prabowo Indonesia - By Fransiscus Nanga Roka || Indian stock market under FPI selling pressure : What should domestic retail investors do now ? Experts weigh in || Sustainability and competitiveness : Two sides of the same economic future || US Student Visa Curbs May Hurt Innovation : Lawmakers || Interview : China urban shift offers global lessons , says UN - Habitat chief - Xinhua || A new global order is emerging and Israel risks being left behind || Region reaps dividends of development || Impinj , Lam Research , and FormFactor Shares Are Soaring , What You Need To Know || Americans Beware : Markets Can Be Out of Sync With Reality | Council on Foreign Relations || Trump : I expect Kevin Warsh to go down as one of the very best Fed Chairman . || UPSC Prelims 2026 : 25 Important History and Culture Topics to Revise || Deeper opening - up pledged to support regional growth || Iran weighs US peace proposal despite  deep and significant  disagreements - Dominican Republic Post – Caribbean News , Business , Travel & Culture || Opaque oil deals around Hormuz test the petrodollar - Academia || Rep . Hageman Channels the Wyoming Way on Energy , Natural Resources Issues || The risks of Iran threat to control the Strait of Hormuz || As Trump and Xi met , grassroots diplomacy unfolded on the ground || Xi - Putin meeting charts new strategic course for China - Russia ties || FinancialContent - Universal Display and Microchip Technology Shares Are Soaring , What You Need To Know || Some fear US - Philippines war games are drawing conflict closer to home - Grenada Chronicle – Daily Grenada And Caribbean News || The Harms of Post - Colonialism on African Nations || Africa richest man tells expat elite : Sell up in London and come home || Comedy clubs offer safe spaces for thoughtful inquiry on Iran war , current affairs || China Restrained Stimulus Signals Debt Concerns || Why Richardson Electronics ( RELL ) Stock Is Trading Up Today || Taiwan detects 16 sorties of Chinese military aircraft , 8 vessels around itself || Mazda fights back with next generation of CX - 5 – Teesdale Mercury || Student visa curbs may hurt America innovation : US Congressmen || Japan - Laos Foreign Minister Meeting || Iran must never be allowed to control the Strait of Hormuz – Ya Libnan || The unwritten rules of a true democracy , by Abiodun Komolafe || India - Italy ties : A strategic partnership takes shape"
2026-05-24,136,"China Focus : Global scholars discuss enduring impact of peaceful liberation of SW China Xizang - Xinhua || Trump  reveals he split 50 / 50  between two crunch Iran War choices as JD Vance races to White House ahead of crucial phone call ... while more bombing  could be just HOURS away || Trump talks up his ballroom plan dozens of times but plays down American economic pain || John Lee to visit Kazakhstan , Uzbekistan , taking largest - ever delegation overseas || Nvidia Eyes $200B CPU Market With China in Play || Nvidia CEO Urges Super Micro To  Enhance Compliance  Amid AI Chip - Smuggling Probe || Charting the Global Economy : Factory activity sags on inflation || CGTN : Xizang at 75 : Development and culture create a  miracle on Earth || China DeepSeek to make permanent 75 % price cut on flagship V4 ‑ Pro AI model || 3 Ghanaian students qualify for 2026 International Chinese Bridge Competition || Africa must not become a raw exporter of human intelligence || People rally in protest of slashed defense spending || AI CEO are their own worst enemy | News , Sports , Jobs || Germany news : 72 % doubt Bundeswehr military readiness poll || Latest protests fuelled by deeper issues || Nifty Next50 stocks : For both the compulsive trader and careful investor : 25 stocks to watch if risk appetite returns ; some with upside potential , some not || U . S . reaches limit of sanctions power in targeting Iran economy || Shehbaz begins high - stakes China visit in Hangzhou - Pakistan Today || Modi - Meloni meeting sees Italy at center of India Europe strategy || China  618  shopping festival goes all - in on AI , generating fresh consumption growth || Rubio in India to renew ties after Trump China lovefest || Nvidia says its forecast for $200 billion CPU market includes China || Nvidia says its forecast for $256b CPU market includes China || Building sustainable cities through China - Sweden green cooperation || Why Did Rubio Invite Modi to the White House on Trump behalf ? || My condolences to President Xi : PM Modi expresses grief over China deadliest coal mine disaster || Winston Peters :  No More Cinderella City || Pakistan – China Ties Enter New Phase as PM Meets Zhejiang - Pakistan Today || In Venezuela , the US - Led Economic Boom Is Nowhere to Be Found || CGTN : Xizang at 75 : Development and culture create a  miracle on Earth  – The Bubble || PM Modi meeting with Nordic leaders seen as key geopolitical event || The Unwritten Rules Of A True Democracy - By Abiodun KOMOLAFE || Deadly coal mine blast in China Shanxi tests limits of President Xi energy security push || No More Cinderella City  - Winston Peter Speech || There is profound disappointment in him : mood in Russia turns against Putin | Vladimir Putin || What might we have in front of us for the next 20 years || 《 TAIPEI TIMES 》 People rally in protest of slashed defense spending - 焦點 || 3 Ghanaian students qualify for 2026 International Chinese Bridge Competition - Xinhua || Earth . org Debunks Clean Energy Myths - CleanTechnica || India , US signal thaw as Jaishankar and Rubio hold candid talks to re - energise relations || Erick Erickson : The AI CEO are their own worst enemy | News , Sports , Jobs || The Aga Khan V state Visit : Honouring a historic legacy || Taiwan  Dollar Diplomacy  Backfires as Key Allies Become International Embarrassment || A Fully Closed - off China Requires a New US Policy Response || US reaches limit of sanctions power in targeting Iran economy || Global market volatility threatens one of Milei key goals || Riding out a time of turbulence || Hormuz Crisis Big Test For China || Trump passed blame for a catastrophic failure and triggered a global emergency || US state secretary Marco Rubio renews India ties || CFTEC , AEOTrade Co - host China - Singapore Digital Trade Roadshow at WCIFIT || LankaWeb – Japan & India Have Some Caste Lessons for Sri Lanka || The Dragon Meets the Elephant : Thailand and China Business Relationship in 2026 || China worst coal mining blast in over a decade kills 82 || India great financialization shift : Why capital market platforms could define the next decade || Top Streaming Stocks To Consider – May 23rd || The stock narket has never been so good when people have felt so bad || The AI CEO are their own worst enemy | News , Sports , Jobs || Letters to The EDITOR : Global conflicts || Beijing seeks to benefit from its  soft power  platform – The Frontier Post || Venezuela Oil Funded Iran War , Trump Claims as Drills Begin || Has Taiwan made itself immune to US betrayal ? || Rubio meets Modi during India visit with energy high on agenda || Oil & Gas Prices Will Stay High Until End Of 2027 , EU Says || Beneficial and sustainable : Marco Rubio signals imminent US - India trade agreement || Pakistan PM arrives for China visit overshadowed by Iran war || Five economists share their opinion of Labor budget and the Coalition reply || Column : China poverty strategy in a fragmenting world and what others can learn || Top Global Oil Companies Ranked by Market Value in 2026 || Good time to find a job ? Depends on which age group asked || What is Shahtoot Called in English ? || CPEC 2 . 0 in focus as PM Shehbaz visits China || # CHINA - HEBEI - SHIJIAZHUANG - NIGHT ECONOMY ( CN ) || CHINA - HEBEI - SHIJIAZHUANG - NIGHT ECONOMY ( CN ) || Blackburn :  Let Be Sure  Other Members of the Axis of Evil Dont Prop Iran Up || Digital Media Stocks To Keep An Eye On – May 23rd || Pak - China B2B conference secures over $13bln in deals || Rubio tries to tackle a trust deficit between Washington and Delhi on first official India trip || VICTOR DAVIS HANSON : America : The real crouching tiger , hidden dragon || Türkiye bets on Syria as new partner in regional connectivity || A war - weakened Trump shows up at Xi door || Legacy Automakers Show Us That Theyre Fighting Back In China || Wall Street rises , Dow hits record high as Middle East hopes lift sentiment || Rubio meets Modi in India after China summit - Pakistan Today || Franks : No Nobel Peace Prize , but definitely Oscar and Emmy for Trump || Общая Теория Рекламы : « Примечания и Дополнения ». | Теория Рекламы | Форум || Growing slowly south of the border || Africa Has Seen This Before : Senegal Young Revolutionaries Now Face the Old African Curse || Turkic unity rises in fragmented world with Türkiye bracing to steer it || China eliminates tariffs on Africa to outmaneuver Trump || China is building bridges with groundbreaking visa - free policy || The Price Of Cheap Labor : Inside Ethiopia Chinese Industrial Boom || PM Modi Expresses Grief To Xi Jinping After Massive China Coal Mine Blast Claims Over 90 Lives || Vučić in Beijing : Why Serbia is strengthening its China vector || Sovereignty , Palestine , And Power Vacuum : The Urgent Need For A United Arab Initiative || AP Business SummaryBrief at 11 : 41 a . m . EDT || Is Now the Time to Buy MercadoLibre Stock After Hedge Fund Linonia Initiated a Position Worth Over $225 Million ? || AutoFlight V5000 Matrix Concludes  Heterogeneous Three - Aircraft Formation  Flight , Officially Kicks Off Airworthiness Certification || The 21st Century Biggest Art Trend is Not a Style . || Is Cuba next ? US warns Havana is  a national security threat  as Trump ramps up pressure || Ireland politics of strategic ambiguity served us well – until it didnt – The Irish Times || Trump administration reinstates policy requiring O - 1 visa holders to leave the US when applying for green cards , affecting researchers at OpenAI · Digg || Ashley St . Clair on Elon Musk relationship :  Things became strange after I got pregnant , says  he was funny in private but ... || Informa Markets Puts Bangkok at the Center of Southeast Asia Pharma Industry , Uniting 400 Exhibitors , Experts from 70 Countries at CPHI South East Asia || PM Modi Condoles China Coal Mine Disaster , 90 Dead || Beijing seeks to benefit from its  soft power  platform || Turkmenistan signs a package of documents with foreign partners at the  White City Ashgabat 2026  forum || RAF to spend £1bn switching to sustainable jet fuel || Online Gallery | AI commercial application burgeoning all over China || China Deadliest Mine Blast in Years – Sri Lanka Guardian || Armenian PM announces opening of Akhalkalaki – Kars railway || $460m Abuja CCTV Project :  We have no record of local contractors , finance ministry says || Pakistani Army Chief Wraps Tehran Talks As Fragile US - Iran Diplomacy Intensifies || To what degree can universities alone save Africa ? || Qcells official illuminates Rotarians on how Georgia facilities are reshaping American solar production || Mount Everest Sees Record - Breaking 274 Climbers Reach Summit from Nepali Side in a Single Day || Two railways , two systems : HS2 and the case for socialism || Chinese research service debuts AI agent for future industry analysis || PM Modi Nordic Meeting Reshapes Geopolitical Ties || Voices from the Arab press : Gulf tensions over Iran deepen regional fears || Milei guts China currency lifeline after Trump ultimatum on financial ties : reports || Opinion : Xi Likely Read Putin the Riot Act || Why Taiwan matters beyond semiconductors for US national security || Why North Korea Hasnt Had Its Own  Reform and Opening  – The Diplomat || Paying tax is a civic duty that should be respected || Taiwan in Time : From civil war battlefields to Taiwan alpine orchards || Türkiye says railway opening marks new step with Armenia || CNOOC Joins the Trillion Dollar Club || Power price hike hearing : PDB gets flak from consumers || A TikTok feature that Pakistan dirty money loves – Asia News Network || Auckland . Scoop »  No More Cinderella City  – Winston Peter Speech || Dire predictions of Chinaâ€™s future || U . S . Troops in Poland – An Indecisive Move by an Overstretched Imperial Power || $460m Abuja CCTV Project : We have no record of local contractors FG || War tests BRICS and reveals its limits || Taiwan detects 4 sorties of Chinese military aircraft , 6 vessels around itself"
2026-05-25,144,"World News : Trump talks up his ballroom plan dozens of times but plays down American economic pain || CGTN : Putting people first : A guiding principle in China governance || Trump talks up his ballroom plan dozens of times but plays down American economic pain || Visit Ningxia : China thriving desert frontier || Silicon surge : Malaysia chip stocks are having a moment || SM Group raises renewable energy sourcing to 31 % in 2025 || Surendra Pandey urges Nepal govt to scrap gold - ornament tax for Indian visitors || Is the  trinket trend  taking over your house ( and your wallet )? – Orlando Sentinel || Nigeria : Institutionalising Creativity - China As Case Study - Building Ideas Challenge and Bank for Sustainable Development || Taiwan Quiet Normality Under the Shadow of Superpower Conflict – Sri Lanka Guardian || Trump - Xi summit leaves trail of doubts over US support for Taiwan || Serbian president deepens ties with China while facing pressure from protests at home || Lao delegates return from China border villages with valuable lessons : top - down , scientific and sustained model can benefit wellbeing || Pakistani PM urges new steps to enhance relations || Stocks to Watch Today : TVS Motor , Exide Industries , Meesho , Groww , Gujarat Themis , Glenmark Pharma , Hindalco , Eicher Motors , Divis Labs , NTPC in focus on 25 May || Africa Day 2026 : Has the continent achieved true liberation ? || Will China Really Invade Taiwan In The Next Five Years ? || What is China Hainan FTP initiative ? | Explained || New BYD hybrid family SUV rival emerges || UAE - OPEC break and Iran leadership vacuum || Week Ahead for FX , Bonds : U . S . PCE Data , Middle East Developments in Focus || Bybit CEO Ben Zhou : Tokenization Will Reshape Global Finance Faster Than Expected at Goldman Sachs Asia Pacific FinTech Conference 2026 || Global tensions set to stalk Singapore flagship defence summit || US – India Relations : Rubio Visit Highlights Trade Tensions , Quad Strategy and Indo - Pacific Security Agenda || Visit to deepen China - Serbia cooperation || Dow Jones Top Markets Headlines at 9 PM ET : Oil Tumbles , Stock Futures Rise Amid Hopes for Iran Deal | Trump ... || Pakistan and Alibaba : A New Digital Era || Taiwan detects 9 sorties of Chinese aircraft , 7 vessels , 1 ship || US chipmakers in China see revenue rise , defying trade tensions : Hurun list || China to give every humanoid robot a digital ID in push to boost industry standards || India SolarSquare is raising $60M at a $500M valuation . It has powered 50 , 000 homes . || June 2026 - Silicon Chip Online || Stock Market Today LIVE : Sensex rises 800 pts , Nifty nears 24 , 000 as crude slips 5 % on Iran - US peace deal hopes || CPPE warns against unrestricted fuel imports || From misjudgment to momentum : A transformed China and Africa path to autonomy || Beyond tariffs : Geopolitical strategy behind united kingdom - GCC trade agreement || Data Diode Market worth $0 . 77 billion by 2031 | Report by MarketsandMarkets || Sentire® Surgical System Receives CE Mark ( MDR ) Approval , Cornerstone Robotics Enters a New Era in its Global Expansion || Thriving nighttime economy fuels local consumption growth in Shijiazhuang , north China || Bangkok Post - Climate concerns  on the retreat || China controls a metal that key for the Iran war , sending the U . S . on a global hunt for more || Why do these disgusting crimes keep happening ? || Asim Munir strategic diplomacy for peace in west Asia || Trump talks up his ballroom plan but plays down economic pain || SpaceX stock is about to join this growing constellation of public companies building a space - based economy || Three key reasons why America cannot afford to lose Taiwan to Communist China || Asian American Youth React to Trump Attack on Birthright Citizenship || Building a rich and acceptable national culture for Sri Lanka || US Solar & Storage Manufacturers Flood DC To Highlight Global Leadership & Jobs || HK : A & O Shearman hires former HSFK partner as financial regulatory head || Vucic arrives in Beijing , kicks off five - day state visit to China || CFTEC , AEOTrade Co - host China - Singapore Digital Trade Roadshow at WCIFIT || PM Shehbaz Sharif receives Grand Welcome in Beijing as Pak – China Talks enter crucial phase || Mid & small - cap stocks firm despite oil shocks and global uncertainty : But will the trend continue ? || Flavored vapes led to a major shake ‑ up at the FDA – 3 health policy analysts explain the science behind the controversial products || Trump talks up his ballroom plan dozens of times but plays down American economic pain | The Mighty 790 KFGO || CPEC 2 . 0 in focus - Pakistan Observer || Asia - Pacific Community : From Hong Kong astronaut to regional partnerships , China space program moving forward || Singapore shows  better - than - expected  Q1 economic performance , but downside risks have risen significantly || Interview : China urban shift offers global lessons , says UN - Habitat chief || Is the  trinket trend  taking over your house ( and your wallet )? – Sun Sentinel || Alibaba Qwen catches up with  Sharif speed  to help forge Pakistan deal || Trump floats Iran - US peace deal , but burning questions still remain : HT decodes || Transcript : Reps . Josh Gottheimer and Mike Lawler on  Face the Nation with Margaret Brennan , May 24 , 2026 || A Grand Success ! The 2026 China Tourism Day Main Venue Debuts at Canton Tower || A Partnership Entering Its Most Consequential Chapter || Iran is Playing a Risky Game With its Oil Fields || Huawei unveils new smartphone chips this fall as rivalry with Nvidia and Apple heats up || CSRC crackdown on cross - border trading involves US$32b in Hong Kong assets : Citic || India ₹12 trillion data centre gamble may not be enough || Read AI oversight order that President Donald Trump said  didnt like certain aspects of it || STARTRADER Launches 39 New US Stocks and ETFs Across the Sectors Shaping the Future of Global Markets | Company Announcement || PM Shehbaz reaches Beijing for  high - level  talks with Chinese leadership || Iran – America Conflict : The Beginning of a New Long War || It looking as if the Iran War may end soon || Jakub Korejba : The United States and China are moving from conflict to dividing spheres of influence - INTERVIEW || Is the  trinket trend  taking over your house ( and your wallet )? – Boulder Daily Camera || Kumba cuts production outlook , halves HEPS || The Role of the Neo - Authoritarian Bloc in Modern Conflicts || The World Worst Coal Mining Disasters || The world is heading toward a financial crisis – the state of US politics has left us ill - prepared || China Guangxi emerges as global hub for tea industry amid tech upgrade || Upholding the one - China principle and safeguarding peace and stability in the Taiwan Strait || India , China launched many direct flight routes , says Deputy Consul General of China in Kolkata || Xi lauds Pakistan constructive role in Middle East mediation in meeting with PM Shehbaz || India , US seek to revive strained relationship || PM Shehbaz , Chinese premier reaffirm Pak - China strategic partnership || Protectionism undermines China - EU cooperation || Baby boom : Andhra Pradesh child incentives are a bold experiment with a slim chance of success || Australian Markets Slightly Higher || Canton Tower Tourist Area : A Grand Success ! The 2026 China Tourism Day Main Venue Debuts at Canton Tower - Witness the Transformation from a City Landmark to a National Stage || Chinese Stocks To Watch Now – May 24th || Iran says no deal  imminent  despite progress in talks with U . S . || Data Diode Market worth $0 . 77 billion by 2031 | Report by MarketsandMarkets™ || Sensex , Nifty : Why stock market is up today ; will this rally sustain ? Key risk || PM Edition : Top 10 Business Articles on LiveNews . co . nz for May 25 , 2026 – Full Text – LiveNews . co . nz || Nuclear consensus remains elusive || What can we learn from Viet Nam experience ? | Print Edition - The Sunday Times , Sri Lanka || China Economic Review May 25 -- China Economic Net || The Four Cornerstones of Economy : Industry , Finance , the Enterprising Serfdom , and Narcotics || Pakistan , China sign 15 documents to expand bilateral ties || Govt will ensure critical medicine and medical device stocks remain sufficient , says Akmal || Pakistan and China Enter New Phase of People - Centric Cooperation : PM || Nvidia AI Chip Smuggling Draws Taiwan First Criminal Prosecution : Jensen Huang Rebukes Supermicro || XCMG Chairman Yang Dongsheng Joins Xuzhou Delegation on Economic and Trade Visits to Indonesia and Australia || Keynote Address by President Isaias Afwerki on the Occasion of the 35th Independence Anniversary Asmara , 24 May 2026 || Millions of Chinese consumers ditch their credit cards amid prudent spending , slow economy || Bleeding Markets , A Sinking Rupee And The Silence Of The Lambs || Large - cap stocks to buy : These large - caps have  strong buy  &  buy  recos and an upside potential of up to 27 % || Minister sees need for more trade partners || Rubio visit to India focuses on US trade tensions , the Quad alliance and sightseeing || Jaishankar and Rubio Seek Reset in India - US Ties Amid Trade , Visa and West Asia Concerns || Rubio says Indians not targeted by visa overhaul . A 38 . 5 % drop in H - 1B registrations suggests otherwise || Xi urges greater cooperation with Serbia in meeting with Vucic || FCCISL appoints Dr . Rohitha Silva as President || Ten hurt after plane hit with turbulence from Brisbane to Hong Kong || Chinese Marxism : Academic Courses and Exchanges with Global Marxist Scholars || Why foreign investors are exiting Nifty giants to hunt in India small and midcap market || GoldHaven Highlights Strategic Tungsten and Indium Exposure at Magno Amid Growing Focus on Critical Mineral Supply Chains || Pax Silica , the Gaza genocide , and the crisis of global capitalism || Gold rises on weaker dollar as investor weigh US - Iran peace deal prospects || Stable ties with Russia -- Beijing Review || China strategic shift toward domestic consumption growth || Serbian president deepens ties with China while facing pressure from protests at home – Winnipeg Free Press || China uses for the first time new rules to counter  improper  foreign jurisdiction over its firms || Rubio visit to India focuses on US trade tensions , the Quad alliance , and sightseeing || Financing aging society becomes key priority || Links 5 / 25 / 2026 | naked capitalism || AI Agent Business Models Split Four Ways : Open - Source Infrastructure , Token Distribution , SaaS , Acquisition || Tungsten Crisis and Only One Solution : Supply Chains of SpaceX and Sandvik Under Pressure – Almonty Industries Perfectly Positioned | 2026 - 05 - 25 | Investing News || Pope Leo Calls For  Slower Pace  Of AI Adoption , Says It Makes War More  Feasible || Thai April export growth beats forecast with US , China demand strong || Who Do Members of the Military Serve ?   | naked capitalism || XCMG Group and XCMG Machinery : XCMG Chairman Yang Dongsheng Joins Xuzhou Delegation on Economic and Trade Visits to Indonesia and Australia || UPSC Key : Rupee depreciation , Available Realised Equity and Road dust || A Grand Success ! The 2026 China Tourism Day Main Venue Debuts at Canton Tower - Witness the Transformation from a City Landmark to a National Stage || Prestwick Airport celebrates flights as SNP Stephen Flynn in focus || Marco Rubio Holds High - Stakes Talks in India Amid Trade Tensions || China mine blast tests limits of Xi energy push || Why majority Americans are unhappy with Trump Ballroom plan Explained || NZ sharemarket trades flat , down 0 . 1 % - Market close || Photo ops are easy , turning the wheels is another matter || 2026 - 05 - 25 | GoldHaven Highlights Strategic Tungsten and Indium Exposure at Magno Amid Growing Focus on Critical Mineral Supply Chains | CSE : GOH || China will put a unique ID code on humanoid robots , just like citizen ID for us humans"
2026-05-26,173,"As talks to end war resume in Qatar , U . S . conducts strikes on Iran Gulf Coast – The Mercury News || Global Times :  Five - Year Plans are the basis of China modern development || Is the  trinket trend  taking over your house ( and your wallet )? – Orange County Register || Global tensions set to stalk Shangri - La Dialogue - BusinessWorld Online || Varcoe : Alberta new finance minister wont open spending floodgates || Japan slips to third - largest creditor behind China despite record net external assets || Gauzy Ltd . Announces Receipt of Nasdaq Notice Regarding Delayed Filing of Annual Report on Form 20 - F || SpaceX debut draws crowd , but few recent IPOs outpace market || French Luxury Flexes Its Soft Power in a New York Exhibition || We are a very , very diversified market , says SEBI chief as Taiwan overtakes India m - cap || Dow Jones Top Markets Headlines at 5 PM ET : Iran Talks Bog Down Over Nuclear Program and Sanctions Relief | Stocks ... || Australia - India - Japan - US Quad seeks relevance as foreign ministers meet in New Delhi || South Africa : Tourism Sustains Jobs , Drives International Arrivals || Serbian president deepens ties with China while facing pressure from protests at home || Asian Equities , Oil Prices Mixed as Investors Parse Middle East Developments Update || [ ANN ] In Nepal , yak cheese is in crisis as Himalayan herding declines || Saxony premier Kretschmer on Ukrainian refugees and Russian gas || Is the  trinket trend  taking over your house ( and your wallet )? – The Times Herald || Cambodia to Mark May 28 as the Beginning of its Border War With Thailand || Australian visitors give China study tours || U . S .- Iran Talks Stall Over Nukes , Sanctions || Kospi roars past 8 , 100 on Iran ceasefire hopes || China , Pakistan reaffirm Kashmir resolution , water cooperation || The EU China Policy Should Center Human Rights || India , U . S . strike Critical Minerals deal amid China concerns || India - US sign landmark bilateral framework to secure critical minerals and rare earths supply chains || China Begins Flooding The Market With DRAM And NAND Mamory Chips || Letters to The Editor May 26 , 2026 || Closer Pakistan - China ties for a shared future || California Democrats advance China energy dominance * WorldNetDaily * by Kenin M . Spivak , Real Clear Wire || E - shopping month eyes boosting spending || LaRouche Peace Through Development : A vision for solving humanity crisis || The flashing - red bond market is the thread that may unravel the entire world economy || Rubio visit to India focuses on U . S . trade tensions || China , Pakistan Deepen Digital and Industrial Partnership as PM Shehbaz Visits IBI Guolian Gufen Headquarters -- China Economic Net || Pakistani senator Mandviwala highlights role of political parties , media in strengthening Pak - China narrative -- Beijing Review || Crude benchmarks off worst levels as CENTCOM conducts  self defence  strikes in Iran , Europe primed for modestly lower open - Newsquawk EU Market Open || Xi urges faster building of closer China - Pakistan community with shared future in new era -- Beijing Review || Is the  trinket trend  taking over your house ( and your wallet )? – Monterey Herald || Pakistan acting more as  messenger than mediator  in West Asia crisis , may seek economic bailout : Report || Pakistan - China Axis : Why Sharif - Xi Renewed Bonhomie Over Kashmir Is India Ultimate Two - Front Nightmare || SpaceX debut draws a crowd , but few recent hot IPOs outpace the market || LankaWeb – Sri Lanka Turns to Russian and Chinese Fuel to Ease Shortages Amid Iran War || Investor Nicole Junkermann says India has Structural Advantage in Global Artificial Intelligence Race || From Venezuela to Cuba - The Hindu || SpaceX IPO frenzy masks weak track record of hot market debuts || New Global Reserve Currency Announced This Summer to End Cash || Is the  trinket trend  taking over your house ( and your wallet )? – Daily Local || Major step toward rules for global carbon market || Xi Jinping thanks Pakistan PM Shehbaz Sharif for mediating in Iran conflict || Pakistan Prevents Middle East War , Challenges Israel || China ready to further advance CPEC construction with Pakistan : Chinese premier -- China Economic Net || Rachel Reeves tells ministers to  buy British  in four key industries | Rachel Reeves || Myanmar President to arrive on Sunday on first foreign visit || Why China is tightening controls on overseas stock trading || Global Times : Chinese , Bangladeshi , Pakistani researchers gather in Shanghai to breed better fish and closer ties || STARTRADER Launches 39 New US Stocks and ETFs Across the Sectors Shaping the Future of Global Markets || An Alternative View of What Next After the Trump - Xi Summit || Ringgit opens slightly higher against US$ amid US - Iran negotiations || Update : Xi urges faster building of closer China - Pakistan community with shared future in new era || India Inc shined in Q4 but is a Q1 earnings downgrade nightmare looming ? || China Coal Mine Blast Tests Limits of Xi Energy Security Push || Oil shock upends central bank plans as tensions with governments flare || Taiwan surpasses India to become fifth - largest stock market || De Lille unveils R2 . 4 bn tourism growth plan || Feature : Australian visitors give China study tours  10 out of 10 || India , US sign critical minerals deal on sidelines of Quad meet || Taiwan Overtakes India as World Fifth - Largest Stock Market || Serbian leader visits China , deepens ties | The Arkansas Democrat - Gazette || [ President Lee : Year 1 ] Natl interests over ideology in diplomacy , security : Korea . net : The official website of the Republic of Korea || Taiwan overtakes India in market cap , enters top five for the first time || Intl participants highlight China key role in global marine governance at Xiamen forum , advancing marine conservation and blue economy || Tungsten 557 % Run Meets a District - Scale Critical - Minerals Story in British Columbia || India , US strike critical minerals deal amid China concerns || First Andreessen , Now Goldman CEO Shuts Down AI Job - Apocalypse Doomerism Narrative || Rubio visit to India focuses on US trade tensions , the Quad alliance and sightseeing – KTBB News , Weather , Talk || EXPLAINED : Why Taiwan wants U . S . weapons and why Washington supplies them || Futures , Global Stocks Soar To All Time High , Oil Plunges On Endless  Iran Deal  Drumbeat || Taiwan overtakes India as world fifth - largest stock market || Taiwan shares end down as TSMC pulls back || India , US ink pact on critical minerals to break China monopoly || CPPE : Portraying Dangote Refinery as Monopolistic Threat Simplistic – THISDAYLIVE || India , US seal critical minerals and rare earths pact amid global supply chain race || Sensex slips 250 pts , Nifty at 24 , 000 as US strike on Iran dent sentiment ; mid , smallcaps outperform || Nvidia says China included in projected $200B CPU market || Rubio visit to India focuses on US trade tensions || Is the  trinket trend  taking over your house ( and your wallet )? – The Morning Call || Oil rises as new US strikes dampen peace deal hopes || Big Chinese firms show interest in boosting Pakistan investment || Japan and the Philippines to deepen military collaboration against China || Bad Policies Brew Poisonous Politics || 5 things to know before the market opens Tuesday || It China that needs the West , not the reverse - The HinduBusinessLine || Lab turns seaweed into potential cancer treatment || Canadian firms eye stronger China engagement || Taiwan Overtakes India as World 5th Largest Stock Market : Explained || SA vehicle trade deficit with China and India hits R90bn || China Cracks Down On Offshore Brokers : Tiger Brokers , Longbridge Face Massive Fines || Chinese , Serbian presidents hail ironclad friendship , seek wide - ranging cooperation || Old Three . New Three . Next Three .-- Beijing Review || U . S . strikes Iran . And , immigration courts use new tactic to speed up deportations || Taiwan Closes In On India Market Capitalisation as TSMC - Fuelled Rally Narrows Gap || North Korea launches unidentified projectile || Xi urges faster building of closer China - Pakistan community with shared future in new era || Pro - AI super PAC backed by OpenAI president targets key 2025 primaries || Is the  trinket trend  taking over your house ( and your wallet )? – Daily Democrat || Fintech Stocks To Watch Now – May 25th || Chinese , Serbian presidents hail ironclad friendship , seek wide - ranging cooperation -- Beijing Review || Is the  trinket trend  taking over your house ( and your wallet )? – Longmont Times - Call || China creates digital ID for humanoid robots || UPSC Key - 26th May 2026 : Sanctity of the cow , QUAD and Ferrocene || Is Beijing the world  living room ? China is enjoying the global stage , but there are limits to its influence || India more diversified : Sebi chief Tuhin Kanta Pandey comments on Taiwan market ascent || India , US Finalize Key Critical Minerals Pact Amid China Tensions || Australia - India - Japan - US Quad urged to address  connectivity choke points || Nvidia eyes China in long - term AI expansion plans || Study highlights uneven progress on circular economy in BRICS countries – Channel Africa || Bangkok Post - Thailand - Vietnam ties in a  new era || MArkets deal : US closes in on Iran deal , oil falls , ASX set for gains || Mehangai manav  strikes again : Rahul Gandhi slams PM Modi ; BJP blames global crisis for fuel price hike || Hmedium : Frost & Sullivan , in Collaboration with ShiJing Medical , Published the 2026 Blue Book on the Current Status and Future Trends of Myopia Management in Children and Adolescent || Could Brazilian oil emerge as one of the big winners of the Iran war ? || What Treasury Bonds Yields Are Telling You Right Now || Global Times : China ability to translate long - term strategy into implementation a material asset || Communist Party Marxist - Kenya defends counter - revolutionary Maoist strategy against Trotskyism Part 2 || Rubio visit to India focuses on US trade tensions , the Quad alliance and sightseeing || Europe could fall into  dependency trap  in AI trade with US and Asia , report finds || In Lebanon , everything and nothing has changed since 2000 || India - US Critical Minerals Pact Challenges China || FG , China partner to localise CNG , EV infrastructure manufacturing on Nigeria || CBAK Energy Powers Southeast Asia Electric Mobility with Innovative LFP Cylindrical Batteries || David Knight Legg : Canadian oil is our best answer to global conflict || China expands travel curbs to top AI talent at private firms || China basic medical insurance coverage maintains good health || Oil rises , stocks waver as new US strikes dampen peace deal hopes || Strengthened China - US AI ties stressed || Stock Market Highlights , May 26 : Sensex falls 479 points , Nifty slips below 23 , 950 as rupee weakens || Negotiations to End the War Resume in Qatar || PDD Holdings ( PDD ): One of the Best Revenue Growth Stocks to Invest In ? || Xinhua Silk Road : Tea - themed educational tour boosts economy in Mengzhuang Town , Shandong Province || Is the  trinket trend  taking over your house ( and your wallet )? – Scranton Times - Tribune || Taiwan Semiconductor Growth Propels Taiwan Stock Market To Overtake India - Taiwan Semiconductor ( NYSE : || Australia , Japan , US and India foreign ministers to meet in New Delhi on Tuesday for Quad talks || Asia Intel : Quad in Delhi , Nikkei Record Rio Times || Germany military resurgence : a bulwark against Russia in Europe | The Canberra Times || Xi hails  unbreakable  Pakistan friendship || Rajasthan and Goa showcased at ITB China , a prestigious tourism exhibition in Shanghai || Pennsylvania new vaping law is an unconstitutional boon benefiting  Big Tobacco , lawsuit says – The Morning Call || India AI options are linked to energy costs - The HinduBusinessLine || op - ed : Jade Dragon meets Green Energy || Is the  trinket trend  taking over your house ( and your wallet )? – Reading Eagle || Rubio visit to India focuses on U . S . trade tensions , the Quad alliance and sightseeing || Google CEO Sundar Pichai : Graduates Booing AI Cheerleaders Will  Deal with the Impact  of Technology || Marc Zell to Arutz Sheva : Trump is leading the war and leaving Iran confused || China Cuts 300 , 000 Enforcement Officers Amid Complaints of Abuse , Mounting Fiscal Stress || Rubio visit to India focuses on US trade tensions , the Quad alliance and sightseeing - Las Vegas Sun News || May Auto Market Sees Mild Recovery , NEV Penetration Rate Expected to Climb to 62 . 5 % || Over 40 Studies Featuring Akeso Innovative Oncology Agents to Be Presented at ASCO 2026 : Ivonescimab HARMONi - 6 Overall Survival Data Selected for Plenary Session || Sachin Pilot slams fuel price hike , NEET leak ; announces statewide agitation || Strait of Hormuz : World War 3 fear us back after US strikes in Iran ? || Manulife Financial Corporation to Issue S$500 million 2 . 880 % Subordinated Notes Due 2036 || Rubio visit to India focuses on US trade tensions , the Quad alliance and sightseeing - Boston News , Weather , Sports || China Moves To Shut Down Offshore Stock - Trading Channels Used By Mainland Investors || India , US Sign Critical Minerals , Rare Earths Pact To Secure Supply Chains || US growth , inflation data in focus as markets assess impact of Middle East tensions || India , US sign landmark pact to secure critical minerals supply chain amid China concerns || Australian visitors give China study tours  10 out of 10 || Search continues for seven villagers trapped in flooded Laos cave || Huang says Nvidia still sees major China AI chip demand || CGTN : China and Pakistan reaffirm ties , vow to advance multipolar world || Streaming Stocks To Watch Now – May 25th || AI , China , AI race | Homeland Security Newswire || These are the world best countries to move to – and number one is in Europe"
2026-05-27,132,"Huge potential of tiny tokens powering AI revolution || China Cracks Down On Overseas Investing After $1T Capital Flight || Trump Delays AI Oversight Order Amid Concerns Over Competition , Lobbying Reports – NaturalNews . com || Global Times : Beijing welcomes iron - clad friends amid diplomatic blitz || China to refine AI - related legal framework - Xinhua || Europe and China : a key economic relationship under the pressure of great uncertainty and growing imbalances || An enduring Sino - Pakistani friendship for a shared future || Harvest of Chaos : The U . S . and Israel War on Iran || Xi , Trump Summit Sets New Course for China - U . S . Relations || Japanese side claims spotting PLA Type 054B frigate in Liaoning carrier group ; new - type warship reported first far - seas deployment boosts capabilities : expert || Life - health biz in Hainan eyes growth || Hotel Stocks To Add to Your Watchlist – May 26th || Methanol , pistachios and cement : the other Iranian exports being choked by the war || Pakistani PM visit consolidates , elevates China - Pakistan friendship : FM spokesperson || UK targets Russian crypto networks in latest sanctions || FinancialContent - Limbach and Primoris Shares Are Soaring , What You Need To Know || Volvo Chinese Ties Didnt Stop US Approval || Peace Acquisition Corp Announces Closing of $60 , 000 , 000 Initial Public Offering || indian bank : These 9 banking stocks have an upside potential of up to 32 % in 1 year , according to analysts || WALOVI Debuts WALOVI Vietnam Can , Expands Southeast Asia Presence Through Localized Operations || The Slow - Motion Oil Crisis Nobody Sees Coming || Africa : China - Africa Economic Relations Reframed - Zero - Tariff for Africa || munjal auto industries : ET Prime Special Series : Multibagger or IBC - Part 60 : This auto ancillary built its empire on one family . Can it survive the EV test ? || Serbian president visit to China is of historic significance : Chinese spokesperson - Xinhua || Akin Space Law , Regulation And Policy Update | May 18 , 2026 || New Tech , Greener Future : Sinoma International Green and Intelligence Innovation Exchange Held in Chengdu || Global Times : China development is an opportunity for the world : Tsinghua professor on 15th Five - Year Plan global significance || AI is  unstoppable force  that the united kingdom must harness for good , spy chief warns || Nigeria biggest economic opportunity may no longer be oil || APEC trade minister meeting bears fruitful outcomes ; Suzhou Statement injects new growth momentum into Asia - Pacific economy : MOFCOM official || Manoj Jha writes : Jawaharlal Nehru is central to the meaning of India || Changing job market complicates Bank of Canada interest rate path || Two Months . $10 Million . A Sputnik Moment for AI . || How Kyrgyzstan is Becoming the Switzerland of Crypto || Party - to - party exchanges vital cog in Sino - UK ties || Letters to Editor - The HinduBusinessLine || Global Times : Managing own affairs well , moving toward set goals in next 5 years , says Zhu Min || Links 5 / 27 / 2026 | naked capitalism || Technical Views On Nasdaq , ASX200 & Oil || Korea Zinc weighs Australia expansion amid critical minerals push || Japan officials visit sanctioned Russia to protect corporate assets | The Asahi Shimbun : Breaking News , Japan News and Analysis || Netherlands blocks Kyndryl Solvinity acquisition || Nation expands push for investment || Shreekant Sambrani : Rupee Fall Exposes India Economic Weakness || NASA has revealed its plan to live on the Moon . Here how it would work - 27 - May - 2026 || China market regulator fines Luxshare and Wingtech over their unwinding deal || Rising geoplitical tensions show why Canada agri - food trade strategy needs to change || NASA Moon Base : Agency awards contracts for landers , rovers and drones to build permanent lunar outpost || China - Serbia cooperative leap from roads to robots || Russia is targeting united kingdom infrastructure and democracy , GCHQ head to say | GCHQ || China next export shock walks on two legs - and costs less than a used car || Chinese manufacturing rides World Cup 2026 boom , with global sporting event underscoring China - made products as a key player in global supply chains || Persistence Market Research Pvt . Ltd .: Recycled Plastic Market to Reach US$ 131 . 0 Bn by 2033 Driven by Circular - Economy Policies and Sustainability Commitments || Closing Bell : Nifty Ends Nearly Flat | HDFC Bank , Coal India in spotlight || Commentary : United States may be best place to build universal healthcare || Nvidia says China part of its $200 billion CPU market || Thailand called to oversee thriving 45 - billion - baht influencer market || Nvidia eyes China in long - term AI chip growth strategy || Taiwan overtakes India as world fifth - largest stock market || German economy minister in China as firms call for level playing field || Germany , Spain push back on European plan to ban Huawei gear || Bangladesh and the Day After Hasina || Pam Bondi to join White House advisory panel on AI policy , reports say || China April industrial profits grow at fastest in more than two years || French luxury store shuts doors in Beijing after 13 years || Private firms power China innovation drive | Borneo Post Online || AI : masters and commanders .... || Kevin Warsh Kabuki dance - Insurance News || hindalco : Buy , Sell or Hold : Morgan Stanley initiates coverage on Hindalco ; Emkay Global downgrades Hitachi Energy || Global Times : Xi chairs CPC leadership meeting on economic situation and work || Jensen Huang says Nvidia still sees huge China demand || The Role of the Neo - Authoritarian Bloc in Contemporary Conflicts || Geopolitical Tensions Highlight Need for Canada Trade Shift || Taiwan headline news - Focus Taiwan || Why is China top diplomat visiting Canada for the first time in a decade ? || SpaceX and the Risks of High Valuation IPOs || Trump donor said  we cant offshore American job . Then he shut down his Ohio plant and moved it to China || French luxury store shuts Beijing flagship after 13 years as China spending weakens || Global Times : New quality productive forces to buoy China economy during coming 5 years , says Erik Solheim || Taiwan detects 10 sorties of Chinese military aircraft , 7 vessels around itself || From extreme poverty to a manufacturing powerhouse : The underlying logic of China rise and the cognitive liberation of the Global South - Newsday Zimbabwe || Gig work being used to boost household income : Studies || Reckless showboating ignores real risk of triggering trip wire || Taiwan economy is booming thanks to AI . Not everyone sees the benefits - Grenada Chronicle – Daily Grenada And Caribbean News || Consumption push unlocks new potential || US$140 , 000 EVs and heritage gold : The rise of China homegrown luxury market || China luxury market trends : Why consumers are shifting to frugal and online shopping || A New Framework for Considering Energy Policy Debates in the US || Plentisoft : Trade Compliance Records Publishes Reference Library on PVoC , CBAM , and DPP || Syrian delegation joins cement industry conference in Beijing , China || Shehbaz Wraps Up China Visit , Praises Pakistan - China Ties || Rising tensions show why Canada agri ‑ food trade strategy must change – Brandon Sun || Putin on the Rocks | The American Spectator | united states News and Politics || China Is the Clear Winner After Trump Summit || Lai two years in office plagued by failure || Why Taiwan Wants U . S . Weapons And Why Washington Keeps Supplying Them – Analysis || China e - commerce sector maintains steady expansion in January - April || Stock market overtakes India , now fifth - largest || The Xi - Trump Summit & What It Says About The US - China Imperialist Conflict || Cyannova Capital Participates in DeepZero IPO With Henderson Land Group Chairman Family Office || India has a Chance to Lead the World on Ethical AI || Indonesia jolts China with  hostile takeover  of key commodities in American - influenced move || Stock Market Today : Dow Jones , S & P 500 Futures Rise Following Tech Rally Zscaler , United Microelectronics || China expands travel curbs to top AI talent at private firms || Pakistani PM visit consolidates , elevates China - Pakistan friendship : FM spokesperson - Xinhua || Pakistan , China Reaffirm Kashmir Support and CPEC 2 . 0 || Chinese Stocks To Add to Your Watchlist – May 26th || Mine disaster in China : Another tragedy in the global industrial slaughterhouse || PDD Holdings ( PDD ): One of the Best Revenue Growth Stocks to Invest In ? || We darent ask , but … what if the Strait of Hormuz doesnt reopen ? || Taiwan Detects Chinese Military Aircraft and Vessels || Elon Musk Told Us Half of New Cars Would Be Electric by Now : Here What Actually Happened || NVIDIA Taiwan Problem : The AI Boom Is Now Dependent on One Island || China Shares May Bounce Higher Again On Wednesday || Global New Materials International Honored with Multiple Accolades at 2026  Golden Kunpeng  Awards , Anchoring Strategic Direction for New Materials under 15th Five - Year Plan || Officials Detail Special Legal Regime for Alatau , Kazakhstan Charter City || Quad sharpens Indo - Pacific watch , boosts critical minerals push amid China concern || U . S . Halts Taiwan Arms Package as Trump Courts China || The new age of economic warfare – and why America is playing with fire || Capital goods sector : Time to think of the repair cycle ? 8 engineering stocks from India capital goods ecosystem with upside potential of up to 26 % || Germany news : Economy minister eyes resources in China visit || China willing to work with Czech government to improve ties || Sinoma International Engineering Co . Ltd : New Tech , Greener Future : Sinoma International Green and Intelligence Innovation Exchange Held in Chengdu || May Auto Market Sees Mild Recovery , NEV Penetration Rate Expected to Climb to 62 . 5 % || Trump Iran peace deal claim completely undone with just 3 words || Europe Deindustrialization vs America Quiet Investment Boom || Over 40 Studies Featuring Akeso Innovative Oncology Agents to Be Presented at ASCO 2026 : Ivonescimab HARMONi - 6 Overall Survival Data Selected for Plenary Session || Top Metaverse Stocks To Follow Today – May 26th || Manulife Financial Corporation to Issue S$500 million 2 . 880 % Subordinated Notes Due 2036 || NSW government approves Copi Mineral Sands Project near Victorian border town of Mildura || Top Green Energy Stocks To Watch Now – May 26th || Trying To Find Parking In North Korea Is A Chore These Days"
2026-05-28,166,"UAE Shoppers Still Face 3 - Week Delays on Amazon , Temu and Shein Orders as Middle East Shipping Disruptions Worsen || China Added to Oil Stockpiles in April Despite Sharp Import Decline – NaturalNews . com || JD . com founder vows to protect 900 , 000 jobs from AI . His warehouse strategy says otherwise . || China - Serbia cooperative leap from roads to robots - 南海网 || the return of the metal that challenges the dollar || Taiwan tells Post :  If we put down our weapons , there will be no Taiwain || World appetite for AI makes China less afraid of stronger Yuan || Russia signs $16 . 5 billion deal to build first nuclear power plant in Kazakhstan || Targeted consumption strategies urged as green power supply rises || Bangkok Post - Industrial policy ideal for an age of uncertainty || The High - Seas Black Market That Keeps Iran Illicit Oil Flowing || Xiconomics : How cooperation with China is transforming industries in Serbia || China Anti - Corruption Campaign Still Uncovers Tens of Thousands of Cases Each Month || Noah ( NYSE : NOAH ) Issues Earnings Results || Investors , academics home in on China deep tech & AI influx || 2026 China - Kyrgyzstan Media Cooperation Forum held in Bishkek ; attendees stress media role in deepening ties , shaping SCO future || Will the EU Develop a Pragmatic Strategy Toward Afghanistan ? || Transaction in Own Shares | Company Announcement || Why China remarks on POJK reveal Beijing anxiety || China Focus : One company : AI - enabled one - person startups booming - Xinhua || EU to bolster trade defence tools against China : report || [ LEE 1ST YEAR IN OFFICE ] President steers through diplomatic headwinds with pragmatic approach || UK and allies have narrowing window to stay ahead in tech race , spy chief says || FDI hits $2 . 61bn as investor confidence grows || Ghana : Atlantic Lithium - the Strategy Opportunity That Ghana Could Not Afford to Lose || Hotel Stocks To Follow Today – May 25th || Trump trade war caused a $15 billion decline in U . S . farm sales to China || Xunlei Q1 Earnings Call Highlights || 2026 World Intelligence Expo kicks off in north China Tianjin || India Zorawar Light Tank to Get Advanced Adaptive Thermal Camouflage System for Stealth Operations || Iran negotiating on fumes , wants deal : Trump vows to  finish the job  as peace talks hang fire | World || This is what all - out economic warfare looks like - The Globe and Mail || International Business : Co - operation and competition  will bolster economic ties || Rupee Value Debate : Why India Currency Should Be Judged Beyond Exchange Rates || Korea new cultural exports are more than just K - pop || EU fines Temu 200 mn euros over illegal products || China now respects US again : Trump – Indusage || Africa underscores role of stable China - US ties || China Tencent to allow PayPal payments through its WeChat networks || Chinese assets gaining appeal around world - 南海网 || EU to expand quotas and tariffs on Chinese goods || Casino Stocks To Follow Now – May 27th || Economy Teeters : Geopolitical Risks vs . AI Gains || Pakistan Between the Dragon and the Eagle : The China – Pakistan Summit and the Emerging Geopolitics of Strategic Balancing || Ancient armor opens wide - Chinadaily . com . cn || In a tourist - friendly move , China Tencent to allow PayPal payments through its WeChat networks || Xi - Putin Meeting Signals Anti - US Alliance || Nehru science and tech vision cant be forgotten - The HinduBusinessLine || How the US - China summit could reshape Australian fashion || Hainan Introduces Cross - Province Recognition for FIEs - 南海网 || Canada morphing from good neighbor to serious threat ? || China vows to support Cuba against  power politics and bullying || Director / PDMR Shareholding | Company Announcement || Pope Leo XIV Calls for Global Treaty to Restrict Autonomous Weapons in New Encyclical – NaturalNews . com || Exploring New Paradigms for AI - Empowered Finance ,  Phoenix Financial Forum for the Greater Bay Area Financial Summit  Held in Shenzhen – LiveNews . co . nz || Ghana : FDI Hits $2 . 61bn As Investor Confidence Grows || China wary of Syria Uyghur militants , but business keeps growing || If the US Is to Stay Ahead in the Global AI Race It Must Address One Glaring Problem || Germany : No recovery in sight for the economy || European leaders get ready to  act now  amid rising fears of  China shock 2 . 0 || Media OutReach : Hong Kong Rises to World No . 1 Cross - Boundary Wealth Hub || Xi enjoys tete - a - tete with Putin || Rubio Calls Cuba National Security Threat , U . S . Mulls Next Steps || Median pay for CEOs rose nearly 6 % in 2025 , but some compensation packages were eye - popping || Micro - drama platform V+Short founding sisters talk content trends and production powerhouses || Exploring New Paradigms for AI - Empowered Finance ,  Phoenix Financial Forum for the Greater Bay Area Financial Summit  Held in Shenzhen || Labour , Capital , State - OrissaPOST || Global Economy Teeters Between Geopolitical Risks , AI Boost || Garabagh Textile House  LLC inaugurated in Khojaly city || Interview : Positive impact of Nauru - China cooperation surpasses expectations , says Nauruan president - Xinhua || Rubio Calls Cuba National Security Threat , U . S . Mulls Next Steps | NewsTalk WMEQ || No , Iran and China Are Not  Winning || French luxury store Galeries Lafayette shuts doors in Beijing after 13 years || US , Mexico launch formal trade talks , haggle over automotive content rules || Bloomberg terms Pakistan an emerging economic , diplomatic power || Trump torn apart for selling out American workers to China || The global impact of Indonesia export policy shift || The safe zone is near the poverty zone  when it comes to jobs most immune to the AI revolution – The Irish Times || Manufacturers have strong four months - People Daily Online || Regional cooperation can open doors to global growth || Trump Approval Rating Hits Another Record - Low || Trump trade wars : Canada and Mexico deal would be torn up || Connecting up the country : China high - speed rail || Nvidia CEO urges Super Micro to tighten compliance : reports || Communist Party Marxist - Kenya defends counter - revolutionary Maoist strategy against Trotskyism Part 4 || Temu fined €200m by EU over illegal products || Rubio Calls Cuba National Security Threat , U . S . Mulls Next Steps | News Radio 920 AM & 104 . 7 FM || Pope Leo A . I . Vision Might Not Be Strange Enough | American Enterprise Institute || EU To Bolster Trade Defense Tools Against China || Xi wanted tougher tobacco control . China is still smoking more than rest of the world combined || EU and China risk stumbling into a trade war || Chinese interference  systemic , report says as minister returns to Canada - National || Focus shifts to putting robots to work || LARRY KUDLOW : Trump on the economy : I wish the media would talk about it . || Hong Kong beats Switzerland in global wealth management study || A few thoughts on China - EU economic and trade relations || EQS Newswire : AGTech Holdings Ltd : Powering Macau Smart Future with AI - MACAU Pass and Ant Bank ( Macao ) Partner with Alibaba Ecosystem to Showcase Smart City Vision at BEYOND Expo || Swiss Bank Accounts Are DEAD – The New Banking Hub || One company : AI - enabled one - person startups booming || China listed companies top 5 , 500 as market capitalization climbs || China - Pakistan partnership moves beyond infrastructure || China Is Exporting Its Factories Across the World and Spooking the Competition || Not  Imbalanced , but Mutually Beneficial and Win - Win || Dow Jones Top Markets Headlines at 9 PM ET : U . S . Military Conducts New Strikes on Iran | U . S . ... || Where mines once stood , Beijing villagers build a post - coal growth path || What India  unsinkable aircraft carrier  project near Malacca means for its China ties || China Supreme Court to Formulate New Rules for Digital Currency , AI cases || Contra Guys : Why were not selling our shares in Neo Performance Materials despite its formidable run || USD and Energy firm , but off highs in thin newsflow after US - Iran flare - up - Newsquawk US Market Open || Explained : How Hong Kong became the world biggest cross - border wealth hub || Beyond Rubio : The Structural Rot Threatening the India - US Partnership || RBI Forms Expert Committee to Study Quantum Risks in Banking || China to refine AI - related legal framework _ Guangming Online || China to Impose Mining Controls on Strategic Minerals Starting June 15 – NaturalNews . com || The Manus Fallout Highlights Structural Problems in China Industrial Policy Ecosystem – The Diplomat || Morning note : economia e finanza dai giornali esteri || Rubio Calls Cuba National Security Threat , U . S . Mulls Next Steps | News Radio 1410 AM & 100 . 9 FM || New Innovations , Expanding Partnerships , and Tourism Resilience at Trip . com Group Envision 2026 || After ten years of cold relations : Why China sent Wang Yi to Canada || Korea rises to global No . 2 cosmetics exporter after France || World Science Fiction Archive launches in Shenzhen || Germany warns on trade imbalance as economy minister visits China || Chinese premier tours oil , grain stockpiles as Beijing boosts Iran war response || Xi , Austrian president exchange congratulations on 55th anniversary of ties - Xinhua || Cango Inc . to Report First Quarter 2026 Financial Results on May 31 , 2026 , Eastern Time || Taiwan detects 9 PLA aircraft sorties , 6 PLAN vessels around territory || Rubio Calls Cuba National Security Threat , U . S . Mulls Next Steps | Newstalk 1400 , 104 . 5 , and 105 . 9 WJMX || California Voice : Can our state continue to lead transition to EVs ? || Iraq at the crossroads : Israel , covert operations , and the struggle for sovereignty || Higher Open Called For China Stock Market || Taiwan overtakes India as world fifth - largest stock market – Asia News Network || Dow Jones Top Markets Headlines at 5 PM ET : Trump Says He Doesnt Fear Political Fallout From Prolonged War With Iran | U . S . ... || Rubio India Trip Cant Fix Trump Damage || Piezoelectric Ceramics Market worth $2 . 10 billion in 2031 - Exclusive Report by MarketsandMarkets || For a Shared Future of Humanity , Development Is the Key || Lawless London ? Machetes , drugs and repeat offenders … in just three hours || Appeal of China assets keeps rising among global investors , JPMorgan research says || Chinese vice premier calls on China , Germany to tap cooperation potential in emerging fields || Aphranel® MagiCCrystal CaHA Filler Achieves EU MDR Certification as a Premium Regenerative Injectable || Russia to build first nuclear power plant in Kazakhstan , signs an agreement || Taiwan Detects 9 PLA Aircraft Sorties , 6 Naval Vessels || Dont build around one processor : DFI President Smit Shah India drone supply chain || The real fight for Canada energy future is being fought at a global scale – and the clean side is winning || Lee pulls off pragmatic diplomacy balancing act between strongmen Trump and Xi || Piezoelectric Ceramics Market worth $2 . 10 billion in 2031 - Exclusive Report by MarketsandMarkets™ || China , united kingdom seek to deepen economic cooperation || South - West Rail : Modernising Nigeria Obsolete Network || China vows to support Cuba against  power politics and bullying  – The Frontier Post || Miliband net zero policies branded  fantasy  by Tony Blair | Politics | News || Top news of the day : May 28 , 2026 || China shock 2 . 0 : Beijing targets German industry as Berlin looks on || Indonesia Looks to China for Poverty Reduction Efforts || PBOC tells Chinese banks to boost May lending as credit weakness persists || Chinese assets gaining appeal around world || How cooperation with China is transforming industries in Serbia -- Beijing Review || Xi Jinping Wants to Woo Kim Jong Un Again || China strengthens legislation to support 15th Five - Year Plan || Business as usual : Fakes , piracy thrive in Vietnam as US tariff deadline nears || China tops counterfeit goods trade ; raises health risks , erodes innovation || Xi , Austrian president exchange congratulations on 55th anniversary of ties || Putin Arrives in Kazakhstan for State Visit and Eurasian Summit || Rubio Calls Cuba National Security Threat , U . S . Mulls Next Steps | Talk Radio 105 . 9 || Nvidia Pledges $150 Billion a Year in Taiwan : Constellation Campus Breaks Ground || Rubio Calls Cuba National Security Threat , U . S . Mulls Next Steps | NewsRadio WKCY || Pilot AI boundaries leave room for innovation || Editorial | Cross - border crackdown part of keeping China capital market stable"
2026-05-29,150,"CKGSB Knowledge : China High - Speed Rail Economics || US Leads AI Race , China Trails : Bessent || Water Is Becoming the Next India - Pakistan Flashpoint || World Intelligence Expo highlights AI - industry integration , global collaboration || Stock Market Live , May 29 : Gift Nifty signals flat opening for Indian equities as investors watch Iran talks || Global Times : China long - term growth stability sets good example for other countries , says Ali Babacan || Von der Leyen gears up for fight over China trade ties || Top Manufacturing Stocks Worth Watching – May 28th || Asian Currencies Steady as U . S .- Iran Ceasefire Extension Hopes Weigh on Dollar || JD Founder Vows To Protect 900 , 000 Jobs From AI Automation || Did Putin Return From China Empty - Handed ? || Reiche brings energy sector ties to German Economy Ministry || Ben Shapire : No , Iran and China are not  winning  | News , Sports , Jobs || Marco Rubio Kolkata Stop Signals A Recalibration In India – US Ties || US stocks gained following reports of a tentative agreement between US and Iran on an MoU for a 60 - day ceasefire extension - Newsquawk Daily Asia - Pac Market Open || Taiwan - educated Vincentian journalist returns as ambassador to deepen ties || Asian Shares Advance On US - Iran Deal Hopes || U . S . Exceptionalism May Have Peaked , According to Fidelity . Here One Global ETF Worth Looking At . || 3 Reasons to Buy Nvidia Stock in June | The Motley Fool || Costco Wholesale Corporation Reports Third Quarter and Year - To - Date Operating Results For Fiscal 2026 || Chinese , European companies explore cooperation in green development , smart manufacturing || Entrepreneurship : Heartbeat of Capitalism , Says Avuru || Stocks rise , oil eases on hopes of US - Iran truce deal || Sunlands Announces Material Asset Disposal for Cash || Electrification is the answer to save Europe industry , IEA tells Euronews || Global Times : Long - term planning to sustain China major global role in 15th FYP , says Kairat Kelimbetov || Illegal and void : China condemns Japan - Philippines maritime border talks || Update : World Intelligence Expo highlights AI - industry integration , global collaboration || Cognitive war : Ten big lies in China Trump - summit narrative – World Tribune : U . S . Politics and Culture , Geostrategy , China , North Korea , Corporate Watch , Media Watch || India ranks 4th globally on AI performance ; 5th in digital economy rankings : Report || In the news today : Canada - China relations , Kenneth Law to enter plea , Habs vs . Canes || Hong Kong Hang Seng Index rallies || World Intelligence Expo highlights AI - industry integration , global collaboration -- Beijing Review || Challenging for Macau to get significant per - capita increase in non - gaming spending : CreditSights || China trails US in AI race , says Bessent || Global Times : China 15th Five - Year Plan ushers in new chapter for Africa partnership : AU envoy || The Philippines Can Be A Mover In The EV Space , But It Isnt || China wary of Syria Uyghur militants , but business keeps growing || China quiet reform could reshape life for hundreds of millions of migrant workers – The Irish Times || Global Times : Yuan internationalization set for further breakthroughs in three areas , says Marc Uzan || Indonesia , China Hebei Province deepen smart technology ties || 10th China - South Asia Exposition in June to boost business ties || China sees steady foreign capital inflows into stock market : regulator -- China Economic Net || China Stock Market May Extend Thursday Gains || Three steps to stop China deadly mine disasters || Sanctions Update : May 27 , 2026 || Poland Rise Into the World Top 20 Economies Signals a New Era of European Economic Realignment || Apple In - House Modem Chips Threaten Qualcomm ( QCOM ) Major Customer Base . || APEC Suzhou Moment : A Symphony of Economic Consensus and Jiangnan Poetic Charm || Canadian Central Bank Warns of  Cascading Series of Events  Leading to  Spike in Demand for Liquidity || First Tick : Top global cues to watch in today trade || Summer Davos : 6 Key Facts About China Meeting || EU Fines Temu €200 Million for Allowing Illegal Products and Dangerous Goods on Its Platform || Improving financial services for small firms || India 5th in Digital Economy , 4th in AI : Report || Investing in Liquor : Baijiu Luxury Asset Moment || Business Leaders Hail Nation Intelligent Manufacturing Push as China Positions AI as a Global Industrial Catalyst || Putin Astana Visit Shows What Russia Still Wants From Kazakhstan || Column : Can the EU China strategy be built on illusions ? || Inflation is at a three - year high and now many Americans are burning through their savings || Indonesia and India intervene to prop up weakening currencies || Aluminum Skyrockets to Four - Year High as Globalist Supply Crunch Exposes the Rot of Centralized Control – NaturalNews . com || Chinese authorities unveil roadmap for AI metrology capacity building || Hong Kong becomes world largest offshore wealth center || H World Group Highlights ESG Progress in 2025 Sustainability Report || Top leader participation in Shangri - La Dialogue shapes new position for VN || Chinese Developers Gain After Beijing Issues New Urban Renewal Plan || China May Be Hiding The Largest Debt Crisis The World Has Ever Seen || The AI Safety Executive Order That Wasnt || India Data Centre Stock to Cross 3 GW by 2028 : Report || Xinhua Headlines : In a season of summitry , China seeks stabler major - country ties || European commissioners discuss reducing reliance on China || Hong Kong rises to world No . 1 cross - boundary wealth hub || Xi , Austrian president exchange congratulations on 55th anniversary of ties -- China Economic Net || Rights Groups Call on Ottawa to Stand Up to Beijing Transnational Repression as Foreign Minister Visits || The Dangote License to Fight for Nigeria – THISDAYLIVE || May expos showcase vitality of China economy || Hormuz shock to hit global growth outlook , India emerges as a bright spot : WEF || China Smart Vessels : Navigating the Future of Shipping || Garabagh Textile House  LLC inaugurated in Khojaly city VIDEO || Thriving  debut economy : Why global brands are flocking to China for product premiers || Bangladesh and the Day After Hasina || SMU and Fudan Launch Region First Tech - Focused DBA || White House Reportedly Divided Over AI Rules After Trump Scraps Executive Order On Regulation || End of Honeymoon ?  America First  is Reshaping New Delhi Strategy || China US$2 . 2 trillion urban renewal plan to boost construction , property sectors || China wealth boom lifts Hong Kong past Switzerland || The State vs . Prvate Enterprise || Next Dubai may not be in the Gulf || Opinion | Cross - border wealth hub crown latest sign Hong Kong is roaring back || World Intelligence Expo highlights AI - industry integration , global collaboration -- China Economic Net || Asia stocks surge , oil falls on hopes of US - Iran truce deal || West Asia peace : A deal on Iran wont be enough to revive capital flows into India or fill the country AI gaps || Will Airfares Rise Again ? Jet Fuel Prices Jump 121 % As US - Israel - Iran War Disrupts Global Aviation || Europe fossil fuel reliance could be weaponized in war , EU chiefs warn – POLITICO || Angel Yeast Highlights Long - Term Commitment to the Middle East and Africa at Global South Forum || World News Quick Take - Taipei Times || Jensen Huang says Nvidia still sees huge China demand || Trump scheme backfiring spectacularly as his approval rating just hit rock bottom || It a Numbers Game : The Numbers Behind Texas , Trump Latino Support & the | 960 WELI | The Clay Travis and Buck Sexton Show || US , Iran reach deal pending Trump final approval || The EM Outperformance Cycle - The Daily Reckoning || Chinese , Serbian presidents hail ironclad friendship , seek wide - ranging cooperation || Asia stocks surge , oil falls on hopes of US - Iran ceasefire deal || How Shirley Young Helped Broker GM Most Successful Deal Ever in China || Brussels should listen to rational voices : Global Times editorial || Inside Kempton Park redevelopment vision || New Innovations , Expanding Partnerships , and Tourism Resilience at Trip . com Group Envision 2026 || Hong Kong overtakes Switzerland in foreign capital || Overseas investors hold over 4t yuan in free float of A shares || Oil price drops amid hopes of US - Iran peace deal || EU Fines Temu €200m Over Illegal Products - Latest News In Nigeria , Nigeria News Today , Your Online Nigerian Newspaper || India ranks among top digital economies , strong in AI performance : Report || Taiwan detects 10 sorties of Chinese aircraft , 8 vessels , 4 ships || Global Times : China economic resilience backed up by policy coherence , new growth engines , says Luiz Awazu Pereira da Silva || No , Iran and China are not  winning  * WorldNetDaily * by Ben Shapiro || EconomyInFocus | Red - hot secrets of a viral night market in Jiangxi || Why Paris may be the most important AI city outside Silicon Valley || China : Nuclear and Missile Proliferation [ Iranian Supplier ] || Communist Party Marxist - Kenya defends counter - revolutionary Maoist strategy against Trotskyism Part 5 || China Graphite Export Moves Could Ripple Through Global Industry || Trump Complex , Multidimensional Chess Game || What the world can learn from China poverty reduction || Bigger proportion of non - Iran ships crossing Hormuz strait : Data || As Americans Struggle , Trump Wealth Soars - CounterPunch . org || Tanzania , the new frontrunner in the race for critical minerals  - Newsday Zimbabwe || A little - known chip company won an entrepreneur award previously given to Jensen Huang , Michael Dell || Applied Materials ( AMAT ) Surged Following the Blowout February Earnings Beat || China , united kingdom seek to deepen economic cooperation || China Sends 10 Military Aircraft Near Taiwan , All Cross Median Line of Taiwan Strait || IMF worried as Pakistan military takes over economic powers : Report || Min Aung Hlaing India visit : Calibrated engagement and expectations || Best Tech Shares In Asia – Top Eight To Consider || Cuba used to have European friends – there a reason why even now they have deserted it too | Paul Taylor || Himachal Govt puts brakes on land use in Kinnaur Sangla - Kamru valley || Chinese authorities unveil roadmap for AI metrology capacity building -- Beijing Review || Importance of Beijing Summit - AG INFORMATION NETWORK OF THE WEST || Bessent says US was  asleep  on economic security , Trump policies waking it up || North American Morning Briefing : Futures Rise With Potential Peace Deal in Focus || East Texas could be the key to developing critical lithium supply for the U . S . military || Left Anti - Data Center Activism Plays Right Into China Hands || Global Times :  Certainty dividend  is China contribution to global growth || Beijing InfoComm China 2026 Conference Lineup Presents Future of AI in Tech Aligning with the Nation Next Strategic Five - Year Plan || Canada PM backs  fortress North America  ahead of US trade talks || Xi , Austrian president exchange congratulations on 55th anniversary of ties || Russia Is Sending Swarms of Cheap Drones After Single Soldiers || OPINION : The World Risks a Dangerous AI Divide if Capital and Big Tech Dominate Governance || How Washington Weaponised The Dollar – And Forced The Rest Of The World To Abandon It || Huang says Nvidia still sees major China AI chip demand || Links 5 / 29 / 2026 | naked capitalism"
2026-05-30,160,"The Real AI Risk Isnt Regulation . It Strategic Blindness . || Mapaila , Malema give line of march as Conference Left takes off || Xi exchanges congratulations with Egyptian president on 70th anniversary of ties - Xinhua || Banks elucidate costs of financing || AI in China : Worker hopes and fears over impact to jobs || Politics Insider : Canada exports to China could double , Beijing top diplomat says || Some of the world last Maoist rebels are in India . Their decades - long rebellion is in its death throes || From lottery draws to fiscal spending , China broadens digital yuan footprint || Global Floating Wind Industry Flexes Its Muscles , Trump Or Not || The Void Age Bootstrap Protocol : How dark factories will recalibrate when the old world collapses – NaturalNews . com || India  unsinkable carrier  near South - east Asia – and its China calculation || A lesson America has never learned | The Manila Times || Trump : No Sanctions Relief For Iran as Part of Deal – NaturalNews . com || China intl trade promotion body voices opposition to EU cybersecurity act revision || New import rules target unsafe goods entering South Africa market || China Great Illusion : Why Its Economy May Be Far Worse Than Beijing Admits || Designated Persons Notification | Company Announcement || Most Chinese provinces reach high level of human development : report - Xinhua || Ex - Arcadia mayor pleads guilty to working as agent of China || Sink or swim : As an AI wave sweeps China , its workers are adapting fast || Iran is turning Hormuz into leverage - Oil & Gas 360 || Zia lays economic base of modern Bangladesh through politics of dev , production : Moyeen Khan || Awaiting next stage in biofuels balancing act – Winnipeg Free Press || Top Technology Stocks To Follow Today – May 29th || US and China trade journalist expulsions in tit - for - tat moves || How AI Is Shaping The Future Movie Review Of  The AI Doc || Diana Shipping ( DSX ) Q1 2026 Earnings Transcript || Foreign Ministry Spokesperson Mao Ning Regular Press Conference on May 29 , 2026 || Ex - Arcadia Mayor to Plead Guilty in Chinese Informant Case || Will the EU finally get tough on China  existential  trade threat ? Doubtful || Some of the world last Maoist rebels are in India . Their decades - long rebellion is in its death throes . || West Asia Crisis and India : Energy Security , Trade Routes & Strategic Choices || What to watch for in the US - Iran memo to end the war || Hong Kong Banks Shut The Door On Unverified Mainland China Money || China touts stronger trade ties , says Canada can surpass export target || India Rupee In Crisis As Global AI Boom Leaves Modi Economy Behind || China Great Lie : Beijing Is Allegedly Faking GDP And Population Numbers || AP News in Brief at 6 : 04 a . m . EDT || As Iran war stokes water security fears , Central Asia could turn to China || Canada might double exports to China , Chinese minister says during rare visit || AUKUS nations to develop payloads for uncrewed undersea vehicles || Expo to lift trade ties with South Asia || Growth that doesnt show in economic metrics || The architect of modern China : vision & indispensability || US and China trade journalist expulsions days after Trump visits Xi in Beijing || China accelerates embodied AI development , strengthens dataset cooperation – The Sun Nigeria || Chinese localities chart tailored paths for high - quality growth under 15th Five - Year Plan || Opening up the northern gate of China || CleanTechnica Solar Report Inspires Readers To Teach Each Other || Analysis : The Iran war has made inequality worse . An end wont fix it || Hormuz , Ukraine and Japan : Three stories that mattered this week || The contradiction of AI in cinema : Creators fear it , but the market and the industry embrace it || Should transit be free , or a fare paid for every ride ? || A New World Demands New Vision | Pambazuka News || Indonesia , Tajikistan deepen cooperation across key sectors || Designated Persons Notification || Canada , China vow to strengthen bilateral ties , uphold multilateralism || FT report on China poverty reduction reflects Western misunderstanding || China intl trade promotion body voices opposition to EU cybersecurity act revision - Xinhua || China takes the next step in the trade war with the U . S . || silver price prediction : What is gold and silver price prediction for Monday ? Gold rebounds on US - Iran ceasefire hopes , silver holds steady || Promising Hotel Stocks To Keep An Eye On – May 29th || XPeng ( XPEV ) Q1 2026 Earnings Transcript || It already too late to stop artificial intelligence . But before the p ( doom ), let consider the p ( boom ) || Links 5 / 30 / 2026 | naked capitalism || Hormuz exposes China Indian Ocean vulnerability ; says report || Rwanda - Russia nuclear deal underscores Africa shifting power balance | News || AUKUS partners collaborate on autonomous undersea vehicles to counter Indo - Pacific threats || Norwegian PM says China engagement vital for addressing global challenges - Xinhua || e - CNY : China broadens digital yuan footprint || Renewable Energy Law country green transition spur || Think . Over the week - The HinduBusinessLine || China state broadcaster starts selling skincare products to survive : Report || Futu ( FUTU ) Q1 2026 Earnings Call Transcript || Tibetan cuisine wins heart in China city of gastronomy || OPINION : Eswatinia Ties with Taiwan Holding Back the Kingdom Future » Capital News || How Vanguard VWO ETF Forgot South Korea and Paid the Price || Succession of next Dalai Lama beyond Chinese control : Report || Trump Final Terms Delivered : Iran Will Never Have Nuclear Bomb , Hormuz Open for All Ships || The Canadian Carney - Val Continues : I Spy With My Little Eye a Syrupian Recession || Canada , China vow to strengthen bilateral ties , uphold multilateralism - Xinhua || America Is Sleepwalking Toward Q - Day While Cybercriminals Prepare for the Future || EU wants to break up with US tech || Stock picks of the week : Stock picks of the week : 5 stocks with consistent score improvement and upside potential of up to 22 % || US , China trade journalist expulsions in tit - for - tat moves || EU wants to break up with US tech - The Economic Times || Technology | Embodied AI takes center stage at World Intelligence Expo 2026 || Xi exchanges congratulations with Egyptian president on 70th anniversary of ties || South Africa ties to Iran unsettle investors as country courts Gulf money || Iran … Trump … Conflict / War … Morning … 5 / 30 / 2026 … What Deal ? || The Latest : Trump says hell back away from Kennedy Center overhaul after judge orders name removal | National And World News || The Dollar And How America Financial Power Shapes The World || US , China deepen media row as Donald Trump revokes Xinhua journalist visa || Manila Bulletin - Marcos wraps up  highly productive  Japan visit with new strategic , economic deals || After China orders a New York Times reporter to leave the country , the U . S . reciprocates || The Latest : Trump says hell back away from Kennedy Center overhaul after judge orders name removal | National || The war that was supposed to break Iran is breaking the global economy || US and Iran Standoff at Sea : A Test of  Who Will Blink First || 3 Magnificent Dividend Stocks Down 20 % to Buy and Hold Forever || Landlocked But Central : Ethiopia And The Return Of Corridor Geopolitics || China centralised economic model is structural weakness , not strength : Report || Bangladesh Foreign Policy Under BNP Government | BNP walks tightrope amid global shocks || China Approves 74 GM Crop Varieties : Threat to LatAm Exporters || Why India is losing weight in the MSCI Emerging Markets Index amid the global AI boom || crazy and vulgar exceptionalism caught in the diplomatic red carpet .... || Rs 3 , 500 crore mega furniture manufacturing cluster planned near Gudur in Andhra Pradesh Nellore district , ETRealty || US and China trade journalist expulsions days after Trump visits Xi in Beijing - Medicine Hat NewsMedicine Hat News || Global diversification : These mutual funds have the highest exposure to international stocks || Interview : China always an important partner in Cabo Verde development process , says Cabo Verde president - Xinhua || Chinese diplomat hints at more trade in visit with Carney || Canada says it committed to deepening ties with China as minister visits || South Africa courts Gulf money while its Iran ties unsettle investors || Duncan Garner : Nicola Willis Budget is wishful thinking - but for all our sakes , let hope she right || No AI play : Declining trend of India MSCI weight continues | Business News || Increasing Healthcare Budget Can Actually Boost Pakistan Economy || European Commission vows tougher action on trade with China || Lai takes advice from high schoolers on fighting Chinese disinformation || Gen - Z innovations take center stage in east China ancient porcelain city || Oil exports through Hormuz might not return to levels before Iran war || What to watch for in the US - Iran memo to end the war - LocalNews8 . com || Taiwan detects 16 sorties of Chinese aircraft , 8 vessels , 3 ships || US Ambassador Sergio Gor says India - US trade deal is  99 % done  and will be signed within weeks  Could not be luckier || Why Trump Hormuz Blockade may Bolster the Iranian State || Tourism and Culture Propel China Service Consumption Surge || India Ranks Fourth In AI But Lacks Capital Depth : Report || Should an industry - friendly rider in the farm bill override over 1 , 000 state laws ? || Taiwan detects 10 sorties of Chinese aircraft , 8 vessels , 4 ships || Creality Charts Next Decade as AI - Powered Consumer 3D Creative Platform , Hong Kong listing anchors the company full - stack ecosystem shift || This is the dangerous myth holding America hostage || Capitol Fax . com - Your Illinois News Radar » Question of the day || Almost 500 , 000 Russian soldiers have been killed in Putin war on Ukraine , says GCHQ || Chinese regulator asks fore more information in Kenvue - Kimberly Clark deal - report || China Economic Model : Centralization as Weakness || India 5th most digitalised economy : Report || Russia and Kazakhstan Sign 15 Agreements During Putin State Visit to Astana – NaturalNews . com || Trump making final determination on Iranian ceasefire deal | News , Sports , Jobs || White House Situation Room meeting ends with no final decision on Iran deal || Beijing Hukou Reform Is Not Welfare - Oriented || The New Monroe Doctrine : Coups and Elections . Elections and Coups . || War & AImpact : China export - price jump fastest in 3 years || China accelerates embodied AI development , strengthens dataset cooperation || Rat Virus ? Bunga Bunga  Bola ? Designer Ticks ? Dont Fear the Screamers ! || The  China Shock 2 . 0  narrative : time for clear - eyed scrutiny || Eurasia Power Struggle Revives Mackinder Geopolitics || Vietnam emerges as one of Asia Pacific most future - ready consumer markets : Visa || GOP Rep Don Bacon calls for removing Russia from UN Security Council || What to watch in the US - Iran memo to end the war || Some of the world last Maoist rebels are in India . Their decades - long rebellion is in its death throes - LocalNews8 . com || US and China trade journalist expulsions days after Trump visits Xi in Beijing – Brandon Sun || Market - friendly governance needed , not just business - friendly : Economist Nitin Desai || US and China trade journalist expulsions in tit - for - tat moves - Medicine Hat NewsMedicine Hat News || A New Chapter Is Emerging in Pakistan - China Relations || From oilfields to magnets : How the U . S . is quietly rebuilding its critical minerals backbone || Norwegian PM says China engagement vital for addressing global challenges || The  New York of the East , with direct flights from Manchester Airport that easier to visit than ever before || India Growth Is Outrunning Its Cities - BW Businessworld || Global Times  Overseas China Week  photo exhibition in Bishkek highlights China - Kyrgyzstan friendship , enhanced SCO cooperation || The Latest : Trump says hell back away from Kennedy Center overhaul after judge orders name removal || Why Does Okinawa Have So Many US Military Bases ? || Reconnecting Kalimantan : The Rivers That Built the Island"
2026-05-31,89,"Beijing space computing institute established in E - Town , with first experimental satellite targeted for launch by 2028 || Elon Musk Creates Confusion over Anthropic Deal Terms Ahead of SpaceX IPO || Voices from the Arab press : Communication is not a prerogative || International Business : China to expand digital yuan reach || SoftBank pledges to spend $87 . 5B on AI in France || Xiplomacy : Forging  ironclad friendships  in an uncertain world - Xinhua || Renewed dynamism of Chinese economy a pivotal driving force for Asian recovery , integration || Japan Can Still Compete in the AI Race , Says Former Digital Minister || China factory activity slows in May , raising questions over its economy || AP News Summary at 3 : 17 a . m . EDT - Harrison Daily || China Sees Opening For Investment In U . S . After Trump - Xi Summit || What to watch for in the US - Iran memo to end the war || Trump plans to appeal order allowing all importers that paid struck - down tariffs to seek refunds - Las Vegas Sun News || Chinese , Colombian FMs vow to step up practical cooperation || Trump plans to appeal order that allowed importers tariff refunds || Oil exports through the Strait of Hormuz might not return to levels seen before the Iran war || Exclusive : From lottery draws to fiscal spending , China broadens digital yuan footprint || China Unregulated Foreign Job Market Is Luring Thousands of Expats And Then Deporting Them || Is the Strait of Hormuz Open or Closed on May 31 , 2026 ? Latest Update on Global Shipping Route || Zhao Leji Pays an Official Goodwill Visit to Russia and Attends the 11th Meeting of the China - Russia Committee for Parliamentary Cooperation || US , China expel journalists in tit - for - tat moves || AP Business SummaryBrief at 1 : 30 a . m . EDT || Why China - Pakistan economic corridor has turned out to be a flop || Folding Beijing - Uncanny Magazine || UPSC Key : BrahMos Missile , Domestic Solar Cell Mandate , and Illegal Sand Mining in Chambal || Why is Taiwan a Flashpoint Between the U . S . and China ? || ECMA eyes digital integration , investor trust to deepen Ethiopia capital market || Editorial | One small step , one giant leap for Hong Kong space economy || China and Maritime Chokepoints : Hormuz , Malacca , and Indo - Pacific Vulnerability || Busted myth of short and swift war : Navy chief on US - Iran conflict in West Asia || 3 Myths From the Trump - Xi Summit || تراجع نشاط الصناعات التحويلية بالصين في شهر || Brazil is set to cut into China rare earths dominance || Singapore CapitaLand sheds 10 % of China staff amid downturn || China delivery drivers caught in a price war || Taiwan detects 8 PLAN vessels , 4 official ships around its territory || How do you calculate the cost of war in Iran ? || Wang Yi Has Discussions with Representatives from Various Sectors in the United States || China tightens rules on electric vehicle battery recycling as first generation batteries retire || White House Chaos : Pete Hegseth and Susie Wiles Battle Over AI Future || Europe China policy split : Pragmatism vs political securitization debate || Most Chinese provinces reach high level of human development : report || Succession of next Dalai Lama beyond Chinese control : Report || Iran demands US$300B reconstruction fund || Asian Angle | Where Southeast Asians really want to live , work and travel || Trump plan dead in the water as countries lose trust in America || Morning Briefing : May 31 , 2026 || Reining in the Pentagon : Can the Military - Industrial Beast Be Tamed ? || SoftBank to spend $87 . 5bn on AI centres in France : Son || Will Trump sideline Israel is order to make a deal with Iran ? || Brazil Is Set to Cut into China Rare Earths Dominance || China economy faces risk of recession – Shafaqna English | International Shia News & Fatwas || Cuba Bets on Solar Power as Energy Crisis Deepens || Short War  Myth Debunked : Navy Chief Admiral Tripathi Cites West Asia Crisis To Push For Naval Theatre Command || America LNG Boom Is Real But China Is Planning Beyond It || How the stress is building in real estate globally , explained in five charts || Top Green Energy Stocks To Research – May 30th || Trump plans to appeal order allowing all importers that paid struck - down tariffs to seek refunds || Pluvicto™ demonstrated consistent efficacy across key patient subgroups in metastatic hormone - sensitive prostate cancer || Donald Trump tariffs : business seek refunds , Trump plans to appeal || Canada , China Pledge Deeper Ties and Multilateralism || Dollar Falls as Stocks Rally on Iran Deal Optimism || China This Week : EU Trade Tensions , Hukou Reform , Lop Nur Expansion || ICYMI # TheTribuneOpinion : NEET gives govt a chance for course correction || Trump to appeal order allowing importers to seek tariffs refunds || China factory activity slows in May || Trump plans to appeal order allowing importers that paid tariffs to seek refunds || Opinion | US quietly plays the long game on energy dominance against China || From smart factories to embodied robots , intl visitors experience China AI boom || No , Iran and China Are Not  Winning  - The Daily Signal || Sustainable growth agenda picks up pace || Why Paris may be the most important AI city outside Silicon Valley || China factory activity worsens in warning sign for economy || China response to U . S . sanctions : Building independent chip market || East Texas could be key to developing critical lithium supply for U . S . military || AP Business SummaryBrief at 11 : 31 p . m . EDT || The silent fragmentation : The internet is quietly breaking apart , and Africa must choose its side || Ben Shapiro : No , Iran and China are not  winning || China May factory activity flat as weak demand slows growth || SHAPIRO : No , Iran and China are not  winning || SoftBank vows to spend $87 . 5 billion on AI centers in France - Companies || Chinese firm begins work on $1bn battery materials facility in Suhar || Feature : Argentine scholar praises Su Super League innovation and inclusiveness || From theory to summit diplomacy || East Texas could be the key to developing critical lithium supply for the U . S . military || Why Emmanuel Bassey Hosts Comedy Shows in Akwa Ibom || Despite looming inflationary pressures , why RBI could defer rate hikes at policy meeting this week || Economical with the truth : the campaign for the warfare state || somany : 20 months of bearish markets : One additional letter that tells you which  cheap  stocks are actually cheap"
2026-06-01,163,"China tightens outbound investment rules with eye on security || Billionaire Peter Thiel Relocates to Argentina Over Taxes and Nuclear War Fears || How Ruto administration can unleash Singapore magic || The end of a regulatory grey zone : Why China is cracking down on offshore brokerages || India faces new terror threat as non - designated modules proliferate || How China is quietly calming global oil markets || AP Business SummaryBrief at 11 : 36 p . m . EDT || The Slow Disappearance Of Cash In Europe || Summer tourism surges as agencies report steady booking growth || Middle East conflict and new global economic reset || Some of the world last Maoist rebels are in India . Their decades - long rebellion is in its death throes || From lottery draws to fiscal spending , China broadens digital yuan footprint || Queensland LNG : Our reliance on gas may help us get rich quick , but it will keep us poorer longer || Oil prices rise as U . S ., Iran trade strikes , Israel moves further into Lebanon || President Lee jae - myung marks first year with high approval || Succession Of Next Dalai Lama Beyond Chinese Control : Report » IndiaPost NewsPaper || China unveils regulation on outbound investment || Protecting Big Gains in a Volatile Stock Market || Bitcoin Hash Rate Flattens as Miners Face AI Squeeze , Fidelity Report Says – NaturalNews . com || Foreign voters in Guro seek economic revival but lack candidate awareness || South Korea export growth hits four - decade high on AI chip boom || Oil rises as US , Iran trade strikes , Israel moves further into Lebanon || Rupert Hammond - Chambers On Taiwan : Lai Faces Trump Taiwan Test || Brunson  dagger  controversy exposes US dilemma in maintaining Asian hegemony || Top leader visit boosts Việt Nam – Singapore ties , ASEAN global standing : experts || India needs a National Inference Mission to capture its share of the emerging $1 trillion AI economy || China factory activity slows in May , raising questions over its economy || China just told its tech giants to stop fighting on price and start investing in AI || Top Music Stocks To Watch Today – May 31st || Japan launches anti - dumping probes into steel imports from China , South Korea , Taiwan || China factory activity beats forecasts in May , private survey shows , despite softer official data || Pakistan Millions Spent to Mask Terror Record in US || This Isnt Ground Hog Day , Winds of Change & Hurricane Season - Top 3 | 1290 WJNO || 2026 State Of The U . S . Textile Industry || Wall Street poised to open with gains , oil jumps after US - Iran strikes || Quantum Mandates Escalate as Beijing and Shenzhen Weaponize Top - Down Economic Plans || Why China Needs High GDP Growth Rates to Avoid a Crisis || Finance Ministry reports to PM on travel ban linked to VND15 , 000 tax debt || Philippines , Vietnam to bolster security , maritime safety collaboration || Connected vehicle data  can have intelligence value  to adversaries : federal document – Brandon Sun || Two more children sand kits pulled from shelves over asbestos content || Connected vehicle data  can have intelligence value  to adversaries : federal document – Winnipeg Free Press || China state subsidies up to eight times more than OECD , report says || Global Markets : Australian shares end flat as banking losses overshadow miner gains || Japan , South Korea stocks hit more records , as oil gains on Iran war ending fragility || The United States scares me , former Commission deputy boss Vera Jourová tells Euronews || International Business : China factory activity stalls in May as demand weakens || Chagee , Red Lobster , the economy || Minerals could decide Kenya place in new global energy order || China investment - driven role in global growth is underestimated , study says || China Leads Economic Shift to Industrial  Doping , OECD Says || Global markets weigh US - Iran talks , AI - driven gains ahead of key US data || Asia strategic shift from dominance to diversity || How the US - China reset recasts the Quad - Academia || In Japan , cats are more than pets – theyre practically an economy || Internet , Artificial Intelligence and the UN : How different is AI Governance from Internet Governance ? || India brain - gain moment may be starting with a crack in the American dream || Futures Rise Despite Oil Bounce , As Nvidia Keeps AI Euphoria Going || World intelligence expo shows smart manufacturing shifting from concept to reality || China Steps Up Restrictions Over Outbound Investments Update || Digital colossus : How India is redefining global tech leadership on frugal blueprint || China factory output stalls in May as demand weakens || SoftBank Pledges $81 Billion to Build Biggest AI Facility in France || Taiwan detects 7 PLAN vessels , 4 official ships around its territory || Nvidia announces new AI chip for personal computers || Technology Stocks To Watch Today – May 31st || EU mulls changing Russian oil price cap || LNG 42 % cheaper than diesel for trucks as industry seeks ethanol - style policy push || The Pushback Against AI Is Real . What It Means For Your Personal Brand || Investor repositioning drives shift in Asia quant markets , BofA Securities conference shows || The reality of US - Israel relations Part 1 || Connected vehicle data  can have intelligence value  to adversaries : federal document || Emirates Airlines Begins Construction of $5 . 1B Aircraft Maintenance Facility in Dubai || Washington should rethink its relations with China in a changing world -- Beijing Review || People Flock To Polymarket To Wager On China XI Jinping Political Future || Serbian President Aleksandar Vucic : Trump  Much More Popular  Because He Is  Pragmatic || China issues new rules to bust  ghost  takeout deliveries || varroc engineering : Stock picks of the week : 5 stocks with consistent score improvement and upside potential of up to 27 % in 1 year || Oil prices jump as US and Iran exchange fresh strikes || Stabilizing Asia - Pacific economic , trade foundation || China ramps up digital currency adoption across sectors || HUHUTECH International Group Provides Additional Details on €13 . 9 Million European Semiconductor Contract || Germany Shut Down Its Nuclear Plants . Now It One of Europe Biggest CO2 Emitters . || CGTN : China - Africa ties at 70 : From shared struggles to a common dream of modernization || Products sold on Amazon Marketplace and TikTok shop pulled for safety reasons || Erhai forum showcases China green development drive || China Focus : China unveils regulation on outbound investment - Xinhua || Trump war is starting to strangle the global economy || Future networks will not be built on yesterday rules – POLITICO || Oil Rises 2 % as Israel Expands Lebanon Offensive || AP Business SummaryBrief at 12 : 02 a . m . EDT || Cash - strapped Pakistan spends millions to mask terror track record in US : Mahesh Sachdev || US BIS closes loophole by requiring export licenses for advanced AI chips sent to overseas subsidiaries of Chinese firms · Digg || Oil Rises as US and Iran Trade Strikes , Israel Moves Further into Lebanon || States push back against rising AI - driven electricity infrastructure costs || Economic Watch : Beyond bricks and mortar , China pivots to more people - centered investment - Xinhua || Ferrari Luce  big advantage  spotted after Lewis Hamilton breaks silence || Pakistan Freelancers Earn Over $950 Million in 10 Months || Another fintech giant gets the pink slip from Warren Buffett Berkshire || Inflation At 300 % And Stock Markets Plunging : True Cost Of Pakistan Energy Vulnerability || Dow Jones Top Markets Headlines at 1 AM ET : Stock Futures Drift Lower as Iran War Enters Fourth Month | U . S . ... || UK defends Strait naval passage - Taipei Times || US , united kingdom , Australia prepare for new  battlefield  that powers global trade , banking || The strait may reopen , but global confidence may not return || Taiwan headline news - Focus Taiwan || Promising Retail Stocks To Follow Today – May 31st || Czech PM warns EU risks following Roman Empire path to decline || Crude oil prices rise over 2 % as Israel expands Lebanon offensive || Beijing broadens digital yuan use in payments and trade || Tinubu Meets Jinping , Strengthens China , Nigeria Economic Ties || India : Demographic dividend can help weather AI job apocalypse || Global prosperity matters more than ever today || Montek Singh Ahluwalia at Idea Exchange :  FTAs with Europe , united kingdom good moves … should ensure industry doesnt put pressure to take rigid position | Idea Exchange News || The Belt & Road General Chamber of Commerce appoints Ms . Vivian Chen as President of Its Middle East Chapter || Trump plans to appeal order allowing all importers that paid struck - down tariffs to seek refunds || US Economist Urges Washington To Cooperate With China || Oil rises as US and Iran trade strikes , Israel moves further into Lebanon || Children sand toys recalled in united kingdom after asbestos found by fresh toy testing || GT Voice : China overseas investment adds opportunities to host economies || Government is now an active investor - and it why your portfolio needs  home - court advantage || Beyond rice , wheat : Why India must revive native  orphan crop for protein security || Notes from Central Taiwan :  Make a deal  is just surrender by another name || Taiwan Detects 7 PLAN Vessels , 4 Official Ships || Beyond Paper Leaks : The Deeper Crisis of NEET | Adama Srinivas Reddy || A Conversation About Artificial Intelligence ( AI ) || China expands digital yuan push at home and abroad || Philippines , Vietnam ink defense and economic deals , elevate ties || Sand containing asbestos found on online marketplaces || China shoppers are buying luxury again as stock market rebounds || China factory activity slows in May || European cloud providers back EU push to cut reliance on US tech || China factory activity flatlines in May casting doubt over the economy || Doubling down on China -- Beijing Review || Oil prices rise more than 2 % as Israel steps up incursion into Lebanon || Children sand kit toy recall : asbestos toys united kingdom pulled from sale by major retailers || China factory activity slows in May , raising questions over its economy | The Asahi Shimbun : Breaking News , Japan News and Analysis || China factory activity flat amid sluggish growth || Policy  milestone  for GBA yacht tourism || China unveils regulation on outbound investment - Xinhua || How China keeps North Korea economy alive || Ben Shapiro : No , Iran and China are not  winning || Impact of Middle East war on Hong Kong inflation  limited , says finance chief || China May factory activity flat as weak demand slows growth || Lynn de Rothschild  Inclusive Capitalism  and Epstein Accountability || Copper Tariff Trade Tightens Global Supply – NaturalNews . com || ASEAN AI hub race raises growth hopes and risks for workers , SMEs and the environment – Asia News Network || Marcos , Rubio discuss economic and security ties in call || Chinese manufacturing slows as Iran war strains economy || Canada EV : Data from electric vehicles can track people for surveillance || Nolan : The U . S . is a mining sleeping giant || Israel - Lebanon escalation lifts oil over 2 % as Hormuz uncertainty persists || Net Zero is lining Putin pockets || From openness to deterrence : Europe doctrine of reactive assertiveness || JUN KAJEE | AI spy in the boardroom : how China collects SA corporate secrets || China long march to technological supremacy || Putin imperial dream is crumbling – Winnipeg Free Press || EU mulls changing Russian oil price cap Bloomberg || Gold Waits As Global Markets Tempt The Unprepared || Netizen Voices :  Money Cant Get Out , and Neither Can People || From factory floors to AI labs , China youth navigate a job market in transition -- China Economic Net || The Caspian Sea Is Not a Substitute for Hormuz || Japan , South Korea stocks hit more records , as oil gains on Iran war ending fragility – Winnipeg Free Press || U . S . Tech Professional Exposes Chinese Enclaves , Discrimination at Facebook / Meta"
2026-06-02,211,"Interview with ABP Induction GmbH CEO Till Schreiter || Welcome to Fortune Gulf Brief , the new voice of intelligence in the Middle East || Russian lumber output rises as deteriorating sales drive inventories higher || Iran War : Iran Rug Pulls Trump by Suspending Talks Over Ceasefire Violations , Escalating with Demands to End Attacks in Gaza and West Bank , Threat to Close Hormuz and Choke Bab El - Mandab ; More on How Hormuz Traffic Will Stay Low Even if  Deal  ... || Spain defends its rejection of Trump  law of the jungle  approach to foreign policy – The Irish Times || AI Agent Economics : Token Tax Locks Gross Margins 30 Points Below SaaS Baseline || Asia factory output rises as firms stockpile buffers || South Korea , Taiwan leapfrog India , but the race was lost decades ago || AI paints a pretty infra picture - The Economic Times || Meituan posts another quarterly loss , though food delivery wars are beginning to abate || Super Power To Spare : How Battery Tech Illuminates Competition Between U . S . & China || Northern Graphite Corporation : Northern Graphite Announces First Quarter 2026 Results and Provides Corporate Update || Trade preferences for Asia - Pacific Least Developed Countries and developing economies : 2026 updates || China adds data and AI to trade secret rules to block leaks || 3 top ASX shares at 52 - week highs Id still buy || Cons Firstfund Capital Corp . Q1 Earnings Summary || China unveils regulation on outbound investment || Crispin Hull | Donald Trump Iran action is criminal . Just look at the Obama 2026 deal | The Advocate || World Insights : 65 years on , Laos - China ties yield strong , fruitful outcomes - Xinhua || Down the Rabbit Hole : Why AI means  actually Indian for Silicon Valley in 2026 || Overseas investment regulation acclaimed || Trading Day : Talks + tech = boom ! || The Worldfolio : JFE Positions Green Steel and Circular Economy at the Core of Industrial Transformation and Global Growth Strategy || Exxon VP Issues Dire Inventory Warning , Announces Move of Firm  Legal Home  to Texas || K E Raghunathan :  Job Market Is Collapsing Like Pack Of Cards || Global economic outlook hangs in balance between geopolitical headwinds and AI boost | Press Releases | Asia || Reflections on Half a Century of Progress | Opinion || Asean already facing job crunch , bloc must beef up resilience || Iowa Democrats to settle a tense Senate primary as the party looks to flip GOP seats this fall || U . S ., Japan join AI research push to counter China || How a WeChat mini - program is helping China fine - tune drone regulation || Orbital rivalry the challenge of China space power || The New York Times calls for reinstatement of China correspondent || The U . S . and Europe feared the Iran conflict would curtail the Gulf appetite for global investments . The opposite is true || USA Rare Earth Selects Cherokee County , South Carolina for New Rare Earth Metal and Magnet Manufacturing Operation || Inside The Iran Deal That May Change Nothing But Could Smash Oil Prices Anyway || Pakistan - China B2B deals : $7 . 54bn momentum boosts exports || Who is funding Irvin Jim luxury lifestyle ? || Energy autonomy , the need of the hour - The HinduBusinessLine || Cognizant CEO Ravi Kumar S .: AI is remaking middle managers into player - coaches || Experts say US targeting of Brazilian gangs is an attempt to sway election there – Winnipeg Free Press || Hainan Introduces Cross - Province Recognition for FIEs - 南海网 || On Day One of Posidonia , NZF and Strait of Hormuz Are at Center Stage || Africa digital yuan moment : A financial revolution beyond SWIFT ? || The next tech war ? Why biotech may become a new US - China battleground || Latin America seeks to build an Atlantic alliance with Europe and the US :  The region has never been so central to the world  | Economy and Business || Fortune Tech : Anthropic IPO , Alphabet equity offerings , Meta AI hijacked || Xinhua Silk Road : Malaysia to continue deepening friendly cooperation with China , says deputy president of Malaysian Senate || Innovative Marine Strategies Propel China Coastal Prosperity || China Is Closing the Door on Heavy Rare Earth Exports for Good , NioCorp CEO Warns in Fox News Op - Ed || From property to portfolios : Asia families rethink inheritance investments || Land Of The Rising Sun : Which country is the  Land of the Rising Sun  and what you need to know before visiting there || China delivery drivers are its most obvious underclass || Swiss - EU economic relations in eight charts || Jim Cramer Predicts Super Micro ( SMCI ) Will Go Up || The sodium - Ion battery revolution : Strategic opportunities for lithium - producing nations - Newsday Zimbabwe || From hiking to hotpot , lonely consumers in China fuel a $7 . 4 - billion companionship economy || Jinjiang model still shaping China growth || China Raises Childcare Handouts To Fight Plummeting Birth Rate || Analysts : U terrorist labels aid Bolsonaro | The Arkansas Democrat - Gazette || The Tar Pit of Power : How America Became Trapped by Its Own Global Dominance || Japan Launches Anti - Dumping Probes Into Steel Imports From China , South Korea , and Taiwan || New trade secret rules : China says its AI data is none of your business || Dorsey & Whitney LLP | JD Supra || World Financial Forum releases annual outlook report || The world is optimistic about AI . Americans dont share the feeling . || Beyond the lithium boom : Why sodium batteries are rising , and how Zimbabwe can stay ahead - Newsday Zimbabwe || China Technology Regulations : Chinese Wall may stem India tech flows for electronics , automobiles , ETTelecom || CFTEC , AEOTrade Co - host China - Singapore Digital Trade Roadshow at WCIFIT || Promising Green Energy Stocks To Watch Today – June 1st || Morning Market Movers : BJDX , DXST , ABTS , SBFM See Big Swings || Experts say US targeting of Brazilian gangs is an attempt to sway election there || Australia records first trade deficit in more than eight years as mining exports sink , data centre and fuel imports lift || Kospi rally is real , but Korea rerating has only begun : Shinyoung strategist || Thunes Research Reveals Cross - Border Payments Interoperability Gap as Local Innovation Stops at the Border || The China Threat to … Everything - The Daily Reckoning || Digital colossus : How India is redefining global tech leadership on frugal blueprint || Rooftop economy  breathes new life into Wuchang ancient town in C China Hubei || China Baby Bust Defies Beijing – Sri Lanka Guardian || China platform economy is an AI deployment engine . The U . S .  is still looking for its own . || Children showcase art , music at Chinese embassy cultural open day - Newsday Zimbabwe || 5 foreign stocks that could beat the S & P 500 || Editorial Roundup : United States - MyNorthwest . com || YTO Express Global Aviation Logistics Hub - YTO SKYHUB Launches First International Cargo Route || Time to Stop Forecasting China Surplus Away | Council on Foreign Relations || The Saudi narrative : A nation writing its own future || The online horrors that keep Julie Inman Grant fighting || [ Man - Ki Kim ] OPCON transfer needs economic test || How Bill Ackman And Other Iconoclasts Are Reimagining Philanthropy || Top Chinese Stocks To Watch Today – June 1st || Stock recommendations for 2 June from MarketSmith India || Canada , Netherlands inexplicably engage in naval standoffs with China || China speeds up low - carbon shift through green energy development - Xinhua || Stories of De - Dollarization and US Empire Decline || Opinion | Asia  NewSpace  economy is about more than just exploration || FY2026 NDAA Aims to Bolster Commercial Acquisition , Reduce Bid Protests , Prevent Harmful Foreign Influence in Supply Chain | Wiley Rein LLP || Beyond bricks and mortar , China pivots to more people - centered investment || Why the Long March still resonates in today China -- Beijing Review || Chinese Wall may stem India tech flows for electronics and automobile || World Insights : 65 years on , Laos - China ties yield strong , fruitful outcomes || China factory activity slows in May , raising questions over its economy - The Zimbabwe Mail China factory activity slows in May , raising questions over its economy | Zimbabwe News || Stories of High - Quality Development | Investing in people to make development more people - centered || Japan to join US AI - project  Genesis Mission  aimed at gaining advantage in tech race with China – Asia News Network || Editorial Roundup : United States || Crispin Hull | Donald Trump Iran action is criminal . Just look at the Obama 2026 deal | The Standard || Worldwide Queues for 400 - Euro Watch : Swatch CEO Explains the Hype || Iran War Effect Marks the Resetting of World Geo - Politics || How batteries muscled out gas and pushed power prices down || How To Win a Trade War ? Lose less than your opponents . || Russian elite could turn on Putin as leader walks tightrope over costly war || Luxembourg Companie Success in China Showcased at ChinaLux Event || Trump war is starting to strangle the global economy || Feature : Lecture on Chinese - backed canal project in Cambodia draws crowds of educators , students - Xinhua || Andrew Left Found Guilty in Case That Spooked Short Sellers || The European - US strategic front against China takes shape || Graphene Manufacturing Group Ltd .: GMG Applies for Additional Environmental Approvals to Produce Graphene in united states || Nvidia AI chips sought by Chinese labs with ties to military || The Digital Silk Road : Bridging Thailand and China Through E - Commerce , Fintech , and AI || Countries With Critical Minerals Seek to Capitalize on Trade Boom || From CPEC to AI : A new era in Sino - Pak ties || Youlife Announces Vocational Education Expansion Strategy || Environment forum builds consensus -- Beijing Review || China unveils regulation on outbound investment -- China Economic Net || Inside US Defense Secretary Pete Hegseth Asia visit || Robots and AI are coming . Are India garment workers ready ? || From hiking to hotpot , lonely consumers in China fuel a $7 . 4 billion companionship economy || Japan steel probes focus on Taiwan , China , S Korea || Ethical use of AI in cultural space to be a key area of focus at BRICS culture meetings || Metro mayor puts brakes on roll - out of driverless cars to West of England || Crispin Hull | Donald Trump Iran action is criminal . Just look at the Obama 2026 deal | The Examiner || Crispin Hull | Donald Trump Iran action is criminal . Just look at the Obama 2026 deal | Illawarra Mercury || VC Bill Gurley Says Anthropic Is Trying to Build an AI God || A Peptide , a Secretive Scientist , and a Debate Over Evidence || ANALYSIS | Five claims by March and March leader – and what the evidence actually shows || Driverless taxis : Uber plans to test autonomous robotaxis in Munich || Rizhao Ecological Renaissance : Transforming Bays into Tourist Havens || High Growth Tech Stocks In Asia For June 2026 || Awards Presentation Ceremony of the  27th DigiCon6 ASIA Awards - Hong Kong || tata capital : These large - caps have  strong buy  &  buy  recos and an upside potential of up to 26 % || Oil rises as US and Iran trade strikes , Israel moves further into Lebanon || Julie Inman Grant interview : Inside the life and career of Australia eSafety Commissioner || Beijing launches China first online departure tax - refund store Tuesday || Georgia positions itself as East - West travel hub as Chinese visitor numbers surge 48 % || External shocks and policy choices - The HinduBusinessLine || Despite what the united kingdom right will tell you , appeasing bond markets has actually led to instability | Andy Beckett || In a House race with Kennedy and Conway , Alex Bore A . I . stance could help him win . || Applied Materials ( AMAT ) Cant Keep Up With Demand , Says Jim Cramer || Zhipu Chairman Amasses $22 . 4 Billion Fortune As Chinese AI Model Developer Soars Almost 1 , 000 % || H - 1B Denials Would Have Broken Today Global Markets || China - Africa ties at 70 - Maurice Info - Partager et informer en toute intégralité || From hiking to hotpot , lonely consumers in China fuel a $94 . 5b companionship economy || After Taiwan , South Korea overtakes India to become world sixth largest stock market ; here why || Kazakhstan and Hong Kong Open New Chapter in Bilateral Relations || China economy starts 2026 and the new Five - Year Plan on solid footing -- Beijing Review || A Conversation About Artificial Intelligence ( AI ) || Philippines , Vietnam ink defense and economic deals , elevate ties || The Electricity Economy Is Having Its Moment  | Peak Oil News and Message Boards || Brazilian gang terrorist designation seen as U . S . political move || Taiwan detects heightened Chinese military activity around its territory || Fresenius ( FMS ) Q1 2026 Earnings Transcript || Mercer ( MERC ) Q1 2026 Earnings Call Transcript || Creality Charts Next Decade as AI - Powered Consumer 3D Creative Platform , Hong Kong listing anchors the company full - stack ecosystem shift || Doubling down on China -- Beijing Review || Bombs , Oil , And Credibility : Trump Risky Calculations On Iran – OpEd – Eurasia Review || Morning Market Movers : HKIT , ANY , NAMM , CRE See Big Swings || The World Has Only Four Great Powers and They Might Not Be Who You Think || Govt to replace WPI with Producer Price Index , new series from June 15 || SEA - H2X cable linking China and Southeast Asia is ready for service || Meituan posts another loss , but says food - delivery wars are beginning to abate || Radiant 75 - year journey of Pak - China friendship || India Strategic Gamble with Myanmar Junta : Balancing Democracy and Geopolitics || China and Pakistan Are Building a Strategic Order for a Multipolar Era || Trudy Rubin : Iran busts the myth of Trump as master of the art of the deal || Five claims by March and March leader and what the evidence shows || Oil closes up more than 4 % on halt in US - Iran talks , risk of blockades || Iowa Democrats to settle a tense Senate primary || USS Connecticut , After Crashes , Bedbugs and Polar Bear Encounters , Nears Return to Service || Global Prosperity Summit 2026 maps out Hong Kong aerospace potential as city first astronaut takes flight || Top Casino Stocks To Research – June 1st || Visits of heads of state to China show its weight in current international system || Hang Seng May Add To Its Winnings On Tuesday || From Plassey to the Indo - Pacific : Lessons for India China Strategy || How to Survive and Thrive in the AI Era ? ChinaAMC CEO Shares her thoughts || Importance of Vucic visit goes beyond diplomacy || UK Cooper dismisses  cancel culture  foreign policy on China visit || Oil rally may fuel stagflation concerns , though AI remains market key driver : Arnab Das || The critical nature of Taiwan - A shock to the global economy if the || The 8th Smart Sensor Industry Development Conference Convenes in Bengbu || Donald Trump faces a $300 b . dilemma over Iran IRGC demands || China Luxury Demand Rebound Sends Fresh Signal To Investors || China speeds up low - carbon shift through green energy development || Us Iran Peace Deal : US - Iran Nuclear Deal Prospects , Russia Tests NATO , Armenia Elections , and Morocco Industrial Rise | World News || Chinese seaport cities see soaring port economy output in 2025 - Xinhua || Hydreight Technologies Inc Q1 Earnings Summary || Türkiye , Georgia , Azerbaijan launch BTK railway at full capacity || Mandelson Says Government Wont Regret Naming Him as US Envoy - Jowhar News Leader || Transfer Pricing Documentation in China : Pitfalls and Best Practices || China  lying flat  trend stems from one ‑ child policy , one - sided manufacturing growth || An Iran deal will not patch India damaged hull || China Shares Due For Support On Tuesday || Kazakhstan headed for Chinese debt trap amid surge in borrowing || ATxEnterprise 2026 Signals Southeast Asia Shift from AI Experimentation to Enterprise Deployment || Beyond Jugaad : Why India Must Invest in Innovation for Viksit Bharat || Byron Donalds voices rare disagreement with Trump on AI policy || PM Shehbaz promises budget support for industry || Editorial Roundup : United States – Winnipeg Free Press || The Republican Midterm Platform is Smoke and Mirrors – We Begin By Debunking Their Phony Claims of Patriotism , and Law and Order || Trump Slashes Tractor Tariffs In Bid To Revive Ag Belt Optimism || China high - quality modernization brings optimism , opportunities || China Factory Activity Stalls as Iran War Tests Economic Resilience – The Yeshiva World || The Chip That Lifted a Nation – and What It Means for Your Portfolio"
2026-06-03,34,"US Must Stay Ahead of China in AI : Rubio || Here is Indias answer to a broken world order || Gold overtakes US Treasuries in global reserve shift : ECB - Canadian Mining Journal || Creality Charts Next Decade as AI - Powered Consumer 3D Creative Platform , Hong Kong listing anchors the company full - stack ecosystem shift || In the Era of  Phantom Sales , Are There No Winners in Automaker Cut - throat Competition ? || Andrew Left Found Guilty in Case That Spooked Short Sellers || The worst approval rating EVER ! || Kazakhstan , Russia Step Forward With $16 . 4 Billion Nuclear Power Plant Plan || How Europe AI strategy diverges from Silicon Valley || The Latest : Rubio says he sees indications that Iran new supreme leader is  engaged  with US talks || India AI advantage needs better articulation to global investor : Citi Vis Raghavan || Update : China hopes for sound atmosphere to boost China - UK ties , deepen cooperation : Chinese FM || Trump signs AI executive order to give government early look at new models || Down the Rabbit Hole : Why AI means  actually Indian for Silicon Valley in 2026 || Fashion  Sleepwalking  into Climate Crisis That Crushing Bangladesh || Opinion : Iran busts the myth of Trump as master dealmaker || Black Stress Relief Doll  Natasha  Sparks Widespread Outrage , And The Alleged Explanation Doesnt Help || New Zealand biggest AI opportunity isnt technology - Generate Wealth Weekly || Xizang Emerging Modern Industries -- China Economic Net || Jeremy Hunt : Politicians  need thick skins – but they have thin skins || Nepal Prime Minister Mistakes Mandate for Immunity – The Diplomat || Business delegation visits Kazakhstan to strengthen economic and trade cooperation || Trump to appeal order allowing importers that paid struck - down tariffs to seek refunds – Inside INdiana Business || The Latest : Rubio says he sees indications that Iran new supreme leader is  engaged  with US talks | National news coverage || Asia Intelligence Brief Tuesday , June 2 , 2026 || Trump signs AI safety order seeking voluntary review of new models || Lao top leader Thongloun arrives in China for five - day state visit || Trump administration proposes 25 % tariffs on Brazil despite extensive US trade surplus || Trump signs AI order seeking access to new models before release || FinancialContent - monday . com , RingCentral , and BlackLine Shares Plummet , What You Need To Know || India  3 , 400 heat death | united kingdom £100bn net - zero economy | Wildfires  costliest ever || Trump Slashes Tractor Tariffs In Bid To Revive Ag Belt Optimism || World Insights : 65 years on , Laos - China ties yield strong , fruitful outcomes || Update : China issues 5 - year plan for agricultural , rural modernization"
2026-06-21,21,"Strategic Visit of Bangladesh Prime Minister to Malaysia and China || Washington Doesnt Have the Right Teammates to Contain Beijing - The American Conservative || Taiwan detects hike in Chinese incursions around itself || The second China shock is here and it bigger , broader and more global || India Regulates Gig Workers ; China Regulates the Algorithm || China aerospace - grade super fiber goes industrial || Taiwan detects increase in Chinese incursions around itself || Soaring profits in emerging markets build the case for a raging bull market || US scholar of Myanmar detained in China was on academic visit , think tank says || China AI Manufacturing Boom Masks Weak Consumer Economy , Citi Says || How OpenAI and Anthropic IPOs could affect your retirement savings || As NEET retest looms , a look at how China runs the Gaokao || Dalal Street Week Ahead : US - Iran talks , Crude prices among 10 key factors to watch || Carney Davos language landmines litter the road to CUSMA || Editorial | Hong Kong and Shanghai extend the yuan international reach || With NEET re - exam today , here how China holds its biggest college entrance exam | Explained News || Hong Kong Overtakes Switzerland as World Top Cross - Border Wealth Hub Amid Surge of Chinese Capital – Sri Lanka Guardian || AI can improve lives , Nvidia chief says | The Arkansas Democrat - Gazette || What Will Nvidia Stock Price Be in 1 Year ? || Türkiye , China share vision for peace and stability : envoy || Canadian Stock Market Sector Breakdown by Industry"
2026-06-22,61,"Indian policy needs new batteries to reduce Chinese dependence || Total social financing data reveals China focused approach to high quality growth -- China Economic Net || Former U . S . Federal Reserve Chairman Alan Greenspan dies at 100 || China urges US , Iran to work in  same direction for positive results || Expert tells why Western AI models are better for education || New Volvo XC70 2026 review : classy PHEV dazzles with its range || The world does not need a new  Plaza Accord : Global Times editorial || The Empty Cradle : Inside China Surprising Population Contradictions || Summer bookings heat up as tourism to NW Chinese cities jumps || [ Column ] Bridging the gap between pragmatic policies of North , South Korea || Fragmented supply chains loom as trade tensions grow , warns Chinese vice - premier || Healthy lifestyle sweeps China amid weight management campaign || CKGSB Hosts 10th Economic Symposium in Beijing , Spotlighting China - ASEAN and China - Europe Economic Ties || Chinese authorities launch probe into alleged presence of formamide in baby diapers || China Shock  seen as cover of protectionism || The growth of Arab - China strategic ties || Putting down roots in China -- Beijing Review || Alan Greenspan , former U . S . Federal Reserve chairman , dies at 100 || China Holds Loan Prime Rates Steady as Weak Credit Demand Limits Case for Easing || The panda bonds : how China uses assets to boost yuan profile , cement partnerships || China tests AI tools to extend heart care as doctor shortages bite worldwide || China Starlink rival launches new fundraising round , state media says || Alan Greenspan , former Federal Reserve chairman , dies at 100 || See the global chokepoints that carry much of the world trade || India Private Investment Has Flatlined for 16 Years : J . P . Morgan Jahangir Aziz || Is the economy lagging behind ? || Former Federal Reserve chair Alan Greenspan dies at 100 || Economy of sports more than merely on - field action || Taoiseach Micheál Martin says Ireland can secure an EU capital markets deal this year || Former Federal Reserve Chairman Alan Greenspan Dies At 100 – 710am KURV || Markets on edge as US - Iran ceasefire deal leaves investors rattled by uncertainty : Seth R . Freeman || Froma Harrop : On oil , China is smarter than we are || China is counting its wins from the Iran war || Former Federal Reserve Chairman Alan Greenspan dies at 100 | Chattanooga Times Free Press || Towering figure in U . S . economic history has died || Former Federal Reserve chairman Alan Greenspan dies aged 100 || Nocil share price jump 20 % on anti - dumping boost . Do you own ? || Top Chinese Stocks To Watch Now – June 21st || Former Federal Reserve Chairman Alan Greenspan dies at 100 || PIA enhances free baggage allowances , connectivity options on Beijing routes || Europe biggest chip equipment company to US : Dont blame us for China getting ... || Beijing - Seoul cooperation should look to the future || China Expanding Spy War Against the West || EU pledges to diversify and de - risk from China || Beijing Review : Connecting through code and culture || China keeps benchmark lending rates unchanged for 13th month in June || Former U . S . Federal Reserve chair Alan Greenspan dies at 100 || China - linked syndicates circle Zim digital economy - Newsday Zimbabwe || China launches probe after media reports of contaminated diapers || Stock Market Live Updates Today : BSE Sensex opens over 300 points up , crosses 77 , 000 ; Nifty50 above 24 , 100 as US - Iran peace talks progress , oil prices slip marginally || China Holds Key Rates As Expected || An AI proxy war could reshape Congress before Congress reshapes AI || China To Allow Foreign Firms To List On Domestic Exchanges Under New Investment Push || Xinhua Headlines : Healthy lifestyle sweeps China amid weight management campaign || Alan Greenspan dies at 100 : the Fed  Maestro  who shaped America economy and its biggest crisis || China Keeps Loan Prime Rates Unchanged for 13th Straight Month as Policymakers Prioritize Credit Demand Recovery || Nvidia Stock Rises as AI Chip Export Restrictions Nixed || China launches probe into baby diaper chemical safety concerns || AI may have fueled Wall Street rally , but Jamie Dimon warns a  little tsunami  is heading for the economy || Xi Jinping Long March : The Village Roots Behind China Most Powerful Leader – Sri Lanka Guardian || vst tillers tractors : Stock picks of the week : 5 stocks with consistent score improvement and upside potential of up to 26 %"
2026-06-23,69,"Consistent performers : 6 equity mutual funds deliver over 20 % CAGR in 3 - and 5 - year horizons || How China currency makes the EU trade deficit worse – and what Brussels can do || Some Indian media outlets neednt make a fuss about Bangladeshi PM China visit : Global Times editorial || The government is at risk of killing off British car manufacturing || How Anthropic Fable 5 shutdown could help China Zhipu GLM - 5 . 2 gain ground || Best Chinese Stocks To Watch Today – June 22nd || HEATH MUCHENA | Iran war has exposed the limits of US power in the Middle East || China 618 shopping festival sees flat e - commerce sales as shoppers remain cautious || Beijing boosts tech scrutiny but repeat of 2021 crackdown is unlikely || Cheap Chinese AI models are quickly gaining customers across the US market || Zimbabwe Government Meets Chinese Construction Engineers for Mt Hampden New City Development Plans - The Zimbabwe Mail Zimbabwe Government Meets Chinese Construction Engineers for Mt Hampden New City Development Plans | Zimbabwe News || Former US Fed chair Alan Greenspan dies at 100 || China sees stronger public awareness of rule of law during 2021 - 2025 : report - Xinhua || South Korea Kospi Plunges Up To 10 % Due To Profit Booking After Strong Chip Stocks Rally || Draft amendment to law on certified public accountants stresses stricter regulation || 2026 Summer Davos shows how China  innovating at scale  can empower the world || New China dog rental trend draws warnings of animal stress from frequent handler changes || Does Trump Know About Carney Secret Policing Pact With China ? The CCP backdoor to America . by Christine Williams || Alan Greenspan , former Federal Reserve chairman , dies at 100 || Diplomatic mediation & strategic stability - Pakistan Observer || The Structural Limits of the EU China Policy – The Diplomat || Forbe Warning Of Greenspan Bubbles Before Crash Of 2008 || Apple faces fresh antitrust complaint from Chinese developers over  unfair  App Store fees || Closer industrial collaboration urged || Xinhua Commentary : Global supply chains dont thrive behind walls - Xinhua || Climate fight will not stall because certain countries drop out , China says || China new  super fuel  could help Long March rockets increase payload by 10 % || China Pivots to Domestic Demand in Five - Year Plan || Milei aligns Argentina with Trump war preparations against China || [ INTERVIEW ] How Korea can turn its chip boom into lasting strength || GSMA MWC26 Shanghai Set to Gather Global Mobile Community as Mobile is Forecasted to Add Over $2 Trillion to China Economy by 2030 || Sanctions Update : June 22 , 2026 || EU Strengthens Trade Dialogue with China Amid Critical Supply Concerns || Dalian forum to champion innovation || Wanted : Jobs , critical minerals as Zambia election nears || China AI Data Center Grid Locks Out Nvidia With $295 Billion Domestic Chip Mandate || PM China visit to open new avenues for trade , investment , technology cooperation || Bangladesh likely to buy J - 10CE fighter jet from China : Report || Former Federal Reserve Chairman Alan Greenspan dies at 100 || ECB chief reportedly calls for discussion on yuan  undervaluation ; claim unfounded : Chinese expert || ST Headstart : Are you engaged at work ? || China launches inquiry into alleged presence of formamide in infant diapers || China  caste system ? The hukou and Shi - Nong - Gong - Shang systems explained || China , Africa forge deeper ties || China Ticking Time Bomb : Why The National Pension Fund Could Run Dry By 2035 || Canada Chinese EV deal threatens U . S . trade : Automakers || Former US NSA John Bolton Slams US - Iran Deal , Says Trump Ignored Strategic Risks || Fourth China International Supply Chain Expo Opens in Beijing || Summer Davos - Chinadaily . com . cn || China Export Ban Targets Serra Verde Owner united states Rare Earth || Elon Musk Sounded the Alarm to Trump Over Taiwan Chip Issue : New Book || Brutal Tech Selloff Sends South Korea Kospi Plunging 10 % || Will China mirror Iran Hormuz blockade strategy ? || China sees stronger public awareness of rule of law during 2021 - 2025 : report || What Is An  Electrostate  And Would It Make Us More Energy Secure ? || Africa economic future goes multipolar || Morning note : economia e finanza dai giornali esteri || Chinese vice premier urges deeper reform of state - owned capital , SOEs || China Starlink rival SpaceSail launches new funding round : reports || Chinese , Myanmar leaders discuss stronger cooperation || China trading crackdown seen boosting Hong Kong as official capital hub || China launches probe after media reports of contaminated diapers || AI and tech are trying to influence the midterm elections || Xinhua Commentary : Global supply chains dont thrive behind walls -- China Economic Net || China 4th supply chain expo highlights openness , global cooperation , hailed by international participants || China Stock Market Tipped To Open Under Water || Xinhua Headlines : China expo highlights supply chain resilience amid geopolitical uncertainty || Supply chain intl integration hailed as key || Xinhua photos of the day - Xinhua"
2026-06-24,17,"Global markets trade mixed as Fed may maintain hawkish policy and tech firms need more cash || China first overreaching financial law submitted for first reading || Wang Yi Urges BRICS to Lead Global South on Fairer Order || China stages two flagship international events , underscoring openness and cooperation || China Strikes Back at the Pentagon Rare Earth Bet || Li Qiang Calls for Faster High - End Manufacturing Development || China Warns Japan Over Military Expansion Amid Reported Ukraine Drone Cooperation || Fourth China International Supply Chain Expo Opens in Beijing || Stocks Set to Open Mixed as Investors Weigh U . S .- Iran Progress , PCE Inflation Data and Fed Speak Awaited || Renting AI from foreign providers is a national security risk , warns Cohere CEO || War On Iran : – Israel , And Trump Himself , Are Hindering Conflict Solution – Moon of Alabama || Understanding the world choice of China through the Summer Davos : Global Times editorial || Beijing rolls out new action plan to boost foreign investment || Xinhua Headlines : China expo highlights supply chain resilience amid geopolitical uncertainty || Casino Stocks To Add to Your Watchlist – June 23rd || Saudi Arabia Decided Who Its Future Superpower Partner Is , And It Not the US || How a new tourist ferry from Taiwan to Japan could play a different role in times of crisis"
2026-07-05,72,"India misses top 50 as Switzerland ranks world safest country for investors in 2026 || US debt is the biggest macroeconomic risk facing America : Deutsche Bank || Allow Me To Disrupt Your Orbit : How ASAT Tests Are Choking Low Earth Orbit || 29 years after the Asian Financial Crisis : Is Asia safer today than in 1997 ? || Commodities to watch FOMC minutes next week as weak jobs data eases Fed pressure || Nepal Prime Minister Balendra Shah marks 100 days with fast change and few words || War in Ukraine : battle of perspectives || Xi says ready to work with Kim for  stable  China - North Korea ties || China , Sweden agree to strengthen cooperation , uphold multilateralism , safeguard intl order || Column : Young On Ocean Conservation & More || A Practical Bitget Wallet US Stock Tokens Guide for Traders Entering Tokenized US Stocks - 130bd691 的部落格 || PNG exports continue to support economy || China Focus : How centuries - old rule sustains ancient cypress forest in China - Xinhua || Indian envoy to China rejects comparison with Pak on West Asia mediation || India Strategic Autonomy Needs Updating , Not Abandoning – OpEd – Eurasia Review || UPSC Key : Modified UDAN Scheme , UAPA and India - Israel BIA || Chinese FM calls on Swedish business community to deepen cooperation with China - Xinhua || Cargo Ship Reports Attack Off Yemen || Farmers feeling pinch of economic downturn || Xi Says Ready to Work with Kim for  Stable  China - N . Korea Ties || Japan weighs first Iranian oil imports since 2019 , sources say || Khamenei Funeral Prayers Held Without Mojtaba ; Other Sons Attend || Nepal PM marks 100 days with fast change and few words | The Peninsula Qatar || Interview : UN official hails 1st global driverless vehicle rules , praises China role - Xinhua || America Energy Dominance : The Fruit Of Freedom On Our 250th || Nepal PM marks 100 days with fast change and few words || Cool innovation : Made - in - China appliances chill Europe heatwave || Charting the Global Economy : US hiring slows , eurozone CPI cools || Full List : Top 20 most improved container ports in the World || Iranian Insists  Service Fee Will Be Charged For Hormuz Passage || What do overseas visitors really think of Ireland ( north and south )? – The Irish News || How World Cup Ads Reflect The Shift In Global Manufacturing – Analysis || Vietnam  s economy grew an estimated 8 . 4 per cent in second quarter || America is winning : Trump hails military strength , economic gains on 250 years of US independence || How Xi Jinping steamrolls dissent with tactics from Stalin and Mao || Afghanistan Kandahar exports 182 , 381 metric tons of fruit over past year || Malatsi says Tony Leon - chaired Resolve Communications approached his office twice || Cyprus Business Now : weekly wrap - up || Chinese state councilor calls for boosting elderly care , developing cultural tourism industry || Before the exile : When Nehru kept his promise to raise Dalai Lama concerns with Zhou Enlai || Experts provide recommendations for Vietnam to follow South Korea creative economy path || Von der Leyen China  ultimatum  another symptom of EU challenge , not a solution : China Daily editorial || Dhami flags off first Kailash Mansarovar Yatra batch via Lipulekh Pass || Trump financial disclosure shows 21 , 000 trades in 2025 | Jefferson City News Tribune || America battlefield dominance is under serious threat || 7th Qingdao Multinationals Summit Closes : 57 Projects Signed , Embarking on a New Journey of  Innovation and Future || Chinese Ambassador Says Xi Jinping Governance Book Holds Key Lessons for Sri Lanka Development Path || Iran envoy to China says Beijing will get Hormuz concessions | Jefferson City News Tribune || U . S . Power Spending on Coal and Gas Set to Surpass China as Data Center Demand Drives $50 Billion Investment – NaturalNews . com || Editor Take : The Week That Was June 29 - July 4 || From space missions to sat nav - the 1 piece of tech we all rely on | Science | News || Skyroot co - founder : India aerospace industry is taking a private turn with ISRO help | Business News || UK Eyes Forced Labor Ban Within Three Years || Iran eyes Japan oil exports as buyers seek longer US waiver || US - Iran Deal Could Put Freedom Of Navigation At Risk Worldwide – Analysis || Taiwan detects hike in Chinese incursions around its territory || Molson Coors Beverage ( NYSE : TAP ) vs . Epsium Enterprise ( NASDAQ : EPSM ) Head to Head Survey || US tops the global economic chart but for how long ? Deutsche Bank flags biggest risk || pidilite : Own a good business : Volatility , Iran , Trump will all be taken care of . 7 large - cap stocks with upside potential of up to 33 % || Petrol , diesel prices today 5 July : Latest fuel rates in Delhi , Mumbai , Bengaluru , Kolkata , Hyderabad , other cities || Head to Head Comparison : Molson Coors Beverage ( NYSE : TAP ) & Epsium Enterprise ( NASDAQ : EPSM ) || Iran exploring oil sales to Japan , buyers seek longer sanctions waiver , sources say || De - Dollarization Without A Common Currency – OpEd || Marcos secures US$2 . 5B in investment commitments from Canada || CPC vitality lies in commitment to putting the people first , says Iraqi scholar || Mashatile calls for local suppliers to benefit from Chery investment || PM Modi Indonesia visit puts Indo - Pacific , defence ties in focus || Djend : Silk Road City That Minted Coins for Golden Horde || Indian envoy to China rejects comparison with Pakistan on West Asia mediation || Illuminating the Future with Our Founding Mission and Strengthening the China - Guyana Community with a Shared Future through Cooperation || Scrutinising the Unpardonable : The AUKUS Public Inquiry So Far || From Trust To Strategic Power : Malaysia And Japan As Bastions Of Asian Resilience – Analysis"
2026-07-06,127,"US beef exports to China to pick up as rivals exhaust quotas || Bahrain Business : Global investor confidence in GCC remains robust || From Salalah to Sohar : Building the GCC Home for Enhanced Oil Recovery || Hormuz , the Throat of the World || India emerging as contrarian bet as TSMC , Samsung , SK Hynix drive 72 % of EM rally : DSP Mutual Fund || America untapped rare earth source : Its trash || U . S . decides against renewing USMCA , shifting to rolling talks || US Alone Gives Notice To Withdraw From Paris Climate Accord - Not For Pittsburgh City - Agreement Remains Strong ( with Meme ) || AI spending races ahead of revenue , warns academyEX || New policies to better protect gig workers || Top Large Cap Stocks To Follow Today – July 5th || Debate heats up over air conditioning | News , Sports , Jobs || Is Trump Truly Harebrained or is He Implementing Elite Policy ? – The Greanville Post || Algeria Heads Towards New Markets With Partnership Consultations With 9 Countries ! – الشروق أونلاين || Stavian IP chief on building sustainable industrial ecosystems || Taiwan records hike in Chinese incursions around its territory || Weekend - China Wang Yi seeks closer EU business ties ahead of summit || Malatsi says Tony Leon - chaired Resolve Communications approached his office twice || Week Ahead for FX , Bonds : Fed Minutes in Focus || Iran Begins Oil Sale Talks With Japan Under U . S . Sanctions Waiver Amid Shipping Risks || South China highly interconnected Greater Bay Area drives tech innovation || People Are Predicting The  Inevitable Outcomes  Of GLP - 1s Over The Next 20 Years || Charting nation next phase of development || Every Time This Stock Dips , I Buy More || Token traffic network carriers are getting their slice of the AI revenue cake || Beijing Review : Toward a New Understanding of China Governance Model || Chinese porcelain stands as timeless envoy of cultural exchanges || Seminar in Beijing offers wisdom for Global South cooperation || FII stake in India 10 biggest stocks hits 20 - year low . Time to go against the crowd ? || Labour is out of its depth as a government – and here why || US debt is the biggest macroeconomic risk facing America : Deutsche Bank || China building more diversified , innovative financial system || US Tech Sector Pushes Back Against united kingdom Child Safety Social Media Regulations - Meta Platforms ( NASDAQ : ME || Europe heatwave highlights value of China - Europe economic , trade cooperation || Xinhua Headlines : 50 years of Yunnan - Xizang Highway : remote mountain passage transforms into world - class tourism corridor || CPC at 105 : Xi reforms reshape China rise || Sudan Proxy War : Gulf Rivalries , Resource Extraction , and the Fragmentation of a State || Tinubu reforms hurt SMEs – Daily Trust || OPEC+ To Add 188 , 000 Barrels Per Day From August Will More Supply Cool Global Crude Oil Prices ? || America turns 250 - but not everyone celebrating || Uttarakhand flags off first batch of Kailash Mansarovar Yatra 2026 with 49 pilgrims || Iran To Grant China ,  Friendly  Countries  Special Consideration  On Hormuz Fees || Open letter from Lula and Tedros : Preparing the next pandemic under capitalism || Alibaba gets reprieve on lobbying ban tied to DoD blacklist || Dr Douglas Williams : new drugs and AI will fuel biotech boom || Crash ? No Thanks : The Auto Sector Ahead of a Turnaround ! 133 % with BYD , VW , North Arrow Minerals and BMW | 2026 - 07 - 06 | Investing News || China Stock Market May Add To Its Winnings On Monday || Chery celebrates Nissan Rosslyn plant deal as Mashatile claims credit || Happy Birthday , America ! Hope You Find Your Way Back . || Von der Leyen China  ultimatum  another symptom of EU challenge , not a solution : China Daily editorial || Senator Oluremi Tinubu : Akara - econometrics || Meet common danger : Australia , Fiji seal new alliance || China , Finland agree to strengthen cooperation , jointly address challenges || Europe air - conditioner shortage sheds light on China - EU trade potential || UPSC Current Affairs Weekly | June 29 to July 5 , 2026 || China Is Restructuring Degrees . Is Zimbabwe Preparing Graduates for the Future Economy ? || E - rickshaw battery  hack and Bluetooth BMS vulnerabilities | Explained || Top Dividend Stocks To Consider – July 5th || Penn researchers say federal grant rule invites  mind - boggling  government oversight || The Imperial Presidency : How Donald Trump second term is changing the White House forever || $725 Billion Down , Trillions To Go : Why The AI Bubble Refuses To Burst || China Set to Restart Funding for Central Expressway as Revised Deal Nears Finalisation || China Nanning on top alert as Typhoon Maysak triggers catastrophic flooding | WTVB | 1590 AM · 95 . 5 FM || Universities Must Lead Regional Problem - Solving in Pakistan || BRICS expands beyond economics as security takes center stage in a fragmented world || Rethinking political parties -- Beijing Review || stove kraft : Stock picks of the week : 5 stocks with consistent score improvement and upside potential of up to 25 % || Corning Partners with AI NVIDIA Creating Jobs Instead of Replacing Them || Nigeria return to global index hits fresh hurdle || China , Finland agree to strengthen cooperation , jointly address challenges -- Beijing Review || Interview : CPC vitality lies in commitment to putting the people first , says Iraqi scholar || China proposes broader e - commerce law covering platforms and digital businesses || Clothing factory owners warn of collapse as immigrant workers leave || Marco Canada trip yields $2 . 5B in investments || Business . Scoop » Conservative Party New Policies Announcement || As tech rallies and consumer shares lag , China stock market forms microcosm for economy || America thirst for gasoline may not recover after Iran war  | Peak Oil News and Message Boards || Trump war means higher global interest rates for years to come || After 250 Years , America Is Both Glowing and Decaying || Crossed Wires : The final frontier science fiction comes to the stock exchange || Ive flown in long - haul economy on a dozen airlines . These are 3 Id recommend to anyone , and one I wouldnt book again . || The World Views India As A Bridge Between Global North And South || China faces heavy costs in invasion : think tank || Iran explores oil sales to Japan as buyers seek longer sanctions waiver || Xinhua Headlines : Cool innovation : made - in - China appliances chill Europe heatwave - 南海网 || SKNVibes | NIA Breaks Ground on Transformative Multi - Million - Dollar Airport Expansion Project || GT Voice : To attract Chinese investment to India , New Delhi could do more || Rare earths , Brazil challenges China : the new global race for the minerals of the future || 1st LD Writethru : China , Finland agree to strengthen cooperation , jointly address challenges || The united kingdom latest  debanking  scandal should give everyone pause || Gold trades near two - week high on cooling US rate - hike bets || Rethinking Development : Beyond Political Manifestos || China ready to expand cooperation with Finland in green transition , AI : Chinese FM || Safeguards in pipeline for e - commerce || NZ sharemarket up 1 . 06 %, an all - time high – Market close || Sunday Edition : America at 250 Red , White , and a Little Blue || Peter Thiel Accuses Pope Leo XIV of Acting as a  Chinese Communist Agent  Over AI Rules || Tinubu Inherited Battered Economy , Says Group || As AI races ahead , China bets on a people - centered digital future -- Beijing Review || Bitget Onchain Tokenized Stocks Trading Fees Is Gaining Momentum ; Here Is Where Crypto Traders Should Start - 链影行者 || AI experimentation moving to wider industry deployment || Xi says ready to work with Kim for  stable  China - N . Korea ties || Conservative Party New Policies Announcement || Bangladesh courts China even as ties with India improve || [ Column ] Who is the antichrist today ? || Video games are a fortune . Blame Trump and AI . || China New  Ethnic Unity  Law Sparks Fears of Tighter Curbs on Minority Rights || Europe and the life of abundance || [ Editorial ] Digital sovereignty || Russia - Ukraine war : Putin is losing , but he could take us with him says Oxford Professor Peter Frankopan || Washington China ultimatum threatens North American free trade || Long - haul economy comfort : From Emirate viral headrests to sky sleeping pods , how airlines are trying to make flying less painful for budget travellers || Transcript : NASA administrator Jared Isaacman on  Face the Nation with Margaret Brennan , July 5 , 2026 || Column : Vanguard of global majority -- Celebrating the CPC 105 years || Reshaping the Global South energy transition - Newsday Zimbabwe || Japan backs Micron AI memory push in Hiroshima || Following Weak U . S . Employment Data USD / JPY Volatility Rises || Kashag Statement on the 91st Birthday Celebration of His Holiness the Great 14th Dalai Lama || The Imperial Presidency : How Donald Trump second term is changing the White House forever - 06 - Jul - 2026 || LankaWeb – Export Economies are Slave Economies || When uneducated minds change the education system , by Owei Lakemfa || The EU that the united kingdom left no longer exists | Mujtaba Rahman || China Nanning on top alert as Typhoon Maysak triggers catastrophic flooding || China EV deliveries remain stuck in downward spiral , exacerbating industry worries || Hair in your food nightmare ? Thailand bakery just made it a menu item ; the viral  Mor Oi Croissant  is all over the internet || Dollar hits 13 - month high as foreign investors overlook worries about Trump || What does  elite mean , and why do they always rule ?"
