date,target_session_date,pred_vol_t_plus_1,pred_variance_t_plus_1,risk_reference_prior_median,risk_scale,actual_return_t_plus_1,realized_squared_return_t_plus_1,qlike,variance_squared_error,volatility_squared_error,convergence_flag,train_observations
2023-01-03,2023-01-04,0.009825433352544887,9.653914056530146e-05,,,0.0012980588776511,1.6849568498488333e-06,-9.228108416611501,8.997316168324838e-09,7.271611543507009e-05,0,242
2023-01-04,2023-01-05,0.009508195732506792,9.040578608766036e-05,,,0.0192411231153001,0.00037022081873813587,-5.216101356631726,7.829645249718669e-08,9.472987543872782e-05,0,243
2023-01-05,2023-01-06,0.010930960678464125,0.0001194859013541289,,,0.0030970642922343,9.591807230232746e-06,-8.952036533618326,1.2076711923311747e-08,6.136993259018473e-05,0,244
2023-01-06,2023-01-09,0.010626777196077557,0.000112928393575074,,,0.0080635812655478,6.502134282609345e-05,-8.512981651720674,2.295085511465397e-09,6.569973378284313e-06,0,245
2023-01-09,2023-01-10,0.01055739675652747,0.00011145862627473673,,,0.0010833576176727,1.173663727769468e-06,-9.091327061311652,1.2162772963985972e-08,8.975741760455203e-05,0,246
2023-01-10,2023-01-11,0.010236763131470279,0.00010479131940982919,0.01055739675652747,1.0,-0.0018536286839693,3.435939298033759e-06,-9.130751223377276,1.0272913077606536e-08,7.027694316487753e-05,0,247
2023-01-11,2023-01-12,0.009935320501636945,9.871059347024739e-05,0.010397079943998874,1.0,0.0019531888768996,3.814946788844321e-06,-9.184670492210081,9.005183759081686e-09,6.371442527463205e-05,0,248
2023-01-12,2023-01-13,0.009640128459092035,9.293207670779617e-05,0.010236763131470279,1.0,0.013966676413846,0.00019506805004908216,-7.184602725267373,1.0431757050371882e-08,1.871901720478572e-05,0,249
2023-01-13,2023-01-16,0.010246641331268937,0.00010499365857166884,0.010086041816553612,0.9843266188867922,0.0154843248930752,0.0002397643173943083,-6.878002997250071,1.8163130479488282e-08,2.743332909361554e-05,0,250
2023-01-16,2023-01-17,0.010901267426402718,0.00011883763150194893,0.010236763131470279,0.9390433911085404,-0.0001740139215529,3.028084489421884e-08,-9.03749762915753,1.4115186570148361e-08,0.00011507396775731268,0,251
2023-01-17,2023-01-18,0.010548052752809409,0.00011126141687605015,0.010241702231369608,0.9709566752632891,-0.0016764341607909,2.810431495466689e-06,-9.078368305244034,1.1761616230019529e-08,7.870561644224846e-05,0,252
2023-01-18,2023-01-19,0.010227713103258524,0.00010460611532256612,0.010246641331268937,1.0,0.0062030147051269,3.847739143202056e-05,-8.79747735844167,4.373008123392011e-09,1.6198197195923263e-05,0,253
2023-01-19,2023-01-20,0.010071634379913694,0.0001014378190826595,0.010241702231369608,1.0,0.0061217288787779,3.7475564465263325e-05,-8.826620854630674,4.091170015740618e-09,1.5601753467902804e-05,0,254
2023-01-20,2023-01-30,0.009919443095988972,9.839535133456329e-05,0.010236763131470279,1.0,0.0047286939410215,2.236054638785345e-05,-8.999264936513715,5.781291563284211e-09,2.694387678979552e-05,0,255
2023-01-30,2023-01-31,0.009706686191651966,9.421975682320694e-05,0.0102322381173644,1.0,-0.0106459206435448,0.00011333562634865333,-8.06699466625143,3.654164677138901e-10,8.821613556224333e-07,0,256
2023-01-31,2023-02-01,0.009920401220487634,9.841436037545254e-05,0.010227713103258524,1.0,0.0093550262699713,8.751651651185312e-05,-8.337058111121511,1.187630008753914e-10,3.1964883467134766e-07,0,257
2023-02-01,2023-02-02,0.009992179209064811,9.984364534606707e-05,0.01014967374158611,1.0,-0.0035286795246535,1.2451579187708853e-05,-9.08719435913977,7.63737322742686e-09,4.1776828170385115e-05,0,258
2023-02-02,2023-02-03,0.009724724699837617,9.457027048763183e-05,0.010071634379913694,1.0,-0.0094968981587463,9.019107463759885e-05,-8.312473660103993,1.9177356292946034e-11,5.190493282563401e-08,0,259
2023-02-03,2023-02-06,0.009825994699978248,9.655017184400062e-05,0.010031906794489252,1.0,-0.0133075873953676,0.00017709188228534663,-7.4112523566121045,6.486967120817625e-09,1.2121487696588495e-05,0,260
2023-02-06,2023-02-07,0.010288442360583905,0.00010585204620705731,0.009992179209064811,0.9712042755223951,0.0017968226750403,3.228571725538979e-06,-9.122967432826728,1.0531577514658842e-08,7.210760488391167e-05,0,261
2023-02-07,2023-02-08,0.009963390510752967,9.926915046976226e-05,0.010031906794489252,1.0,-0.0044282032663231,1.9608984167874572e-05,-9.020142190732289,6.345742095244402e-09,3.06382978308991e-05,0,262
2023-02-08,2023-02-09,0.009726321629078683,9.46013324322838e-05,0.009992179209064811,1.0,0.0133351555710642,0.0001778263741044846,-7.386094076678454,6.926407561339559e-09,1.3023682420826732e-05,0,263
2023-02-09,2023-02-10,0.010200751748135475,0.00010405533622708894,0.009977784859908889,0.9781421120980284,-0.0059608027249179,3.5531169125388664e-05,-8.829123550196345,4.695561476981742e-09,1.7977167719483664e-05,0,264
2023-02-10,2023-02-13,0.01001552451146804,0.0001003107312398171,0.009992179209064811,0.9976690883860853,0.009032920078334,8.159364514156952e-05,-8.393828941550787,3.5032931200921286e-10,9.655114720146658e-07,0,265
2023-02-13,2023-02-14,0.010039379810497968,0.00010078914697943423,0.010003851860266425,0.9964611409367745,0.0004150148572149,1.7223733170910381e-07,-9.200770989296963,1.012376250705848e-08,9.26284007539834e-05,0,266
2023-02-14,2023-02-15,0.009711177533351243,9.430696908426593e-05,0.01001552451146804,1.0,-0.0052243563605176,2.72938993816807e-05,-8.979539959550994,4.490751510963547e-09,2.0131564236988272e-05,0,267
2023-02-15,2023-02-16,0.009518582055472012,9.060340434675379e-05,0.010003851860266425,1.0,-0.007350486657103,5.402965409624924e-05,-8.712687379570847,1.337639207386282e-09,4.700637656428883e-06,0,268
2023-02-16,2023-02-17,0.009460624709325224,8.950341989069498e-05,0.009992179209064811,1.0,-0.0145130500088669,0.00021062862055987153,-6.96793123605828,1.4671314237148288e-08,2.5527001407448788e-05,0,269
2023-02-17,2023-02-20,0.010110162500314601,0.00010221538578276758,0.009977784859908889,0.9869064774773311,0.0242372295251401,0.000587443295054323,-3.4413161027136283,2.3544612393604478e-07,0.000199574022723912,0,270
2023-02-20,2023-02-21,0.01202472828920471,0.00014459409042920005,0.009992179209064811,0.8309692301351511,0.0026238743997633,6.884716865733219e-06,-8.793966021731709,1.8963871567242456e-08,8.837605385062568e-05,0,271
2023-02-21,2023-02-22,0.011582256688612015,0.00013414867000089776,0.010003851860266425,0.8637221682457167,-0.0090653002863271,8.217966928128218e-05,-8.303960448964718,2.700777035795404e-09,6.335069531003029e-06,0,272
2023-02-22,2023-02-23,0.011451517281917874,0.00013113724805806373,0.01001552451146804,0.8746024011405642,-0.0008038389831907,6.461571108970585e-07,-8.934338753427527,1.7027924816581723e-08,0.0001133730531531856,0,273
2023-02-23,2023-02-24,0.011055971322800591,0.00012223450189058905,0.010027452160983004,0.9069716145431306,-0.0104352607138934,0.00010889466616692698,-8.118702357404539,1.7795121713429072e-10,3.8528166000993713e-07,0,274
2023-02-24,2023-02-27,0.011074511348614756,0.000122644801610597,0.010039379810497968,0.9065302742909496,-0.0042468252785517,1.8035524946545725e-05,-8.859163223901765,1.0943100764176025e-08,4.661729707133309e-05,0,275
2023-02-27,2023-02-28,0.010774347236196729,0.0001160865583661401,0.010055507095205831,0.9332822559703725,0.0063155769311245,3.988651197295196e-05,-8.717581597681884,5.806447070324023e-09,1.9880632633393896e-05,0,276
2023-02-28,2023-03-01,0.010576790410735795,0.00011186849539263267,0.010071634379913694,0.9522391943864793,0.014025899739836,0.00019672586351193155,-7.339640807157921,7.200772924134203e-09,1.189635516408606e-05,0,277
2023-03-01,2023-03-02,0.01095397789248363,0.00011998963166902012,0.010090898440114147,0.9212085818648851,-0.0022317430921561,4.9806772293864705e-06,-8.986595991583137,1.3227059601297728e-08,7.607737991204464e-05,0,278
2023-03-02,2023-03-03,0.010619447695187361,0.00011277266935082016,0.010110162500314601,0.9520422144831917,0.0031061008521989,9.647862504030734e-06,-9.004585116779104,1.0634725787187627e-08,5.645038078304467e-05,0,279
2023-03-03,2023-03-06,0.010324332676630918,0.00010659184521774894,0.010155457124225038,0.9836429571096513,-0.0052284464387098,2.7336652162457186e-05,-8.890042539178518,6.2813856262315654e-09,2.5968056549833853e-05,0,280
2023-03-06,2023-03-07,0.010113353763217502,0.0001022799243399856,0.010200751748135475,1.0,-0.0147492334009182,0.00021753988591476106,-7.060890158259591,1.3284858742218714e-08,2.149138001524796e-05,0,281
2023-03-07,2023-03-08,0.010629677448080126,0.00011299004265022321,0.010157052755676488,0.9555372498636824,-0.0036471827991763,1.330194237060747e-05,-8.970484183253664,9.937717337358724e-09,4.875523152197056e-05,0,282
2023-03-08,2023-03-09,0.01034651225914269,0.00010705031592858998,0.010200751748135475,0.9859121115061344,-0.0035411188784474,1.2539522911296572e-05,-9.025074871442534,8.932289996757677e-09,4.631337906601127e-05,0,283
2023-03-09,2023-03-10,0.010077826722414062,0.00010156259144700296,0.010214232425696999,1.0,-0.0131991564404514,0.00017421773073950965,-7.479462249974386,5.278769265613549e-09,9.742699208703041e-06,0,284
2023-03-10,2023-03-13,0.010437741672114358,0.00010894645121379263,0.010200751748135475,0.9772949042596035,0.0104190725926174,0.00010855707369023105,-8.128228096399468,1.5161485585494765e-13,3.485345292637487e-10,0,285
2023-03-13,2023-03-14,0.010513435588871977,0.00011053232788135986,0.010214232425696999,0.9715408763723561,-0.0060024775544307,3.602973679144436e-05,-8.784236917843598,5.550636079111156e-09,2.0348742388490308e-05,0,286
2023-03-14,2023-03-15,0.010319352868147634,0.0001064890436173468,0.010227713103258524,0.99111962096267,0.0005519594700824,3.046592566136438e-07,-9.144607510317641,1.1275123482067912e-08,9.540197379256833e-05,0,287
2023-03-15,2023-03-16,0.010004526644148064,0.00010009055337346853,0.0102322381173644,1.0,-0.0120490225748817,0.00014517894501000884,-7.7589592528347024,2.032963060370038e-09,4.179963610786398e-06,0,288
2023-03-16,2023-03-17,0.01026275111260535,0.00010532406039928233,0.010227713103258524,0.9965859047966399,0.0049810370687416,2.481073028017791e-05,-8.922903025552138,6.482396326867887e-09,2.789650324114756e-05,0,289
2023-03-17,2023-03-20,0.010042885341419705,0.00010085954598090277,0.0102322381173644,1.0,-0.0049988075577988,2.4988076999906405e-05,-8.95403040858142,5.756479805334294e-09,2.5442720687217973e-05,0,290
2023-03-20,2023-03-21,0.009836989104647776,9.676635464495904e-05,0.010227713103258524,1.0,0.0109324370155427,0.00011951817909880819,-8.008089968768525,5.176455159787679e-10,1.2000061254840552e-06,0,291
2023-03-21,2023-03-22,0.010016029895242242,0.00010032085486238633,0.010214232425696999,1.0,0.0042747207976239,1.8273237897638312e-05,-9.024989011333327,6.731811449594006e-09,3.2962630154395143e-05,0,292
2023-03-22,2023-03-23,0.009783376288448158,9.571445160136965e-05,0.010200751748135475,1.0,0.0098650677572965,9.731956185605099e-05,-8.237371481920961,2.576378929683207e-12,6.673496082599656e-09,0,293
2023-03-23,2023-03-24,0.009880006531978321,9.761452907193428e-05,0.010157052755676488,1.0,-0.0029853210933228,8.912142030238038e-06,-9.143184872678583,7.868113466894883e-09,4.753668729800847e-05,0,294
2023-03-24,2023-03-27,0.009614888762155742,9.244608590862876e-05,0.010113353763217502,1.0,-0.0036245939629136,1.3137681395989716e-05,-9.146773119759013,6.289823026340386e-09,3.5883631781827444e-05,0,295
2023-03-27,2023-03-28,0.009377636325063655,8.794006304515337e-05,0.010111758131766051,1.0,-0.003237650403883,1.0482380137763753e-05,-9.21965593444397,5.999692641381717e-09,3.7699427112296654e-05,0,296
2023-03-28,2023-03-29,0.009136618353828185,8.347779494351004e-05,0.010110162500314601,1.0,0.0016563305954532,2.743431041434352e-06,-9.358065689180748,6.5180375146727816e-09,5.5954704948094656e-05,0,297
2023-03-29,2023-03-30,0.008863631507919712,7.856396350818707e-05,0.010093994611364333,1.0,0.0080525801616975,6.484404726056412e-05,-8.626231151011817,1.8823610184178814e-10,6.578042862088632e-07,0,298
2023-03-30,2023-03-31,0.008905811377517399,7.931347629191834e-05,0.010077826722414062,1.0,0.0030657200139255,9.39863920378337e-06,-9.323602600679475,4.888084445060453e-09,3.410666713510068e-05,0,299
2023-03-31,2023-04-03,0.008666155704499575,7.510225469463053e-05,0.010074730551163879,1.0,0.0097378402603572,9.482553293623358e-05,-8.234040987519581,3.890077045956926e-10,1.1485077872637558e-06,0,300
2023-04-03,2023-04-04,0.008876913860961315,7.879959969492711e-05,0.010071634379913694,1.0,0.0030608981045645,9.36909720652655e-06,-9.329704864452978,4.820594675791798e-09,3.3826039278656e-05,0,301
2023-04-04,2023-04-06,0.008633419265530563,7.453592821443427e-05,0.0100572598606667,1.0,-0.0015780972207043,2.490390837994636e-06,-9.470817339154427,5.190559455859962e-09,4.9777569156211433e-05,0,302
2023-04-06,2023-04-07,0.008354177654997977,6.97922842912675e-05,0.010042885341419705,1.0,0.0064818376021907,4.201421870117328e-05,-8.96799764645952,7.716209279275765e-10,3.5056572733463565e-06,0,303
2023-04-07,2023-04-10,0.008306177036703671,6.899257696506338e-05,0.010041132575958837,1.0,-0.0044895063187008,2.015566698565441e-05,-9.289369094878355,2.3850437763368953e-09,1.4566975369660551e-05,0,304
2023-04-10,2023-04-11,0.008128344408301765,6.606998281997057e-05,0.010039379810497968,1.0,-0.0011358984080491,1.2902651934084795e-06,-9.605267266566319,4.19641181577712e-09,4.88943010664495e-05,0,305
2023-04-11,2023-04-12,0.007829122087989157,6.12951526686397e-05,0.010027704852870106,1.0,-0.0006977788470651,4.868953194115002e-07,-9.691866338171383,3.697644161849965e-09,5.085605641987323e-05,0,306
2023-04-12,2023-04-13,0.007510910691659736,5.641377941808854e-05,0.010016029895242242,1.0,-0.0069334257649321,4.807239283782428e-05,-8.930657913810956,6.957873008141269e-11,3.3348884059762323e-07,0,307
2023-04-13,2023-04-14,0.007557144618881717,5.711043479069289e-05,0.010015777203355142,1.0,0.0056414942944898,3.182645787476097e-05,-9.21324450399551,6.392794886853782e-10,3.6697161653428555e-06,0,308
2023-04-14,2023-04-17,0.007472936346813571,5.584477764352736e-05,0.01001552451146804,1.0,0.0139250774019339,0.00019390778064985018,-6.3206710871180665,1.9061392799123904e-08,4.163012419516927e-05,0,309
2023-04-17,2023-04-18,0.008506457339539806,7.235981646941064e-05,0.010010025577808052,1.0,0.0030440105271925,9.266000089658762e-06,-9.405804934187396,3.9808296653618455e-09,2.9838325177723254e-05,0,310
2023-04-18,2023-04-19,0.008249521801525848,6.805460995385028e-05,0.010004526644148064,1.0,-0.009043588587822,8.178649454578431e-05,-8.393422653187395,1.885646544461951e-10,6.305420610986971e-07,0,311
2023-04-19,2023-04-20,0.008424805695675764,7.09773510098908e-05,0.009998352926606438,1.0,-0.0028017955635364,7.850058379852254e-06,-9.44255024792189,3.985055074798519e-09,3.161824294614195e-05,0,312
2023-04-20,2023-04-21,0.008160314767206968,6.659073709989612e-05,0.009992179209064811,1.0,-0.0197536620421233,0.00039020716407442283,-3.7571636515885114,1.0472759180775916e-07,0.00013440570103680994,0,313
2023-04-21,2023-04-24,0.009906363957909833,9.813604686657496e-05,0.009977784859908889,1.0,-0.0124589738429724,0.00015522602921987045,-7.647412563690151,3.2592660850995908e-09,6.515817225319134e-06,0,314
2023-04-24,2023-04-25,0.01021444460811361,0.00010433487865222119,0.009963390510752967,0.9754216595231009,-0.0050268754907244,2.5269477199245673e-05,-8.925708970116226,6.251337706920183e-09,2.6910873347690267e-05,0,315
2023-04-25,2023-04-26,0.00994488061323184,9.89006504114345e-05,0.009977784859908889,1.0,-0.0008684785761546,7.542550372395214e-07,-9.21376835183062,9.632714924947801e-09,8.238107393865986e-05,0,316
2023-04-26,2023-04-27,0.009597711941678903,9.211607451544583e-05,0.009963390510752967,1.0,0.0073456005869274,5.395784798266816e-05,-8.706701789529523,1.4560502521267775e-09,5.072005554200653e-06,0,317
2023-04-27,2023-04-28,0.009506387518847408,9.037140365849777e-05,0.009954135561992403,1.0,0.0101453815067631,0.00010292876591777072,-8.17262984215432,1.5768734691061261e-10,4.0831331659240065e-07,0,318
2023-04-28,2023-05-04,0.00963211341759019,9.277760888932096e-05,0.00994488061323184,1.0,0.0002878647651073,8.286612299028099e-08,-9.284412061387325,8.592315336516214e-09,8.73149828794283e-05,0,319
2023-05-04,2023-05-05,0.00930790732365851,8.663713874581573e-05,0.009940100557434392,1.0,-0.0033229268826155,1.1041843067208765e-05,-9.22633267606294,5.714648728736012e-09,3.5819990879667384e-05,0,320
2023-05-05,2023-05-08,0.009051382444318561,8.192752415331826e-05,0.009935320501636945,1.0,0.0113324496043315,0.00012842441403471315,-7.8421386923903444,2.161960768642562e-09,5.203267388489491e-06,0,321
2023-05-08,2023-05-09,0.00933634431558237,8.716732517910722e-05,0.00992786086106229,1.0,-0.0085977485429268,7.39212800073999e-05,-8.499642137813373,1.7545771269091078e-10,5.455237153846778e-07,0,322
2023-05-09,2023-05-10,0.00935242767201139,8.746790336020437e-05,0.009920401220487634,1.0,-0.0077286281457981,5.9731693016022574e-05,-8.66134023051419,7.692973642566973e-10,2.6367249013305035e-06,0,323
2023-05-10,2023-05-11,0.009305427837868262,8.65909872457736e-05,0.009919922158238302,1.0,-0.0015549240506653,2.4177888033373843e-06,-9.326392875955765,7.085127336029746e-09,6.007030895544746e-05,0,324
2023-05-11,2023-05-12,0.009011100939188199,8.119994013623844e-05,0.009919443095988972,1.0,-0.013344597038513,0.00017807827012028993,-7.225512286871153,9.385410820498771e-09,1.8779188442863267e-05,0,325
2023-05-12,2023-05-15,0.00950869031527958,9.041519151189168e-05,0.009912903526949401,1.0,0.0154047888918574,0.00023730752080269312,-6.6864561273343455,2.1577356404477244e-08,3.476397842472298e-05,0,326
2023-05-15,2023-05-16,0.010167827108106662,0.00010338470810034867,0.009906363957909833,0.9742852482229593,-0.0051848532243139,2.688270295767824e-05,-8.917027586051496,5.8525567908491736e-09,2.4830028726560723e-05,0,327
2023-05-16,2023-05-17,0.009920595574305273,9.841821654892536e-05,0.009912903526949401,0.9992246385513593,-0.0045450157474444,2.065716814451758e-05,-9.016392929670452,6.046780648952651e-09,2.889685847495357e-05,0,328
2023-05-17,2023-05-18,0.009669547000360455,9.350013919217987e-05,0.009919443095988972,1.0,-0.0010358453929137,1.0729756780205374e-06,-9.266071974367227,8.542780555273147e-09,7.454080344642868e-05,0,329
2023-05-18,2023-05-19,0.009356908117053413,8.755172951098004e-05,0.009912903526949401,1.0,-0.0029187640411346,8.519183527820382e-06,-9.245976173334151,6.2461433245802455e-09,4.1449699142288506e-05,0,330
2023-05-19,2023-05-22,0.009093499936802744,8.269174110063152e-05,0.009906363957909833,1.0,0.0062649705096511,3.924985548679796e-05,-8.92573815927651,1.887197425685399e-09,8.00057872026281e-06,0,331
2023-05-22,2023-05-23,0.008978487084873553,8.061323033324119e-05,0.009893185244944078,1.0,-0.0142444165689514,0.00020290340338981715,-6.908848981596593,1.4954886426207296e-08,2.7730013331280372e-05,0,332
2023-05-23,2023-05-24,0.009568695629379545,9.155993604770721e-05,0.009880006531978321,1.0,-0.0139214937568363,0.00019380798842163208,-7.181783211861116,1.0454664214260884e-08,1.8946851538391034e-05,0,333
2023-05-24,2023-05-25,0.010031906002759588,0.00010063913804820385,0.009858497818313048,0.9827143332085809,-0.00222839439053,4.9657415597455705e-06,-9.154627277981854,9.153398795637741e-09,6.089479348220201e-05,0,334
2023-05-25,2023-05-26,0.009713949322209536,9.436081143445511e-05,0.009880006531978321,1.0,0.0001168611107031,1.3656519194762193e-08,-9.268239977516313,8.901385640604134e-09,9.21041021394358e-05,0,335
2023-05-26,2023-05-29,0.009398497322785143,8.83317519263995e-05,0.009858497818313048,1.0,-0.0044268760591411,1.9597231642996633e-05,-9.11255149907704,4.724434278589519e-09,2.471701798911759e-05,0,336
2023-05-29,2023-05-30,0.009182108673990167,8.431111970096546e-05,0.009836989104647776,1.0,0.000993262322444,9.865700411868488e-07,-9.369295254152213,6.942980576004911e-09,6.705720456923097e-05,0,337
2023-05-30,2023-05-31,0.008898310064708117,7.917992200768577e-05,0.009831491902313012,1.0,-0.0102694749929246,0.00010546211663030374,-8.111857762001655,6.907537541811687e-10,1.8800932603709156e-06,0,338
2023-05-31,2023-06-01,0.009084406924827062,8.252644917584588e-05,0.009825994699978248,1.0,0.0021905468162677,4.798495354260556e-06,-9.344246780920065,6.041634805290501e-09,4.7525307196386096e-05,0,339
2023-06-01,2023-06-02,0.008820445334317325,7.780025589568028e-05,0.009825714026261569,1.0,0.0143338351997668,0.00020545883153407375,-6.820515506636726,1.6296711934023424e-08,3.0397467808440976e-05,0,340
2023-06-02,2023-06-05,0.009433541040649269,8.899169656561408e-05,0.009825433352544887,1.0,-0.0045626389806185,2.081767446745943e-05,-9.093039210099253,4.64769728903968e-09,2.3725686878411985e-05,0,341
2023-06-05,2023-06-06,0.009218839124223378,8.498699479831165e-05,0.009804404820496522,1.0,-0.0094323925605049,8.89700294154682e-05,-8.326145914092113,1.586456476146739e-11,4.560507014764653e-08,0,342
2023-06-06,2023-06-07,0.009299265769821666,8.647634385777693e-05,0.009783376288448158,1.0,-0.0049542714035985,2.4544805140513848e-05,-9.071807067180268,3.835515487887857e-09,1.8878976042511053e-05,0,343
2023-06-07,2023-06-08,0.009108070476170625,8.295694779889099e-05,0.00975484895876342,1.0,0.0081082981519133,6.574449892032062e-05,-8.60467531162294,2.9626839639739823e-10,9.995447003508945e-07,0,344
2023-06-08,2023-06-09,0.009101917607373227,8.284490413141078e-05,0.009726321629078683,1.0,0.0043124625237719,1.8597333018937108e-05,-9.174056594016756,4.127750393852362e-09,2.2938879997834594e-05,0,345
2023-06-09,2023-06-12,0.008896843774758674,7.915382915246216e-05,0.00972552316445815,1.0,0.0020127253697202,4.051063413915317e-06,-9.392937767857552,5.640425421579046e-09,4.739108621458945e-05,0,346
2023-06-12,2023-06-13,0.008637867573555991,7.461275621829006e-05,0.009724724699837617,1.0,0.0053130483742028,2.8228483026619013e-05,-9.124865867731923,2.1515007995195736e-09,1.1054422708387598e-05,0,347
2023-06-13,2023-06-14,0.008499626184686132,7.224364527940214e-05,0.009719337011023576,1.0,-0.0002303035488569,5.3039724616082534e-08,-9.534732011040424,5.2114835303667075e-09,6.838169685543771e-05,0,348
2023-06-14,2023-06-15,0.008233283599167935,6.77869588243277e-05,0.009713949322209536,1.0,0.0157856393358602,0.0002491864092418569,-5.923117884087208,3.2905760611781636e-08,5.703807717354858e-05,0,349
2023-06-15,2023-06-16,0.00913733535631485,8.349089741376144e-05,0.00971256342778039,1.0,0.0095958955840315,9.208121205963525e-05,-8.287883709082404,7.379350571511401e-11,2.1027748244354552e-07,0,350
2023-06-16,2023-06-19,0.009233712354681244,8.526144384899305e-05,0.009711177533351243,1.0,-0.0082186760002494,6.754663519707549e-05,-8.577558663235154,3.1381444557405334e-10,1.0302988008182874e-06,0,351
2023-06-19,2023-06-20,0.009220868999664076,8.502442510896596e-05,0.009708931862501605,1.0,-0.0016982493276517,2.8840507788694514e-06,-9.33865172649652,6.7470410950883775e-09,5.658980672974758e-05,0,352
2023-06-20,2023-06-21,0.008942996577046263,7.997718777706118e-05,0.009706686191651966,1.0,-0.0154620216170161,0.00023907411248507319,-6.444490309495285,2.5311831451546836e-08,4.249768747175374e-05,0,353
2023-06-21,2023-06-26,0.009647177574934641,9.306803516232182e-05,0.00968811659600621,1.0,-0.014160234414327,0.00020051223866869073,-7.127710319882409,1.1544256867118017e-08,2.036768203558615e-05,0,354
2023-06-26,2023-06-27,0.010102806331442706,0.00010206669577063881,0.009669547000360455,0.9571149523342016,0.0093349843738066,8.71419332592134e-05,-8.336109665352419,2.2274853602244944e-10,5.895505586281421e-07,0,355
2023-06-27,2023-06-28,0.010087809011821767,0.00010176389065899246,0.00968811659600621,0.9603786694070869,-0.0012047520201733,1.4514274301116474e-06,-9.17859252948643,1.0062590279045565e-08,7.890870151687471e-05,0,356
2023-06-28,2023-06-29,0.009756870784429083,9.519652750404579e-05,0.009706686191651966,0.9948564868915548,-0.0049486961917936,2.448959399867248e-05,-9.002314074681138,4.999470445733283e-09,2.3118542913265395e-05,0,357
2023-06-29,2023-06-30,0.009537901827654818,9.097157127398112e-05,0.009708931862501605,1.0,0.0053782019414086,2.892505612257124e-05,-8.987006413315319,3.849770042434135e-09,1.7303103143636793e-05,0,358
2023-06-30,2023-07-03,0.00935145727714933,8.744975320634916e-05,0.009706686191651966,1.0,0.0130390596121265,0.00017001707556858845,-7.400277449317411,6.81736272206994e-09,1.359841098092907e-05,0,359
2023-07-03,2023-07-04,0.009718748863278056,9.445407946746851e-05,0.00968811659600621,0.9968481264715473,0.001573431161031,2.4756856185033608e-06,-9.241186305222437,8.460024935035351e-09,6.634620047053926e-05,0,360
2023-07-04,2023-07-05,0.009420249214367684,8.874109526079496e-05,0.009706686191651966,1.0,-0.0077757085415597,6.046164332328448e-05,-8.648461155857095,7.997274018859655e-10,2.7045140245197358e-06,0,361
2023-07-05,2023-07-06,0.009364366571861264,8.769136129219268e-05,0.00968811659600621,1.0,-0.006758710092902,4.568016211989536e-05,-8.820767415027253,1.7649408558944352e-09,6.789445686342391e-06,0,362
2023-07-06,2023-07-07,0.009255563924876429,8.566546356747396e-05,0.009669547000360455,1.0,-0.004446799052111,1.9774021809855287e-05,-9.134232406737068,4.341682096897653e-09,2.3124219601542707e-05,0,363
2023-07-07,2023-07-10,0.009052297717160008,8.194409396010028e-05,0.009658362287647548,1.0,0.0048578784274394,2.35989828157811e-05,-9.121484505532164,3.4041519944429583e-09,1.7593153177980326e-05,0,364
2023-07-10,2023-07-11,0.008875730937811126,7.877859968041757e-05,0.009647177574934641,1.0,0.0065233799135857,4.255448549697338e-05,-8.908690933461424,1.3121864483752027e-09,5.533555341174408e-06,0,365
2023-07-11,2023-07-12,0.00878764588656119,7.722272022759578e-05,0.009643653017013337,1.0,-0.0067549164980506,4.5628896895636174e-05,-8.877942849780547,9.981696727310754e-10,4.131988766914636e-06,0,366
2023-07-12,2023-07-13,0.008717894320245093,7.600168137896166e-05,0.009640128459092035,1.0,0.0142035439301022,0.00020174066017434304,-6.830331448695935,1.581029078850537e-08,3.009235164212542e-05,0,367
2023-07-13,2023-07-14,0.0092906677845079,8.631650788209294e-05,0.009636120938341111,1.0,0.0001744144296452,3.0420393268460416e-08,-9.357137264870703,7.445288894129072e-09,8.310607523004542e-05,0,368
2023-07-14,2023-07-17,0.009005505862580662,8.109913584097468e-05,0.00963211341759019,1.0,-0.0082227838872064,6.761417485570119e-05,-8.586115745290492,1.8184417277434814e-10,6.126536907337874e-07,0,369
2023-07-17,2023-07-18,0.009008434609519262,8.115189411398447e-05,0.009623501089872966,1.0,-0.0031675306944741,1.0033250700435575e-05,-9.29555247641666,5.057861440983521e-09,3.411615854478991e-05,0,370
2023-07-18,2023-07-19,0.008777592226565399,7.704612529586133e-05,0.009614888762155742,1.0,-0.0010563458944523,1.1158666487262297e-06,-9.456623186790214,5.765404178220834e-09,5.961764492116999e-05,0,371
2023-07-19,2023-07-20,0.008519484521226044,7.258161650741016e-05,0.009606300351917323,1.0,-0.0070831718399366,5.0171323314070847e-05,-8.83955879177114,5.022212410114304e-10,2.0629941184328707e-06,0,372
2023-07-20,2023-07-21,0.008486558705372842,7.202167865973956e-05,0.009597711941678903,1.0,-0.0004656272973109,2.1680878000105327e-07,-9.535533065102287,5.155939338446178e-09,6.433534065283453e-05,0,373
2023-07-21,2023-07-24,0.008232164601811719,6.77685340313219e-05,0.009583203785529223,1.0,-0.0043764893582617,1.9153659102977906e-05,-9.316779053759044,2.363406064298529e-09,1.4866231583724499e-05,0,374
2023-07-24,2023-07-25,0.008073124582398615,6.517534052292881e-05,0.009568695629379545,1.0,0.0284721720121467,0.0008106645790892699,2.7997807315917704,5.557542048182232e-07,0.00041612113604111206,0,375
2023-07-25,2023-07-26,0.01092628710073763,0.00011938374980774552,0.009553298728517182,0.874340811333087,-0.0020736047357874,4.299836600279932e-06,-8.9971505313424,1.3244307079143473e-08,7.836998505470081e-05,0,376
2023-07-26,2023-07-27,0.010575154653527456,0.00011183389594602341,0.009568695629379545,0.9048279616589631,-0.0011934398089223,1.4242985775204957e-06,-9.085760019668186,1.2190279191074925e-08,8.801657342548474e-05,0,377
2023-07-27,2023-07-28,0.010249061394403798,0.00010504325946625832,0.009583203785529223,0.935032332888732,0.0228987762423575,0.0005243539533975563,-4.169347714867387,1.7582145804514663e-07,0.0001600152857345404,0,378
2023-07-28,2023-07-31,0.011571588051592726,0.00013390165003576354,0.009597711941678903,0.8294204649255436,0.0054674767196564,2.989330167998471e-05,-8.695156787432378,1.0817736527697041e-08,3.726017515267346e-05,0,379
2023-07-31,2023-08-01,0.011257030968137294,0.00012672074621760207,0.009606300351917323,0.8533600359728674,-0.0041509526531156,1.723040792840744e-05,-8.83755325711172,1.198813417868228e-08,5.0496349019221556e-05,0,380
2023-08-01,2023-08-02,0.010936623164610162,0.00011960972624468758,0.009614888762155742,0.8791460231772982,-0.0070533306132319,4.974947273955429e-05,-8.615344730363967,4.880455019801489e-09,1.507996103958989e-05,0,381
2023-08-02,2023-08-03,0.010743231474261348,0.00011541702250955966,0.009623501089872966,0.8957734097909895,0.0087976812850745,7.739919599375011e-05,-8.396354021279425,1.445355132986191e-09,3.7851655386449782e-06,0,382
2023-08-03,2023-08-04,0.01064939161753865,0.00011340954182370247,0.00963211341759019,0.9044754633426111,0.0038875840806866,1.5113309984407877e-05,-8.951241901825421,9.66214919380435e-09,4.5722041165429186e-05,0,383
2023-08-04,2023-08-07,0.01037731031353671,0.00010768856934343536,0.009636120938341111,0.928575964984997,-0.0075973466506392,5.771967612997867e-05,-8.600280086611509,2.4968902889778375e-09,7.728197967030536e-06,0,384
2023-08-07,2023-08-08,0.010254608349989303,0.00010515699241167035,0.009640128459092035,0.940077683132783,-0.0026148463809142,6.83742159578009e-06,-9.095035075018787,9.66673800542086e-09,5.83659629441263e-05,0,385
2023-08-08,2023-08-09,0.009986058716341563,9.972136868622131e-05,0.009643653017013337,0.9657116276747001,-0.0030601611841621,9.364586473052387e-06,-9.119223053621477,8.16434809191804e-09,4.796805662624958e-05,0,386
2023-08-09,2023-08-10,0.009742250406754667,9.491144298791148e-05,0.009647177574934641,0.9902411837254657,0.0020520471643112,4.210897564557637e-06,-9.218199685054206,8.226588940093874e-09,5.9139225910088024e-05,0,387
2023-08-10,2023-08-11,0.00949534970739215,9.016166606567219e-05,0.009658362287647548,1.0,-0.0232759487893596,0.0005417697920448906,-3.305035525388986,2.0394989945046162e-07,0.0001899049110579221,0,388
2023-08-11,2023-08-14,0.0108951777833728,0.00011870489893130023,0.009647177574934641,0.8854538922400386,-0.0073228787630248,5.3624553377959626e-05,-8.587123226594384,4.23545137734222e-09,1.2761320290779276e-05,0,389
2023-08-14,2023-08-15,0.01072444445019768,0.00011501370876537584,0.009658362287647548,0.9005932505407791,-0.0024329933000819,5.919456398243414e-06,-9.018991831408819,1.1901555899543579e-08,6.87481621747563e-05,0,390
2023-08-15,2023-08-16,0.010431864521510088,0.0001088237973951409,0.009669547000360455,0.926924135222638,-0.0073608886711294,5.418268202876114e-05,-8.62788683154932,2.9856514884820216e-09,9.430892673621389e-06,0,391
2023-08-16,2023-08-17,0.01029973396865389,0.0001060845198250428,0.00968811659600621,0.9406181388267822,0.0033388139673115,1.1147678708314358e-05,-9.046191433107293,9.01300380122294e-09,4.845440726508854e-05,0,392
2023-08-17,2023-08-18,0.010051869355957583,0.0001010400775492391,0.009706686191651966,0.9656598039546712,-0.0123703170334168,0.0001530247435072418,-7.685497805095466,2.702405494765125e-09,5.375199633116036e-06,0,393
2023-08-18,2023-08-21,0.010236395990709843,0.00010478380287862055,0.009708931862501605,0.9484716956351685,-0.0144913869585145,0.00021000029598140414,-7.159481988989802,1.1070510420848106e-08,1.810494813609922e-05,0,394
2023-08-21,2023-08-22,0.0105657543983082,0.00011163516600536909,0.009711177533351243,0.9191182349370346,0.0076578376547728,5.864247754685618e-05,-8.574969748654151,2.808225030061008e-09,8.455979787333529e-06,0,395
2023-08-22,2023-08-23,0.01043699212202569,0.00010893080455522633,0.00971256342778039,0.9305902806310925,-0.0165265080867231,0.000273125469540524,-6.617467740554417,2.6959888009634135e-08,3.7082204684304616e-05,0,396
2023-08-23,2023-08-24,0.010919935382899846,0.00011924498876670801,0.009713949322209536,0.889561062551814,0.0072236926760993,5.2181735878730666e-05,-8.596729371917052,4.497479887916802e-09,1.3662210147576226e-05,0,397
2023-08-24,2023-08-25,0.010746963453731957,0.0001154972234758503,0.009716349092743796,0.9041018083456613,-0.0038425466178746,1.4765164510539528e-05,-8.938424072124928,1.0146947703390845e-08,4.767097184327051e-05,0,398
2023-08-25,2023-08-28,0.010482801890698966,0.00010988913547964182,0.009718748863278056,0.9271136633709707,0.0116515228376605,0.00013575798443652418,-7.880629946771873,6.691973463539937e-10,1.3659086518666632e-06,0,399
2023-08-28,2023-08-29,0.010577830450264381,0.00011189049703454036,0.009721736781557837,0.9190671780256086,0.0099407797248037,9.881910153706832e-05,-8.214812976894992,1.7086138025133222e-10,4.0583362680998023e-07,0,400
2023-08-29,2023-08-30,0.010561859557158557,0.00011155287730514154,0.009724724699837617,0.920739823059515,-0.0004222404669376,1.782870119196825e-07,-9.099413614841342,1.240429936298303e-08,0.00010281187529477325,0,401
2023-08-30,2023-08-31,0.01026996132143942,0.0001054721055438617,0.00972552316445815,0.9469873215739666,-0.006153230124916,3.786224097017378e-05,-8.798085326927406,4.571093787672421e-09,1.6947475744429144e-05,0,402
2023-08-31,2023-09-01,0.010104405031029495,0.00010209900103109418,0.009726321629078683,0.9625823192172364,0.006939509848802,4.815679694161996e-05,-8.717899956700082,2.9097613820304894e-09,1.0016561514486811e-05,0,403
2023-09-01,2023-09-04,0.00997962825052745,9.959298001872557e-05,0.009734286017916675,0.9754156942070654,0.0150413021533151,0.00022624077046732146,-6.9427650880955145,1.603966282551145e-08,2.5620542698161555e-05,0,404
2023-09-04,2023-09-05,0.010375930127483607,0.00010765992601042198,0.009742250406754667,0.9389279117203712,-0.0074661950866077,5.574406907128497e-05,-8.618753944070315,2.695256201724941e-09,8.466558008101116e-06,0,405
2023-09-05,2023-09-06,0.0102542794977199,0.00010515024801735868,0.009749560595591875,0.9507796815719474,-0.0021723330979485,4.719031088442527e-06,-9.115241362665268,1.0086429333823015e-08,6.531785760877788e-05,0,406
2023-09-06,2023-09-07,0.00999469219398119,9.989387205242853e-05,0.009756870784429083,0.9762052292420448,-0.0141498959497084,0.00020021955538757416,-7.207079514587315,1.0065242736663918e-08,1.726571825160951e-05,0,407
2023-09-07,2023-09-08,0.010314116344066822,0.00010638099595894635,0.009770123536438621,0.9472574489678768,-0.0049290220697804,2.429525856438226e-05,-8.920103919375107,6.738068283609336e-09,2.8999240342952403e-05,0,408
2023-09-08,2023-09-11,0.01010758014509851,0.0001021631763895896,0.009783376288448158,0.9679246810813003,0.0073393309561839,5.386577888439928e-05,-8.661686864783377,2.332638605774364e-09,7.663203571926392e-06,0,409
2023-09-11,2023-09-12,0.009999493008681333,9.998986043066687e-05,0.009804404820496522,0.980490192051193,-0.0018437494430212,3.3994120086409854e-06,-9.176444205517088,9.329714726368041e-09,6.651615310880666e-05,0,410
2023-09-12,2023-09-13,0.00975042066814421,9.507070320577377e-05,0.009825433352544887,1.0,-0.006389031036526,4.0819717585692496e-05,-8.831528011137168,2.9431694407502655e-09,1.1298940255550402e-05,0,411
2023-09-13,2023-09-14,0.009626950306429795,9.267817220246872e-05,0.009804404820496522,1.0,-0.0008406781608238,7.067397700860869e-07,-9.278751838839867,8.458744383664325e-09,7.719857821665178e-05,0,412
2023-09-14,2023-09-15,0.009386777477834823,8.811159141838708e-05,0.009783376288448158,1.0,-0.0066458283729418,4.4167034762598256e-05,-8.8356439833038,1.9311240596738337e-09,7.512801995613862e-06,0,413
2023-09-15,2023-09-18,0.009295356410053678,8.6403650789926e-05,0.009770123536438621,1.0,0.0050911225290529,2.5919528605829993e-05,-9.05649876007274,3.6583290363806543e-09,1.7675582526154866e-05,0,414
2023-09-18,2023-09-19,0.009150253297819795,8.372713541426204e-05,0.009756870784429083,1.0,-0.0019360362428194,3.7482363335102585e-06,-9.343180151898553,6.396624298169078e-09,5.204492771665857e-05,0,415
2023-09-19,2023-09-20,0.008936955732853804,7.986917777098847e-05,0.009753645726286647,1.0,-0.0039885916288657,1.5908863181857535e-05,-9.235934024607468,4.090921842340596e-09,2.448630730563799e-05,0,416
2023-09-20,2023-09-21,0.00877308788230302,7.696707099061208e-05,0.00975042066814421,1.0,-0.0090131849385347,8.123750273622877e-05,-8.416648996858697,1.823658729397078e-11,5.764659641111882e-08,0,417
2023-09-21,2023-09-22,0.008850940270103542,7.833914366494056e-05,0.009746335537449437,1.0,0.0179431829486363,0.00032195781432823244,-5.3446682451725165,5.935005669574947e-08,8.266887692533255e-05,0,418
2023-09-22,2023-09-25,0.009702908980705532,9.414644268785606e-05,0.009742250406754667,1.0,-0.0065284734653101,4.262096578725807e-05,-8.81794983354583,2.654874769834057e-09,1.007704084140386e-05,0,419
2023-09-25,2023-09-26,0.009586139216951922,9.189406508678362e-05,0.009734286017916675,1.0,-0.0058616514260687,3.435895744073323e-05,-8.920976651727319,3.310288611842606e-09,1.3871809304438184e-05,0,420
2023-09-26,2023-09-27,0.009451557249015504,8.933193443141751e-05,0.009726321629078683,1.0,0.0020585963103484,4.237818768980046e-06,-9.27571251292783,7.241008520372286e-09,5.465587144065758e-05,0,421
2023-09-27,2023-09-28,0.009230530425535429,8.520269193673526e-05,0.00972552316445815,1.0,-0.0029715773650674,8.830272036580911e-06,-9.266839113064085,5.832746521405493e-09,3.917449341314211e-05,0,422
2023-09-28,2023-10-09,0.009033770239801113,8.160900474551626e-05,0.009724724699837617,1.0,-0.0012991153469638,1.6877006847168742e-06,-9.392890625499543,6.387414842778749e-09,5.982488631129219e-05,0,423
2023-10-09,2023-10-10,0.00882091084825003,7.780846819277507e-05,0.009721736781557837,1.0,-0.0075185661443291,5.6528836866651747e-05,-8.734747631286679,4.5282270937572924e-10,1.6961017278308965e-06,0,424
2023-10-10,2023-10-11,0.008806653391756139,7.75571439625299e-05,0.009718748863278056,1.0,0.0028451774082108,8.095034484193126e-06,-9.36012045408122,4.8249846531804435e-09,3.5539195902387865e-05,0,425
2023-10-11,2023-10-12,0.008623258098609718,7.436058023523808e-05,0.009716349092743796,1.0,0.009451991893926,8.934015076284282e-05,-8.305139545796013,2.2438753319148456e-10,6.867997034993312e-07,0,426
2023-10-12,2023-10-13,0.008739143436740721,7.637262800792842e-05,0.009713949322209536,1.0,-0.010581448456261,0.0001119670514325083,-8.013823626333084,1.2669629789282806e-09,3.3940877849496137e-06,0,427
2023-10-13,2023-10-16,0.008921186362156592,7.958756610832878e-05,0.00971256342778039,1.0,-0.0100988374071116,0.00010198651697527656,-8.157214864970868,5.017129999399409e-10,1.3868619836836234e-06,0,428
2023-10-16,2023-10-17,0.009050924330599513,8.191923123823825e-05,0.009711177533351243,1.0,0.0035232626592171,1.241337976583355e-05,-9.258244844275332,4.831063388903983e-09,3.055504355327021e-05,0,429
2023-10-17,2023-10-18,0.00887047239753813,7.868528055548586e-05,0.009708931862501605,1.0,-0.007950408637481,6.320899750293248e-05,-8.646740324784005,2.395153371227512e-10,8.465173225704652e-07,0,430
2023-10-18,2023-10-19,0.008873168299375659,7.873311566904512e-05,0.009706686191651966,1.0,-0.0215682229540811,0.0004651882413969509,-3.541027645864153,1.4934756420137144e-07,0.0001611644126859583,0,431
2023-10-19,2023-10-20,0.01014260036596751,0.00010287234218372425,0.009704797586178749,0.9568352528945373,-0.0065160867853149,4.245938699375546e-05,-8.769283129814884,3.649725154785177e-09,1.3151600750657813e-05,0,432
2023-10-20,2023-10-23,0.009989885566990287,9.979781364156084e-05,0.009706686191651966,0.9716513894539393,-0.010408364458778,0.00010833405070675304,-8.126828970902828,7.286734323316111e-11,1.7512458287187242e-07,0,433
2023-10-23,2023-10-24,0.010043887968330632,0.00010087968552037684,0.009708931862501605,0.9666507524889588,0.0037032982678892,1.3714418060951147e-05,-9.06563372025491,7.597783851273216e-09,4.020307774934398e-05,0,434
2023-10-24,2023-10-25,0.009815537204244813,9.634477060791408e-05,0.009711177533351243,0.9893679104136615,0.0049573946674452,2.4575761888814107e-05,-8.992496009231315,5.1507906125222476e-09,2.3601548907861777e-05,0,435
2023-10-25,2023-10-26,0.00963570273996341,9.284676729293836e-05,0.00971256342778039,1.0,0.0027583866120539,7.6086967015581925e-06,-9.20261111986696,7.265528678141109e-09,4.7297477123204245e-05,0,436
2023-10-26,2023-10-27,0.009416450840829305,8.866954643775494e-05,0.009711177533351243,1.0,0.0136368383163376,0.0001859633592659333,-7.233331056427049,9.466086014644607e-09,1.781167044342728e-05,0,437
2023-10-27,2023-10-30,0.009748713872002358,9.503742215817122e-05,0.009708931862501605,0.9959192556040645,0.0059836510212189,3.580407954373399e-05,-8.8845031817857,3.5085888772793055e-09,1.417569827034966e-05,0,438
2023-10-30,2023-10-31,0.009607525752167893,9.230455107856923e-05,0.009711177533351243,1.0,-0.0031468889680752,9.902910177393396e-06,-9.183131932376469,6.790030423206335e-09,4.1739827655971564e-05,0,439
2023-10-31,2023-11-01,0.009397837811255152,8.831935552665703e-05,0.009708931862501605,1.0,-0.0004143603930756,1.7169453534976575e-07,-9.332607253146946,7.770010138238433e-09,8.070286652294194e-05,0,440
2023-11-01,2023-11-02,0.009169829218180223,8.408576789059172e-05,0.009706686191651966,1.0,-0.0047268803925279,2.2343398245264714e-05,-9.117951711446025,3.812120209420198e-09,1.9739794267365354e-05,0,441
2023-11-02,2023-11-03,0.009022562399404839,8.1406632251154e-05,0.009704797586178749,1.0,0.0083913676571482,7.041505115743289e-05,-8.551074518635108,1.2081485493984754e-10,3.984068026524236e-07,0,442
2023-11-03,2023-11-06,0.009037058347973598,8.16684235846793e-05,0.009702908980705532,1.0,0.0134328413288515,0.00018044122616610095,-7.20340625324136,9.756066529788494e-09,1.9322908014975816e-05,0,443
2023-11-06,2023-11-07,0.009392521212968422,8.821945473606178e-05,0.009686227990532995,1.0,-0.0035436728813098,1.25576174897305e-05,-9.193337826336435,5.724713615490324e-09,3.420902680674583e-05,0,444
2023-11-07,2023-11-08,0.009202217973712118,8.468081563571036e-05,0.009669547000360455,1.0,-0.0024035979780234,5.777283239958177e-06,-9.308397252160244,6.225767424527515e-09,4.622123384577846e-05,0,445
2023-11-08,2023-11-09,0.009000399979778714,8.100719979600067e-05,0.009658362287647548,1.0,0.0004872714281269,2.3743344466882865e-07,-9.418041504304364,6.523755156448737e-09,7.247335773694933e-05,0,446
2023-11-09,2023-11-10,0.008789254475706061,7.725099423871903e-05,0.009647177574934641,1.0,-0.0073173904005987,5.3544202274774005e-05,-8.775330860562573,5.620119852217684e-10,2.1663838555916475e-06,0,447
2023-11-10,2023-11-13,0.008764264224997487,7.681232740557079e-05,0.009643653017013337,1.0,-0.0019760259852245,3.904678694282455e-06,-9.423311406624007,5.315525240608624e-09,4.608017839991625e-05,0,448
2023-11-13,2023-11-14,0.008573127457414401,7.349851440107272e-05,0.009640128459092035,1.0,0.0007400715554075,5.477059071232763e-07,-9.510793432510601,5.321820459920886e-09,6.135676476396515e-05,0,449
2023-11-14,2023-11-15,0.008375833022601704,7.01545788225052e-05,0.009637915599527723,1.0,0.0070076552782343,4.910723249856505e-05,-8.864823346435431,4.429907872798773e-10,1.8719103401822788e-06,0,450
2023-11-15,2023-11-16,0.00836147893866626,6.991433004175943e-05,0.00963570273996341,1.0,-0.0097192673847488,9.446415849624179e-05,-8.21709833999741,6.026940771445115e-10,1.8435894643152416e-06,0,451
2023-11-16,2023-11-17,0.00851039702182699,7.24268574691217e-05,0.0096339080787768,1.0,-0.0012016084510823,1.4438628697124042e-06,-9.512997905775753,5.038585522299769e-09,5.34183903718482e-05,0,452
2023-11-17,2023-11-20,0.008316192595069466,6.915905927828822e-05,0.00963211341759019,1.0,0.002309505406899,5.333815224495716e-06,-9.501977615938982,4.073661778526174e-09,3.6080290976531214e-05,0,453
2023-11-20,2023-11-21,0.008141040063925098,6.627653332243357e-05,0.009629531862009991,1.0,0.0013272996713465,1.7617244175565269e-06,-9.595093249555848,4.162160568032802e-09,4.642705813745716e-05,0,454
2023-11-21,2023-11-22,0.00795560477357985,6.329164731340649e-05,0.009626950306429795,1.0,-0.0102871025585683,0.00010582447905050247,-7.995743844671306,1.8090417755761188e-09,5.435881921406054e-06,0,455
2023-11-22,2023-11-23,0.00819034371667111,6.708173019721394e-05,0.009620919534292768,1.0,0.0048128841528295,2.3163853868557333e-05,-9.264290891244396,1.9287798612191764e-09,1.1407233105385163e-05,0,456
2023-11-23,2023-11-24,0.008085808448485013,6.538029826559161e-05,0.009614888762155742,1.0,-0.0066229978426798,4.386410042414129e-05,-8.964382584619017,4.6294676955243157e-10,2.139814868456213e-06,0,457
2023-11-24,2023-11-27,0.008066311763068927,6.506538545902414e-05,0.009611207257161816,1.0,-0.0073958308447517,5.469831388418064e-05,-8.799450994383797,1.0747617303792814e-10,4.4954466182751223e-07,0,458
2023-11-27,2023-11-28,0.008089792433665328,6.544474161978879e-05,0.009607525752167893,1.0,0.0018718553042825,3.5038422801705305e-06,-9.580765467948606,3.836675011000722e-09,3.8662742144957566e-05,0,459
2023-11-28,2023-11-29,0.007909334816478044,6.255757723915177e-05,0.009602618846923398,1.0,-0.0086230684044832,7.435730870839643e-05,-8.490801251252009,1.392336627462827e-10,5.094156346467139e-07,0,460
2023-11-29,2023-11-30,0.008022105903865623,6.435418313283568e-05,0.009597711941678903,1.0,0.0022592861506749,5.104373910631407e-06,-9.571791726262376,3.5105398928676026e-09,3.3210091507765174e-05,0,461
2023-11-30,2023-12-01,0.007847904930084075,6.158961179163794e-05,0.009591925579315413,1.0,-0.0038171266623113,1.4570455956127807e-05,-9.458444069824592,2.210801015483986e-09,1.6247173443949292e-05,0,462
2023-12-01,2023-12-04,0.00771710679269998,5.955373724993617e-05,0.009586139216951922,1.0,-0.0065504870538384,4.290888064250448e-05,-9.00812457180729,2.7705125148196254e-10,1.3610016151014616e-06,0,463
2023-12-04,2023-12-05,0.007712517976122938,5.948293353201946e-05,0.009577417423165733,1.0,-0.0192232810259376,0.0003695345334021726,-3.51737476637295,9.613199458204156e-08,0.00013249766598897857,0,464
2023-12-05,2023-12-06,0.008962383500830357,8.03243180159562e-05,0.009568695629379545,1.0,0.0015720079894752,2.4712091189738604e-06,-9.398672751455457,6.061106564925392e-09,5.4617650198838e-05,0,465
2023-12-06,2023-12-07,0.00874305192028721,7.644095688083785e-05,0.009553298728517182,1.0,-0.0024503463948441,6.004197454725478e-06,-9.400445056467856,4.96133707845203e-09,3.959814282994224e-05,0,466
2023-12-07,2023-12-08,0.008548293037764547,7.307331385949382e-05,0.009537901827654818,1.0,0.0024091642314216,5.804072293961228e-06,-9.444619251265454,4.525150860801979e-09,3.7688902500869775e-05,0,467
2023-12-08,2023-12-11,0.008362911336888615,6.993828602866011e-05,0.009528241941563414,1.0,0.0058631239494358,3.437622244644766e-05,-9.076375101005562,1.2646603662253214e-09,6.248936982468168e-06,0,468
2023-12-11,2023-12-12,0.008289115879735933,6.87094420676904e-05,0.009518582055472012,1.0,0.0021471616794043,4.610303277502294e-06,-9.518525388613167,4.108699593643798e-09,3.772360139897139e-05,0,469
2023-12-12,2023-12-13,0.008109462297463822,6.576337875398721e-05,0.009513636185375797,1.0,-0.0168298704433351,0.00028324453913944445,-5.322422082344497,4.729805512260498e-08,7.604551823057817e-05,0,470
2023-12-13,2023-12-14,0.008932421821445933,7.978815959624349e-05,0.00950869031527958,1.0,-0.0052517612900053,2.758099664719813e-05,-9.09045762581635,2.725587863188175e-09,1.3547261947704846e-05,0,471
2023-12-14,2023-12-15,0.008801853886923876,7.747263184675696e-05,0.009508443023893186,1.0,-0.0031104781775557,9.675074493050229e-06,-9.340702049417628,4.596508783129153e-09,3.239175746518612e-05,0,472
2023-12-15,2023-12-18,0.008619968212443395,7.430385198353458e-05,0.009508195732506792,1.0,-0.0036516742922245,1.3334725136493303e-05,-9.327885666332945,3.7172344284906097e-09,2.468394447768403e-05,0,473
2023-12-18,2023-12-19,0.00846016024093966,7.157431130237621e-05,0.0095072916256771,1.0,0.0014016849524804,1.964720706009981e-06,-9.517324247184371,4.845495102993718e-09,4.982207339779003e-05,0,474
2023-12-19,2023-12-20,0.0082682634153883,6.836417990624859e-05,0.009506387518847408,1.0,-0.0110201762477788,0.00012144428453210804,-7.8142300286617505,2.8174975070921856e-09,7.573024237075508e-06,0,475
2023-12-20,2023-12-21,0.008505058119891341,7.233601362272963e-05,0.00950086861311978,1.0,0.0100689255215009,0.00010138326115753215,-8.132628468055854,8.43742589348091e-10,2.445681249817031e-06,0,476
2023-12-21,2023-12-22,0.008650618068439897,7.483319296601881e-05,0.00949534970739215,1.0,0.0019075904466392,3.638901312109143e-06,-9.45162218038173,5.068627164101951e-09,4.5468421508367156e-05,0,477
2023-12-22,2023-12-25,0.008456060130255684,7.150495292649978e-05,0.009477987208358688,1.0,0.0030577403743757,9.349776197087246e-06,-9.414986796068183,3.863265994264506e-09,2.914185618672413e-05,0,478
2023-12-25,2023-12-26,0.008290169223093008,6.872690574751852e-05,0.009460624709325224,1.0,-0.0067923477333119,4.6135987730227305e-05,-8.914075383008424,5.10349576863973e-10,2.2434692152500975e-06,0,479
2023-12-26,2023-12-27,0.008261289174114544,6.824889881834216e-05,0.009456090979170363,1.0,0.0034738781247672,1.2067829225736079e-05,-9.415528395004168,3.156312580569247e-09,2.2919304555413036e-05,0,480
2023-12-27,2023-12-28,0.008112485071743432,6.581241403926003e-05,0.009451557249015504,1.0,0.0231623917530221,0.0005364963917204662,-1.476799434687317,2.2154340684580219e-07,0.0002264996911151963,0,481
2023-12-28,2023-12-29,0.009690742542927849,9.391049103331171e-05,0.009442549144832387,0.9743886088196008,0.0048410398897805,2.3435667214445997e-05,-9.023615213385845,4.966700792300162e-09,2.3519615823944434e-05,0,482
2023-12-29,2024-01-02,0.009504713675361381,9.033958205060165e-05,0.009451557249015504,0.994407361635346,-0.0131311788126541,0.00017242785700989595,-7.403271418968,6.738484885792703e-09,1.3151249391999502e-05,0,483
2024-01-02,2024-01-03,0.009773165186984862,9.551475777209286e-05,0.009456090979170363,0.9675566511208924,-0.0023800207845,5.664498934651996e-06,-9.196924830294341,8.07306901315512e-09,5.465858415599325e-05,0,484
2024-01-03,2024-01-04,0.00953294095932436,9.087696333396405e-05,0.009460624709325224,0.9924140671480398,-0.0092932635202246,8.636474685633734e-05,-8.355655945979132,2.0360097540965945e-11,5.7445274813418654e-08,0,485
2024-01-04,2024-01-05,0.009546050480000685,9.112707976672131e-05,0.009477987208358688,0.992870007152739,-0.0053743598659039,2.888374396823859e-05,-8.986294395004716,3.874232851322681e-09,1.740300257974321e-05,0,486
2024-01-05,2024-01-08,0.009391787336897772,8.820566938151335e-05,0.00949534970739215,1.0,-0.0130157222726448,0.00016940902627862191,-7.415225513482897,6.5939851713591885e-09,1.313290441852781e-05,0,487
2024-01-08,2024-01-09,0.009653614622338935,9.31922752766361e-05,0.009477987208358688,0.9818070825435856,0.0019578759051197,3.833278059848285e-06,-9.239712720849937,7.985030383589893e-09,5.9224394403707157e-05,0,488
2024-01-09,2024-01-10,0.009422078529110794,8.877556380873062e-05,0.00949534970739215,1.0,-0.0046791152752005,2.1894119758614647e-05,-9.082775859115943,4.4731275582287934e-09,2.2495700427943324e-05,0,489
2024-01-10,2024-01-11,0.009257958117984964,8.57097885143637e-05,0.009477987208358688,1.0,0.0056414463154256,3.182591652982908e-05,-8.99322167873114,2.903471660045714e-09,1.3079157618051179e-05,0,490
2024-01-11,2024-01-12,0.009133134893452188,8.341415298199392e-05,0.009460624709325224,1.0,-0.0034955292863075,1.2218724991433421e-05,-9.245209927177804,5.068788966759085e-09,3.1782596981709226e-05,0,491
2024-01-12,2024-01-15,0.00895836906731028,8.025237634614165e-05,0.009456090979170363,1.0,-0.0009900855176363,9.802693322331402e-07,-9.418119352134566,6.284066950424561e-09,6.349354272800495e-05,0,492
2024-01-15,2024-01-16,0.008759015806364144,7.672035789613692e-05,0.009451557249015504,1.0,0.0060652287182853,3.678699940511274e-05,-8.995848835273083,1.5946731203726528e-09,7.256488875900298e-06,0,493
2024-01-16,2024-01-17,0.008678232464041157,7.531171869993786e-05,0.009442549144832387,1.0,-0.0219918326483518,0.00048364070323311207,-3.072022916307122,1.667325596098932e-07,0.00017725194986767634,0,494
2024-01-17,2024-01-18,0.00988394242488159,9.769231785837416e-05,0.009433541040649269,0.9544309987987697,0.0140381559990198,0.00019706982385281558,-7.216437676407821,9.875888697675241e-09,1.7257490419554157e-05,0,495
2024-01-18,2024-01-19,0.01016930557763268,0.00010341477593127112,0.009442549144832387,0.9285343107007435,-0.0015127185821186,2.2883175086869075e-06,-9.154635137196657,1.0226560593094653e-08,7.493649841090348e-05,0,496
2024-01-19,2024-01-22,0.009909837739170186,9.820488401668167e-05,0.009451557249015504,0.9537549955693768,-0.0156830180725947,0.000245957055865332,-6.723924835522665,2.1830704285993095e-08,3.332961116223959e-05,0,497
2024-01-22,2024-01-23,0.010318079570958228,0.00010646276603262553,0.009456090979170363,0.9164584275726987,0.0040397957226403,1.6319949480662863e-05,-8.994422693068191,8.125727375920794e-09,3.941684808004977e-05,0,498
2024-01-23,2024-01-24,0.010089169378559734,0.00010179133874926741,0.009460624709325224,0.9377010489515405,0.0138824544320011,0.000192722541056587,-7.299275720366232,8.268483553054685e-09,1.4389011496661669e-05,0,499
2024-01-24,2024-01-25,0.010339849639325304,0.00010691249056385563,0.009477987208358688,0.916646521851854,0.0198827401099021,0.0003953233542779098,-5.445865022744206,8.318082630828673e-08,9.106675853342543e-05,0,500
2024-01-25,2024-01-26,0.011090097937809362,0.00012299027227020347,0.00949534970739215,0.8562007081127524,-0.0027258828813905,7.430437483057774e-06,-8.94299045407316,1.3354075416032409e-08,6.996009351002398e-05,0,501
2024-01-26,2024-01-29,0.01078627955294096,0.00011634382659419223,0.009500031691376766,0.8807514810597052,-0.0089970446210566,8.094681191328349e-05,-8.363205618174444,1.2529486483204688e-09,3.2013616414752313e-06,0,502
2024-01-29,2024-01-30,0.010695249957043707,0.00011438837164364341,0.009504713675361381,0.8886855111882394,-0.0179940723114415,0.0003237866383493857,-6.245320628344986,4.3847634099369166e-08,5.327280776105696e-05,0,503
2024-01-30,2024-01-31,0.011222420160209228,0.0001259427142522705,0.009505550597104395,0.8470143214569482,-0.0091914602754895,8.448294199590151e-05,-8.30887888307398,1.7189127155499845e-09,4.1247980533407735e-06,0,504
2024-01-31,2024-02-01,0.011108694235413219,0.00012340308761590288,0.009506387518847408,0.8557610208175642,0.0007337099625595,5.383303091590629e-07,-8.995692052513228,1.509574858804506e-08,0.00010764029866196202,0,505
2024-02-01,2024-02-02,0.0107947655367507,0.00011652696299342064,0.0095072916256771,0.8807316465845965,-0.01190508860216,0.00014173113462527995,-7.841093108552046,6.352502676482212e-10,1.2328173095799032e-06,0,506
2024-02-02,2024-02-05,0.01085606551874843,0.0001178541585473586,0.009508195732506792,0.8758417785970556,0.0065172133717681,4.247407013315293e-05,-8.685667467090934,5.682157729333464e-09,1.8825637953355815e-05,0,507
2024-02-05,2024-02-06,0.010666606187238647,0.00011377648755363778,0.009508443023893186,0.8914215878025882,0.0341765819153807,0.001168038751418727,1.18480733495411,1.1114689210099432e-06,0.0005527189587378284,0,508
2024-02-06,2024-02-07,0.013170318148204027,0.00017345728012491235,0.00950869031527958,0.7219787865622848,0.0095984100591941,9.212947566443847e-05,-8.128442810969844,6.6142117783610745e-09,1.2758527396334558e-05,0,509
2024-02-07,2024-02-08,0.012930737257072866,0.0001672039660114523,0.009513636185375797,0.7357381096094904,0.006350117335176,4.0323990170502746e-05,-8.455129667924087,1.609852826939994e-08,4.330455855646591e-05,0,510
2024-02-08,2024-02-19,0.01259058707809389,0.00015852288297106483,0.009518582055472012,0.7560078014180294,0.011488231964163,0.00013197947366241645,-7.917053733831928,7.045525777264416e-10,1.2151867972095857e-06,0,511
2024-02-19,2024-02-20,0.012493834781031235,0.00015609590753570582,0.009525761507398187,0.7624369678603942,0.0020661346287058,4.268912303937254e-06,-8.737691938599538,2.3051436481107474e-08,0.0001087369304668079,0,512
2024-02-20,2024-02-21,0.012107999285834304,0.000146603646705764,0.00953294095932436,0.7873258607206377,0.0134020282769292,0.00017961436193560985,-7.602608083912736,1.0897073199859764e-09,1.674511029794075e-06,0,513
2024-02-21,2024-02-22,0.012158523416900949,0.00014782969167932873,0.009535421393489589,0.7842581756461382,0.0085835706184528,7.367768456196617e-05,-8.321053965866845,5.4985201595333875e-09,1.2780287511132252e-05,0,514
2024-02-22,2024-02-23,0.011960504526512651,0.00014305366852872964,0.009537901827654818,0.797449790392396,0.0008801088806897,7.745916418688766e-07,-8.846876001106365,2.0243335719777237e-08,0.00012277516766797224,0,515
2024-02-23,2024-02-26,0.011607704217975126,0.00013473879721199753,0.009541976153827752,0.8220381890030857,-0.0104795647307095,0.00010982127694513047,-8.097104526468229,6.208828162497305e-10,1.2726987027279486e-06,0,516
2024-02-26,2024-02-27,0.01153350907306214,0.00013302183153840672,0.009546050480000685,0.8276796263417006,0.0119256179025026,0.00014222036235649052,-7.855846761303904,8.461296921123742e-11,1.5374933412516728e-07,0,517
2024-02-27,2024-02-28,0.011540205927061892,0.00013317635283899442,0.009557373054690114,0.8281804601318234,-0.0128236975211253,0.00016444721811331514,-7.689028405299343,9.778670150047173e-10,1.6473506720314263e-06,0,518
2024-02-28,2024-02-29,0.011598125497835296,0.00013451651506353723,0.009568695629379545,0.8250208735166275,0.0188971421701251,0.0003571019821979204,-6.259116220729562,4.954429017943157e-08,5.3275644382364525e-05,0,519
2024-02-29,2024-03-01,0.012094230210318593,0.00014627040438018292,0.009577417423165733,0.7918997122276077,0.0061583323346328,3.7925057143783866e-05,-8.570773108476438,1.1738714267775887e-08,3.523488359057112e-05,0,520
2024-03-01,2024-03-04,0.011820595277936958,0.00013972647272478551,0.009586139216951922,0.8109692440654297,0.0008673946355691,7.523734538140519e-07,-8.870439196316973,1.9313800268177833e-08,0.00011997260431196766,0,521
2024-03-04,2024-03-05,0.01147904807659354,0.00013176854474474583,0.009591925579315413,0.8356028753702948,0.0069346414751775,4.8089252389251974e-05,-8.569511179809915,7.0022239691162125e-09,2.0651631358993677e-05,0,522
2024-03-05,2024-03-06,0.011269765273924294,0.00012700760932934991,0.009597711941678903,0.8516337038434911,-0.0040637667355029,1.6514200080579896e-05,-8.84123827641283,1.2208793487416176e-08,5.192641493573127e-05,0,523
2024-03-06,2024-03-07,0.010998046593619137,0.0001209570288754175,0.009602618846923398,0.8731204005350058,-0.0060247867166294,3.6298054980874065e-05,-8.719984711124521,7.1671418608769894e-09,2.473331380407598e-05,0,524
2024-03-07,2024-03-08,0.01078916976744227,0.0001164061842706903,0.009607525752167893,0.8904786892092343,0.0042942241056892,1.8440360669882208e-05,-8.900010968528665,9.597302593784648e-09,4.218431914912504e-05,0,525
2024-03-08,2024-03-11,0.010547654318136009,0.0001112530116148932,0.009611207257161816,0.9112175055486951,0.0124332813275857,0.00015458648457089124,-7.714199747078599,1.8777898784282136e-09,3.5555892187661883e-06,0,526
2024-03-11,2024-03-12,0.010662062680177092,0.00011367958059602511,0.009614888762155742,0.9017850532835212,0.0022903269482324,5.245597529799538e-06,-9.03598305413755,1.1757928683606495e-08,7.008595916551953e-05,0,527
2024-03-12,2024-03-13,0.010394332248708258,0.00010804214289653648,0.009620919534292768,0.9255928427233404,-0.0070099382569125,4.913923436572546e-05,-8.678173758597547,3.469552633389089e-09,1.1454122691703223e-05,0,528
2024-03-13,2024-03-14,0.010252929136808022,0.0001051225558844069,0.009626950306429795,0.9389463418672267,-0.0028424957958044,8.079782349165688e-06,-9.083523093071,9.417299895412113e-09,5.491452230145811e-05,0,529
2024-03-14,2024-03-15,0.010010948904936194,0.00010021909797724318,0.009629531862009991,0.9619000110231175,0.0021788486525016,4.747381450508039e-06,-9.16078176116733,9.114848656561273e-09,6.134179436418602e-05,0,530
2024-03-15,2024-03-18,0.009769742967030535,9.54478776418426e-05,0.00963211341759019,0.9859126744782541,0.0093511259198785,8.744355596942352e-05,-8.340790899741398,6.406916543555792e-11,1.752402321662894e-07,0,531
2024-03-18,2024-03-19,0.009772874702357959,9.550907994798817e-05,0.0096339080787768,0.9857803739622661,-0.0072133505737856,5.203242650033305e-05,-8.711498872273184,1.8902193950075017e-09,6.551163764744093e-06,0,532
2024-03-19,2024-03-20,0.009676765422557148,9.363978904319762e-05,0.00963570273996341,0.9957565693906335,0.0021638956316068,4.682444304486992e-06,-9.22605031072482,7.913409182961807e-09,5.644321249577431e-05,0,533
2024-03-20,2024-03-21,0.009450161698084842,8.930555611994979e-05,0.009637915599527723,1.0,-0.0011972422998872,1.433389124639192e-06,-9.307396462087985,7.721517732451753e-09,6.811067859314694e-05,0,534
2024-03-21,2024-03-22,0.009221841548688534,8.504236154911813e-05,0.00963570273996341,1.0,-0.0101290633608979,0.00010259792456908428,-8.165927899256788,3.0819779294800275e-10,8.230514165484483e-07,0,535
2024-03-22,2024-03-25,0.009316259442114545,8.679268999278841e-05,0.0096339080787768,1.0,-0.0054421441219308,2.9616932643865957e-05,-9.010750517191642,3.2690672284228607e-09,1.5008769514082401e-05,0,536
2024-03-25,2024-03-26,0.009182096389211978,8.431089410077963e-05,0.00963211341759019,1.0,0.0050894726317651,2.590273166948597e-05,-9.073770708551947,3.4115134386003843e-09,1.6749569220018602e-05,0,537
2024-03-26,2024-03-27,0.00904359603795796,8.178662929776893e-05,0.009629531862009991,1.0,-0.0116256946910378,0.0001351567770492245,-7.758843325916467,2.8483726710121968e-09,6.667233454236724e-06,0,538
2024-03-27,2024-03-28,0.009254113310329206,8.563861316041218e-05,0.009626950306429795,1.0,0.0051738858965235,2.676909527024478e-05,-9.05279221473997,3.4656201366207402e-09,1.66482557483716e-05,0,539
2024-03-28,2024-03-29,0.009116780597304098,8.311568845938047e-05,0.009620919534292768,1.0,0.0046809295437155,2.19111013932286e-05,-9.131655356065387,3.746001477938165e-09,1.9676774569623077e-05,0,540
2024-03-29,2024-04-01,0.008971496916000372,8.048775691380418e-05,0.009614888762155742,1.0,0.0163101722622654,0.00026602171922477166,-6.122285173785962,3.442285117080751e-08,5.385615583787816e-05,0,541
2024-04-01,2024-04-02,0.009572430582506005,9.163142725689626e-05,0.009611207257161816,1.0,-0.0041720549958076,1.7406042888043156e-05,-9.10777912336453,5.509407684703982e-09,2.9164056477408142e-05,0,542
2024-04-02,2024-04-03,0.009393274842479222,8.823361226635305e-05,0.009607525752167893,1.0,-0.0036035671745538,1.2985696381521658e-05,-9.188348545154481,5.66224884501066e-09,3.352071488003442e-05,0,543
2024-04-03,2024-04-08,0.009210519148896541,8.483366299218987e-05,0.009602618846923398,1.0,-0.0088370710550967,7.80938248328279e-05,-8.454265809979876,4.542541841439163e-11,1.3946347876273509e-07,0,544
2024-04-08,2024-04-09,0.009230999995541314,8.521136091768374e-05,0.009597711941678903,1.0,-0.0008260371903522,6.823374398449566e-07,-9.36236820128163,7.1451558101170216e-09,7.064339975661248e-05,0,545
2024-04-09,2024-04-10,0.009018949314431946,8.134144673629247e-05,0.009591925579315413,1.0,-0.0081782729704482,6.688414877916362e-05,-8.594590804727352,2.0901346422120192e-10,7.067367153338781e-07,0,546
2024-04-10,2024-04-11,0.00902050688987072,8.136954455020513e-05,0.009586139216951922,1.0,-0.0001341142398518,1.798662933102614e-08,-9.416288451873896,6.6180759761533345e-09,7.89679743303103e-05,0,547
2024-04-11,2024-04-12,0.008814839383988275,7.770139336551079e-05,0.009579284899728964,1.0,-0.0081374874549923,6.621870208015705e-05,-8.610417102664686,1.3185219915473853e-10,4.5880563571456876e-07,0,548
2024-04-12,2024-04-15,0.008829797979715545,7.796533236258872e-05,0.009572430582506005,1.0,0.0208522385470166,0.000434815852421685,-3.882205322148385,1.273422936664475e-07,0.00014453907719428613,0,549
2024-04-15,2024-04-16,0.009912425729548705,9.825618384381919e-05,0.009570563105942776,0.9655117089465957,-0.0107561881704044,0.00011569558395714757,-8.050443284845716,3.0413267631275795e-10,7.119350565987607e-07,0,550
2024-04-16,2024-04-17,0.009979866372406644,9.959773281109295e-05,0.009572430582506005,0.959174223912741,0.0153440227347234,0.0002354390336837086,-6.85047162755257,1.845285902276449e-08,2.8774173479383337e-05,0,551
2024-04-17,2024-04-18,0.010358176366325744,0.0001072918176359092,0.009579284899728964,0.9248041895551283,0.0012333222776462,1.5210838405384107e-06,-9.12578109596586,1.1187448127611193e-08,8.32629621396918e-05,0,552
2024-04-18,2024-04-19,0.010088568146878071,0.00010177920725420284,0.009586139216951922,0.9501981923885178,-0.0079140280256124,6.26318395901785e-05,-8.577335031979137,1.5325163950222989e-09,4.728624738994123e-06,0,553
2024-04-19,2024-04-22,0.010000868944480698,0.00010001737964467848,0.009591925579315413,0.9591092166655205,-0.0030427478315122,9.258314366172195e-06,-9.117599534793923,8.237207930228164e-09,4.8415449422737974e-05,0,554
2024-04-22,2024-04-23,0.009776749474380654,9.558483028480239e-05,0.009597711941678903,0.9816874173598386,-0.0070142618536129,4.9199869351049076e-05,-8.7407717686739,2.151564600825821e-09,7.631337854895087e-06,0,555
2024-04-23,2024-04-24,0.009675388304236756,9.36131388377614e-05,0.009602618846923398,0.9924789109206612,0.0043825769081113,1.92069803555104e-05,-9.071165831280439,5.536276420085852e-09,2.80138524749555e-05,0,556
2024-04-24,2024-04-25,0.00949856307631412,9.022270051471796e-05,0.009607525752167893,1.0,0.002456076902202,6.032313749530172e-06,-9.246369227949218,7.088021223671908e-09,4.9596611512560354e-05,0,557
2024-04-25,2024-04-26,0.009294830948601101,8.639388236307284e-05,0.009602618846923398,1.0,0.0151776391837412,0.00023036073119183626,-6.690192726930716,2.072645356168402e-08,3.460743273143218e-05,0,558
2024-04-26,2024-04-29,0.009728286005801936,9.463954861068179e-05,0.009597711941678903,0.9865778962455299,0.0109987263386795,0.00012097198107316215,-7.987195906063699,6.933969993910899e-10,1.6140186394020542e-06,0,559
2024-04-29,2024-04-30,0.009823489589714388,9.650094771922695e-05,0.009602618846923398,0.9775160607873753,-0.005401006447231,2.9170870643030832e-05,-8.943671882515753,4.53333927908651e-09,1.955835714554974e-05,0,560
2024-04-30,2024-05-06,0.009665007313922527,9.341236637817593e-05,0.009607525752167893,0.994052610630534,0.014731197631176,0.0002170081836487654,-6.95536631528145,1.5275926046784942e-08,2.566628433063285e-05,0,561
2024-05-06,2024-05-07,0.010019613477820002,0.00010039265424491224,0.009611207257161816,0.9592393237960468,0.000308874401278,9.540339576484296e-08,-9.205471215720308,1.0059538527896797e-08,9.429845341267984e-05,0,562
2024-05-07,2024-05-08,0.00977161575790923,9.548447452021996e-05,0.009614888762155742,0.9839609948204695,-0.0078993665195978,6.239999141094266e-05,-8.603037601426866,1.0945830226080547e-09,3.5053172103577262e-06,0,563
2024-05-08,2024-05-09,0.009706454978536656,9.421526825035904e-05,0.009620919534292768,0.9911877771613811,0.0094150210603364,8.864262156657795e-05,-8.329076327378315,3.105439106225637e-11,8.493372867755354e-08,0,564
2024-05-09,2024-05-10,0.009716324754633897,9.440696673751146e-05,0.009626950306429795,0.990801619906593,0.000469250462856,2.2019599689057024e-07,-9.265563274770074,8.871147782546279e-09,8.550838295765972e-05,0,565
2024-05-10,2024-05-13,0.009486605490336973,8.999568372929159e-05,0.009629531862009991,1.0,-0.0004337761646634,1.8816176103008912e-07,-9.313658060842698,8.065391002079772e-09,8.195371879977544e-05,0,566
2024-05-13,2024-05-14,0.00926889630826126,8.591243877329923e-05,0.009626950306429795,1.0,-0.0020869363765652,4.3553034398310875e-06,-9.311487255947206,6.651566323801637e-09,5.158054846048768e-05,0,567
2024-05-14,2024-05-15,0.009073362089548075,8.232589960804822e-05,0.009620919534292768,1.0,-0.0085101521276952,7.242268923651514e-05,-8.525117570601422,9.80735756628403e-11,3.1720546113031736e-07,0,568
2024-05-15,2024-05-16,0.009086099418825393,8.255720264877915e-05,0.009614888762155742,1.0,0.0039359185019983,1.549145445437254e-05,-9.21437404056961,4.497814580875554e-09,2.652436347604996e-05,0,569
2024-05-16,2024-05-17,0.008931456391173927,7.97709132674416e-05,0.009611207257161816,1.0,0.0102783916848532,0.00010564533562725939,-8.111992506244848,6.694857324542389e-10,1.8142346853588676e-06,0,570
2024-05-17,2024-05-20,0.009052444561662428,8.194675254197167e-05,0.009607525752167893,1.0,0.0035256172756283,1.2429977174208717e-05,-9.25775729624107,4.832582057532013e-09,3.054581984965137e-05,0,571
2024-05-20,2024-05-21,0.008890161752157394,7.903497597952223e-05,0.009602618846923398,1.0,-0.0040178577001371,1.6143180498550986e-05,-9.241366442621828,3.955377938820315e-09,2.373934677533338e-05,0,572
2024-05-21,2024-05-22,0.008746699977296645,7.650476049284113e-05,0.009597711941678903,1.0,0.0022525316530065,5.0738988477961944e-06,-9.41183624235765,5.102367995353551e-09,4.217422222421347e-05,0,573
2024-05-22,2024-05-23,0.00857481270072515,7.352741285251733e-05,0.009591925579315413,1.0,-0.0116459417535612,0.0001356279593273401,-7.6732618648782385,3.856477872471623e-09,9.431833659173656e-06,0,574
2024-05-23,2024-05-24,0.008822021038588224,7.782805520529325e-05,0.009586139216951922,1.0,-0.0111304469267923,0.00012388684879014014,-7.869206651096661,2.1214124664915338e-09,5.3288300813307756e-06,0,575
2024-05-24,2024-05-27,0.009006388641743036,8.111503636611797e-05,0.009579284899728964,1.0,0.0094595430684418,8.948295506370531e-05,-8.316481080178686,7.00220633294317e-11,2.0534893443668537e-07,0,576
2024-05-27,2024-05-28,0.009072779629650531,8.231533020820163e-05,0.009572430582506005,1.0,-0.0073265861462576,5.367886455853379e-05,-8.75284058859129,8.200471649046062e-10,3.0491916814439378e-06,0,577
2024-05-28,2024-05-29,0.009029433237327517,8.153066458735489e-05,0.009570563105942776,1.0,0.0012045375132963,1.4509106209380343e-06,-9.396735467320587,6.4127669953218555e-09,6.122899309196202e-05,0,578
2024-05-29,2024-05-30,0.008833924156876949,7.803821600945411e-05,0.009568695629379545,1.0,-0.0053303270147806,2.841238608449986e-05,-9.09422892439602,2.4627229957404852e-09,1.2275192934105705e-05,0,579
2024-05-30,2024-05-31,0.008729856203817414,7.621038933932939e-05,0.009557373054690114,1.0,-0.0040115857166463,1.6092819962000612e-05,-9.270849689125686,3.614122147837939e-09,2.2262076390109937e-05,0,580
2024-05-31,2024-06-03,0.008593009138141131,7.383980604817698e-05,0.009546050480000685,1.0,0.0024634986589266,6.068825642533157e-06,-9.431423515559803,4.59290578514216e-09,3.757089871480074e-05,0,581
2024-06-03,2024-06-04,0.008430052113671186,7.106577863921202e-05,0.009541976153827752,1.0,0.0074732248503023,5.584908966317583e-05,-8.766025838503918,2.3154762339342144e-10,9.155184119259917e-07,0,582
2024-06-04,2024-06-05,0.008437086912445229,7.118443556815456e-05,0.009537901827654818,1.0,-0.0057916023011544,3.354265721473694e-05,-9.079028622099173,1.416903477607819e-09,6.998588828576587e-06,0,583
2024-06-05,2024-06-06,0.008370621318847277,7.006730126354053e-05,0.009535421393489589,1.0,-0.0007068278751056,4.996056450262977e-07,-9.55892396315456,4.839664273670243e-09,5.873372994833791e-05,0,584
2024-06-06,2024-06-07,0.008196039938953402,6.717507068091928e-05,0.00953294095932436,1.0,-0.0050625530236153,2.5629443116916415e-05,-9.226676290983942,1.7260391696868344e-09,9.818740248595092e-06,0,585
2024-06-07,2024-06-11,0.008114838803758441,6.585060881098372e-05,0.009525761507398187,1.0,-0.0087762383958487,7.702236038076896e-05,-8.458468911227358,1.2480803313699897e-10,4.374494204171607e-07,0,586
2024-06-11,2024-06-12,0.008217126538659737,6.752116855234615e-05,0.009518582055472012,1.0,0.0003499365070278,1.2245555895081754e-07,-9.601255813394685,4.542586513166076e-09,6.18926789938089e-05,0,587
2024-06-12,2024-06-13,0.008044671714375699,6.471674299207644e-05,0.009513636185375797,1.0,-0.0050889399453673,2.5897309767554936e-05,-9.245326626145056,1.5069483958730842e-09,8.736350290325521e-06,0,588
2024-06-13,2024-06-14,0.00797080718593579,6.353376719536562e-05,0.00950869031527958,1.0,0.0043578848931562,1.8991160741999028e-05,-9.365024581830097,1.984043789659495e-09,1.3053207493663722e-05,0,589
2024-06-14,2024-06-17,0.007874570036265465,6.200885325604989e-05,0.009508443023893186,1.0,-0.0015061329006798,2.268436314510148e-06,-9.651650929940985,3.568917416349008e-09,4.0556991549906556e-05,0,590
2024-06-17,2024-06-18,0.007717857582635332,5.9565325665841696e-05,0.009508195732506792,1.0,0.0026518734678317,7.032432889389726e-06,-9.610374409994426,2.7597048234622e-09,2.5664195051442747e-05,0,591
2024-06-18,2024-06-19,0.007583180810841734,5.75046312099183e-05,0.0095072916256771,1.0,-0.0047608771441216,2.2665951181419443e-05,-9.36948636193277,1.2137336261281253e-09,7.965397987181913e-06,0,592
2024-06-19,2024-06-20,0.007516177967322775,5.6492931236468316e-05,0.009506387518847408,1.0,-0.0072440280772666,5.247594278422683e-05,-8.852501075382852,1.6136196225441465e-11,7.406556265758802e-08,0,593
2024-06-20,2024-06-21,0.00757557401963384,5.738932172695122e-05,0.009505550597104395,1.0,-0.0021889162749807,4.791354458875383e-06,-9.682163698775007,2.7665461607335777e-09,2.9016081658031663e-05,0,594
2024-06-21,2024-06-24,0.007432781290950053,5.524623771909714e-05,0.009504713675361381,1.0,-0.0053955495094153,2.9111954508551686e-05,-9.276761228787567,6.83000758928998e-10,4.150313331695264e-06,0,595
2024-06-24,2024-06-25,0.0073980754672807935,5.473152061958193e-05,0.00950163837583775,1.0,-0.0054537383309179,2.9743261782123166e-05,-9.269631422969793,6.244130797278361e-10,3.780446899839856e-06,0,596
2024-06-25,2024-06-26,0.007366991185339717,5.4272559124873094e-05,0.00949856307631412,1.0,0.0064455352462293,4.1544924610384195e-05,-9.056005070888546,1.6199268033440909e-10,8.490810477218619e-07,0,597
2024-06-26,2024-06-27,0.007388436160733148,5.458898890122918e-05,0.009496956391853134,1.0,-0.0075392821904884,5.684077594781556e-05,-8.77442852423483,5.070544903174215e-12,2.2754524692922282e-08,0,598
2024-06-27,2024-06-28,0.007473335353942709,5.585074131248999e-05,0.00949534970739215,1.0,0.0021805213547913,4.754673378700886e-06,-9.707695972878527,2.6108081582943913e-09,2.8013880029613127e-05,0,599
2024-06-28,2024-07-01,0.007327526948564261,5.369265118193547e-05,0.009490977598864562,1.0,0.0047609256709329,2.266641324414788e-05,-9.410083287640713,9.626274405722096e-10,6.587442118338937e-06,0,600
2024-07-01,2024-07-02,0.007264999180370784,5.278021309078816e-05,0.009486605490336973,1.0,-0.0018388573765335,3.3813964512316663e-06,-9.785308581383246,2.4402430853885233e-09,2.9443014875350533e-05,0,601
2024-07-02,2024-07-03,0.007115209273670594,5.062620300812802e-05,0.0094736150998311,1.0,-0.0024166582300242,5.8402370007437e-06,-9.775681304821957,2.0057827512145837e-09,2.207638190975062e-05,0,602
2024-07-03,2024-07-04,0.006978341240354623,4.86972464668341e-05,0.009460624709325224,1.0,-0.0050946526722348,2.5955485850709187e-05,-9.396891078910848,5.171876759211303e-10,3.548282621665311e-06,0,603
2024-07-04,2024-07-05,0.006944380422665223,4.8224419454696025e-05,0.009456090979170363,1.0,-0.0042897488593068,1.840194527592399e-05,-9.558055264444095,8.893799661435248e-10,7.047068737178788e-06,0,604
2024-07-05,2024-07-08,0.006872411750397172,4.7230043266997115e-05,0.009451557249015504,1.0,-0.0085763065884284,7.355303469872038e-05,-8.403144611247516,6.928998779145766e-10,2.903257619069467e-06,0,605
2024-07-08,2024-07-09,0.007082791594211949,5.0165936767039446e-05,0.009450859473550174,1.0,0.0111232925538749,0.00012372763723908882,-7.433806788326088,5.41132377633951e-09,1.632564800503723e-05,0,606
2024-07-09,2024-07-10,0.007494941246149471,5.6174144283232586e-05,0.009450161698084842,1.0,-0.0031563127656688,9.96231027472383e-06,-9.609707074380578,2.135533602429966e-09,1.882369709163802e-05,0,607
2024-07-10,2024-07-11,0.007361046744877285,5.4185009180268474e-05,0.009441851369367055,1.0,0.0113671527885922,0.00012921216251919943,-7.438458478833107,5.629073738143459e-09,1.604888563348917e-05,0,608
2024-07-11,2024-07-12,0.007749723253362264,6.0058210503703796e-05,0.009433541040649269,1.0,0.0012189202107989,1.4857664802940346e-06,-9.695457517265865,3.43073119887547e-09,4.265138838075489e-05,0,609
2024-07-12,2024-07-15,0.007569704156507707,5.730042101705006e-05,0.009427809784880031,1.0,0.0011081290305216,1.2279499482847412e-06,-9.74577255306769,3.1441220117575232e-09,4.175195310876237e-05,0,610
2024-07-15,2024-07-16,0.0073947695848652064,5.4682617213247535e-05,0.009422078529110794,1.0,0.0063172925673067,3.990818538094848e-05,-9.084149845843303,2.1828383596725165e-10,1.1609567233667733e-06,0,611
2024-07-16,2024-07-17,0.007395840325859967,5.469845412561647e-05,0.00942116387173924,1.0,0.0009428760702296,8.890152838116135e-07,-9.797422085963815,2.895455708469937e-09,4.164074768444319e-05,0,612
2024-07-17,2024-07-18,0.007223910319229031,5.218488030026369e-05,0.009420249214367684,1.0,0.0055108640560117,3.036962264384173e-05,-9.278755652228558,4.759054666160769e-10,2.934527499922861e-06,0,613
2024-07-18,2024-07-19,0.007190906961549864,5.17091429296663e-05,0.009418350027598495,1.0,0.0051246934017026,2.6262482461454163e-05,-9.361987380060485,6.475325289844704e-10,4.2692384748967065e-06,0,614
2024-07-19,2024-07-22,0.007140253111416402,5.098321449509161e-05,0.009416450840829305,1.0,-0.0068330872593705,4.669108149417145e-05,-8.968201285887515,1.8422405697587943e-11,9.435086066308524e-08,0,615
2024-07-22,2024-07-23,0.007186561759537489,5.1646669923646566e-05,0.009407474081807223,1.0,-0.0215801783459919,0.00046570409744481773,-0.853967217165815,1.714435532854499e-07,0.00020717619843785553,0,616
2024-07-23,2024-07-24,0.008893354665160877,7.909175720033873e-05,0.009398497322785143,1.0,-0.0063312669112328,4.008494070127131e-05,-8.938086241319535,1.5215317333919183e-09,6.56429365882822e-06,0,617
2024-07-24,2024-07-25,0.008793421614656755,7.732426369311261e-05,0.009398167567020149,1.0,-0.0055446174575377,3.074278275043183e-05,-9.069920149411189,2.169834366813333e-09,1.0554728451314053e-05,0,618
2024-07-25,2024-07-26,0.008669940610285002,7.516787018586907e-05,0.009397837811255152,1.0,0.0029433557856258,8.66334328077687e-06,-9.38053340058348,4.422852098870133e-09,3.2793773754017065e-05,0,619
2024-07-26,2024-07-29,0.008480314684470242,7.191573714764161e-05,0.009395556326867187,1.0,-0.0054558718164722,2.976653727777566e-05,-9.126106908484378,1.7765550496699078e-09,9.147254661784221e-06,0,620
2024-07-29,2024-07-30,0.008376593950201126,7.01673262065461e-05,0.009393274842479222,1.0,-0.0063194354788742,3.9935264771653986e-05,-8.995484477086396,9.139775386030913e-10,4.231900976152136e-06,0,621
2024-07-30,2024-07-31,0.00831575527775558,6.915178583951979e-05,0.009392898027723822,1.0,0.0213471886428028,0.00045570246295140887,-2.989319552825078,1.494214259756599e-07,0.00016981825554766592,0,622
2024-07-31,2024-08-01,0.00962962372104848,9.272965300897957e-05,0.009392521212968422,0.9753778013608363,-0.0066488618218771,4.420736352641487e-05,-8.809088415480332,2.354412576629809e-09,8.884941499551771e-06,0,623
2024-08-01,2024-08-02,0.009494890990047671,9.015295491288844e-05,0.009392898027723822,0.9892581218224878,-0.0102533946679998,0.00010513210221776673,-8.147850237234538,2.2437485398124254e-10,5.753278294669072e-07,0,624
2024-08-02,2024-08-05,0.009561111457070956,9.141485229453351e-05,0.009393274842479222,0.9824459096261648,-0.0122093580684704,0.00014906842444412324,-7.6694220140361455,3.323934381607949e-09,7.0132101147886335e-06,0,625
2024-08-05,2024-08-06,0.009755501683132158,9.516981308959438e-05,0.009395556326867187,0.9631033474283196,-0.0001017004921385,1.03429901012131e-08,-9.259739076530382,9.055324749616333e-09,9.319587743523058e-05,0,626
2024-08-06,2024-08-07,0.009480663916894897,8.98829883051129e-05,0.009397837811255152,0.9912636808597185,-0.0004458094732051,1.987460863994088e-07,-9.314790698829148,8.043263302344871e-09,8.162859481866127e-05,0,627
2024-08-07,2024-08-08,0.009227640555422632,8.51493502200805e-05,0.009398167567020149,1.0,0.0004338440294067,1.882206418518416e-07,-9.368893305338531,7.21839353920856e-09,7.733085734096987e-05,0,628
2024-08-08,2024-08-09,0.008992367729309812,8.08626773791325e-05,0.009397837811255152,1.0,-0.0033889856050115,1.1485223430975162e-05,-9.280724505626754,4.813231116328691e-09,3.139789123090586e-05,0,629
2024-08-09,2024-08-12,0.008807545985489886,7.757286628651901e-05,0.009395556326867187,1.0,-0.001733386439852,3.0046285498627913e-06,-9.425559869677834,5.5604220791504804e-09,5.004373327713961e-05,0,630
2024-08-12,2024-08-13,0.008606978548225676,7.408007972961697e-05,0.009393274842479222,1.0,0.0025614668109625,6.561112223662399e-06,-9.421796057100474,4.558810973070149e-09,3.6548212165386825e-05,0,631
2024-08-13,2024-08-14,0.008428746621878836,7.104376961583389e-05,0.009392898027723822,1.0,-0.0075711983176159,5.7323043964669836e-05,-8.745344994572921,1.8825831239451122e-10,7.353890941442365e-07,0,632
2024-08-14,2024-08-15,0.008427345946613285,7.102015970389936e-05,0.009392521212968422,1.0,0.0098359131857107,9.674518819683761e-05,-8.19032528575104,6.617770909624847e-10,1.984061667058514e-06,0,633
2024-08-15,2024-08-16,0.008554041027200093,7.317161789502243e-05,0.009392154274933097,1.0,0.0011005476933171,1.2112052252655897e-06,-9.50615000825754,5.178300991601701e-09,5.555456287823821e-05,0,634
2024-08-16,2024-08-19,0.008360650158559559,6.990047107382198e-05,0.009391787336897772,1.0,0.0033837647540115,1.1449863910490507e-05,-9.404635783979026,3.4164734777620964e-09,2.476938833000349e-05,0,635
2024-08-19,2024-08-20,0.008210797939234162,6.741720279893195e-05,0.009389282407366297,1.0,-0.0072559951338258,5.264946538210369e-05,-8.823660325506077,2.180860684123896e-10,9.11648397215678e-07,0,636
2024-08-20,2024-08-21,0.008208690835278438,6.738260522918422e-05,0.009386777477834823,1.0,-0.0033241494075705,1.1049969283851308e-05,-9.441135201624865,3.1733658725494134e-09,2.38587449589951e-05,0,637
2024-08-21,2024-08-22,0.008064166964637687,6.503078883355381e-05,0.009382206901449239,1.0,-0.0025622566687428,6.565159236516951e-06,-9.539695095682065,3.418229844177912e-09,3.0271016904074164e-05,0,638
2024-08-22,2024-08-23,0.007910172986592084,6.257083667781113e-05,0.009377636325063655,1.0,0.0042317237145368,1.7907485596173132e-05,-9.393015856736966,1.9948149298416544e-09,1.3530989047084049e-05,0,639
2024-08-23,2024-08-26,0.007803368303817259,6.089255688501985e-05,0.009371001448462458,1.0,-0.0008930437899297,7.975272107320022e-07,-9.693302323716829,3.611412591553537e-09,4.775258488723533e-05,0,640
2024-08-26,2024-08-27,0.007637332744443432,5.832885144934785e-05,0.009364366571861264,1.0,-0.0056987430887748,3.247567279185855e-05,-9.192645110858358,6.683868466960602e-10,3.7581298530654264e-06,0,641
2024-08-27,2024-08-28,0.007598727418410035,5.774065837929644e-05,0.00936063734445734,1.0,-0.0057131483116743,3.26400636311869e-05,-9.194261633586716,6.300398567088242e-10,3.555408567758335e-06,0,642
2024-08-28,2024-08-29,0.0075626064087338995,5.719301569342305e-05,0.009356908117053413,1.0,-0.0026873136653521,7.221654735988139e-06,-9.642810647371274,2.49713691593825e-09,2.3768479333671232e-05,0,643
2024-08-29,2024-08-30,0.007427875501034409,5.517333445886717e-05,0.0093546678945324,1.0,0.0132595580293447,0.0001758158791335595,-6.618421158667733,1.4554623585585133e-08,3.400852111099951e-05,0,644
2024-08-30,2024-09-02,0.007951316491851813,6.322343395359462e-05,0.00935242767201139,1.0,-0.0171325875746459,0.0002935255570029111,-5.026165267991185,5.3039067881022514e-08,8.429573869575094e-05,0,645
2024-09-02,2024-09-03,0.008780960572889239,7.71052685826353e-05,0.00935194247458036,1.0,0.0025755393196043,6.63340278682778e-06,-9.38430847154806,4.966283868742306e-09,3.8507252930720424e-05,0,646
2024-09-03,2024-09-04,0.00858699841898381,7.373654184763044e-05,0.00935145727714933,1.0,-0.0065189738631801,4.249702022882528e-05,-8.938676108297518,9.759077109717953e-10,4.2767255634071295e-06,0,647
2024-09-04,2024-09-05,0.008522751285857128,7.263728948057933e-05,0.00934390079636585,1.0,0.0017204516741562,2.9599539631068714e-06,-9.48928235332158,4.8549310848144296e-09,4.62712800073466e-05,0,648
2024-09-05,2024-09-06,0.008333011259737611,6.94390766549138e-05,0.00933634431558237,1.0,-0.0081398360700626,6.625693124749216e-05,-8.620887220795666,1.012604939397465e-11,3.731665390597623e-08,0,649
2024-09-06,2024-09-09,0.008364760960645408,6.996922592873748e-05,0.009326301878848458,1.0,-0.0119547522159402,0.00014291610054452714,-7.524898494665832,5.3212465162117384e-09,1.2888037213093083e-05,0,650
2024-09-09,2024-09-10,0.008643110168354297,7.470335338230944e-05,0.009316259442114545,1.0,0.0008796768615906,7.738313808178876e-07,-9.49162685202228,5.465574223369024e-09,6.02708967085679e-05,0,651
2024-09-10,2024-09-11,0.008440134343716581,7.123586773998413e-05,0.009312083382886527,1.0,-0.0030179170462126,9.107823297820583e-06,-9.421659647467834,3.859893906207448e-09,2.940044042135138e-05,0,652
2024-09-11,2024-09-12,0.008276163948908925,6.849488970921978e-05,0.00930790732365851,1.0,-0.0042965498738764,1.846034081870731e-05,-9.319237285208708,2.5034560826770822e-09,1.5837328186196976e-05,0,653
2024-09-12,2024-09-13,0.008152232081412797,6.645888790921603e-05,0.009306667580763386,1.0,-0.0041758066402663,1.7437361096892123e-05,-9.356548862820802,2.4031100910113923e-09,1.5811959288997116e-05,0,654
2024-09-13,2024-09-18,0.00803146940029134,6.450450072781612e-05,0.009305427837868262,1.0,0.0037154914738971,1.3804876892602044e-05,-9.434761392396807,2.570451857032207e-09,1.862766546112232e-05,0,655
2024-09-18,2024-09-19,0.00790423849386149,6.247698616784177e-05,0.009302346803844964,1.0,0.0078623943397135,6.181724475315888e-05,-8.69127204130687,4.352587342477734e-13,1.7509332363607873e-09,0,656
2024-09-19,2024-09-20,0.007952055504570016,6.323518674776229e-05,0.009299265769821666,1.0,0.0015663375141821,2.45341320833416e-06,-9.629851431161024,3.6944239945983255e-09,4.077739425276388e-05,0,657
2024-09-20,2024-09-23,0.007787519898956394,6.064546617664181e-05,0.009297311089937671,1.0,0.0036514998140646,1.3333450892113808e-05,-9.490606690074506,2.238426790283411e-09,1.7106662142628323e-05,0,658
2024-09-23,2024-09-24,0.007668883577566261,5.8811775326265494e-05,0.009295356410053678,1.0,0.0423999518188628,0.0017977559142418871,20.826790152438306,3.023926718268993e-06,0.0012062471011815973,0,659
2024-09-24,2024-09-25,0.012204357567957338,0.00014894634364655756,0.00929509367932739,0.761620890535996,0.0146949977851067,0.00021594295990429082,-7.362120728078468,4.488546589985969e-09,6.203288691281819e-06,0,660
2024-09-25,2024-09-26,0.012317506830512977,0.00015172097451973383,0.009295356410053678,0.7546459310277941,0.0414030934907758,0.0017142161506059211,2.5050109633145077,2.4413911752926057e-06,0.0008459713513716585,0,661
2024-09-26,2024-09-27,0.016055321875637886,0.0002577733605303364,0.009297311089937671,0.5790797071496446,0.0436984960700258,0.0019095585587820603,-0.8555325947323817,2.728394341163487e-06,0.000764145079541274,0,662
2024-09-27,2024-09-30,0.019688667831623364,0.00038764364098400065,0.009299265769821666,0.4723156411265904,0.0814200137266306,0.006629218635244715,9.245897675154668,3.895725840898065e-05,0.0038107590660090276,0,663
2024-09-30,2024-10-08,0.031879125466739704,0.001016278640524132,0.009302346803844964,0.29180056440225555,0.0576063143139997,0.003318487448843327,-3.6262754364518592,5.300165397102486e-06,0.0006618882459825792,0,664
2024-10-08,2024-10-09,0.035084028186647805,0.0012308890338014976,0.009305427837868262,0.26523259496780643,-0.0731248898679555,0.0053472495182006205,-2.355801211400337,1.694442363752258e-05,0.0014471071574563839,0,665
2024-10-09,2024-10-10,0.04055081324872162,0.0016443684551326967,0.009306667580763386,0.2295063115918343,0.0105133502995673,0.00011053053452141182,-6.343181265989411,2.35265876670515e-06,0.0009022491804218185,0,666
2024-10-10,2024-10-11,0.037735103225863896,0.0014239380154666037,0.00930790732365851,0.24666441927946833,-0.0280603219931231,0.0007873816703577479,-6.00136835961436,4.0520398049834473e-07,9.360139190139351e-05,0,667
2024-10-11,2024-10-14,0.03619255152301983,0.0013099007857464452,0.009312083382886527,0.2572928127756809,0.0189009654234729,0.00035724649393931813,-6.365075978086781,9.075501996985389e-07,0.00029899894983804467,0,668
2024-10-14,2024-10-15,0.034175089935736695,0.0011679367721156915,0.009316259442114545,0.2726038017641787,-0.0269545684819336,0.0007265487620472481,-6.130437681236243,1.9482337543218028e-07,5.213593006483078e-05,0,669
2024-10-15,2024-10-16,0.03292490082290251,0.0010840490941979664,0.009326301878848458,0.2832598320952602,-0.0063479227365165,4.029612306878313e-05,-6.7898802253813715,1.089420264740998e-06,0.0007063357642042422,0,670
2024-10-16,2024-10-17,0.030675776033873236,0.0009410032352803516,0.00933634431558237,0.30435560310757453,-0.0113836088685627,0.00012958655087241938,-6.830852922509256,6.583970357355618e-07,0.00037218771393428594,0,671
2024-10-17,2024-10-18,0.02873081381079433,0.0008254596622305301,0.00934390079636585,0.325222280785353,0.0355286964647868,0.0012622882724869539,-5.570375785189082,1.9081923473855856e-07,4.62112085774517e-05,0,672
2024-10-18,2024-10-21,0.029058524980571033,0.0008443978740464707,0.00935145727714933,0.3218145891232213,0.0025367582553448,6.435142446059994e-06,-7.069265775988555,7.02181539551222e-07,0.0007034041102273173,0,673
2024-10-21,2024-10-22,0.02698837713141071,0.0007283725001872525,0.00935194247458036,0.34651740743966414,0.0057215555084589,3.273619743637638e-05,-7.179753657303931,4.839098657049086e-07,0.0004522777019424507,0,674
2024-10-22,2024-10-23,0.025063666294565086,0.000628187368125318,0.00935242767201139,0.3731468318359876,0.0038910702114265,1.5140427390250666e-05,-7.348570309224735,3.7582655154462517e-07,0.00044827882489973536,0,675
2024-10-23,2024-10-24,0.02316042693922231,0.0005364053760070545,0.0093546678945324,0.4039074028765083,-0.0112326605857696,0.00012617266383510185,-7.2954015190158525,1.6829087813595616e-07,0.00014227161018255853,0,676
2024-10-24,2024-10-25,0.02162265485633785,0.0004675392030363108,0.009356908117053413,0.4327363211974313,0.0069979043382592,4.897066512742694e-05,-7.563286053421582,1.7519962092718075e-07,0.0002138833277160417,0,677
2024-10-25,2024-10-28,0.019897310840674323,0.00039590297869041593,0.00936063734445734,0.47044735941513316,0.0019544029512234,3.819690895750736e-06,-7.824693332151221,1.5372930456787426e-07,0.0003219479435293202,0,678
2024-10-28,2024-10-29,0.018016480536990363,0.0003245935709397526,0.009364366571861264,0.5197666965329274,-0.0100168036387988,0.00010033635513825288,-7.723822900032151,5.0291298839040416e-08,6.399483047545979e-05,0,679
2024-10-29,2024-10-30,0.016617623664069034,0.00027614541624062714,0.009371001448462458,0.5639194651353568,-0.0090094158244951,8.116957349866273e-05,-7.900645170085847,3.8015579252939234e-08,5.788482653015426e-05,0,680
2024-10-30,2024-10-31,0.01523638124310141,0.0002321473133851325,0.009377636325063655,0.6154766132088992,0.0004087146239205,1.6704764380647577e-07,-8.367418840282246,5.381484369341623e-08,0.00021985969736957188,0,681
2024-10-31,2024-11-01,0.013439672203628999,0.00018062478894099795,0.009382206901449239,0.6980978969796482,-0.0002621750779052,6.873577147459769e-08,-8.618708123082813,3.260048833615574e-08,0.000173646430498459,0,682
2024-11-01,2024-11-04,0.011790877602953085,0.00013902479464782068,0.009386777477834823,0.796105073254586,0.0139738169400085,0.00019526755987286852,-7.4763062152207205,3.1632486401598514e-09,4.765224149263935e-06,0,683
2024-11-04,2024-11-05,0.012189572097930415,0.0001485856679306437,0.009389282407366297,0.7702716987875596,0.0249871248353445,0.00062435640753709,-4.612352707799824,2.263577966656649e-07,0.0001637773560668948,0,684
2024-11-05,2024-11-06,0.014884320156122881,0.00022154298650996587,0.009391787336897772,0.630985307920451,-0.0050292278990078,2.5293133260158415e-05,-8.300725856005208,3.8514004900570966e-08,9.712284339624965e-05,0,685
2024-11-06,2024-11-07,0.013822530478123388,0.00019106234881864997,0.009392154274933097,0.6794815384779112,0.0297256396137535,0.0008836136504467514,-3.9381709412913075,4.796273053867776e-07,0.00025290888017976196,0,686
2024-11-07,2024-11-08,0.016502559395753146,0.00027233446661036043,0.009392521212968422,0.5691554253933206,-0.0100973614652907,0.00010195670856073753,-7.834099109574309,2.9028580438015838e-08,4.1026560528400405e-05,0,687
2024-11-08,2024-11-11,0.015684584962198836,0.00024600620543643387,0.009392898027723822,0.598861751864107,0.0065766862672307,4.325280225758088e-05,-8.134333832698022,4.110894250060652e-08,8.295381863780226e-05,0,688
2024-11-11,2024-11-12,0.014735277261030504,0.00021712839595944264,0.009393274842479222,0.6374684830207469,-0.0110481148403697,0.00012206084152599721,-7.872861957986897,9.03783990595611e-09,1.3595166716333238e-05,0,689
2024-11-12,2024-11-13,0.01418848226855125,0.0002013130290849932,0.009395556326867187,0.6621960086381067,0.0061366876208398,3.765893495576844e-05,-8.323582947061821,2.6782662525257158e-08,6.483139704891475e-05,0,690
2024-11-13,2024-11-14,0.013363914618013957,0.00017859421391756714,0.009397837811255152,0.7032249217296921,-0.017488921934567,0.0003058623904333788,-6.917783426112948,1.619718875365979e-08,1.7015685361616145e-05,0,691
2024-11-14,2024-11-15,0.01377350799513454,0.00018970952249203508,0.009398167567020149,0.6823365238790314,-0.0176792872072343,0.0003125571961558784,-6.9224597776848835,1.5091550924618147e-08,1.5255111253670632e-05,0,692
2024-11-15,2024-11-18,0.014116269189025367,0.0001992690558170269,0.009398497322785143,0.665791874392135,-0.004659564118511,2.1711537774515196e-05,-8.411898714889553,3.1526672213416876e-08,8.942927079069216e-05,0,693
2024-11-18,2024-11-19,0.01327736827444516,0.00017628850829524287,0.009407474081807223,0.7085345444483686,0.0066883299860489,4.4733758002280884e-05,-8.38963553901508,1.7306652324643584e-08,4.341542556595192e-05,0,694
2024-11-19,2024-11-20,0.012616758395633523,0.00015918259241378899,0.009416450840829305,0.7463447064254002,0.0022304113653737,4.974734858788172e-06,-8.714206882931117,2.378006333170342e-08,0.00010787620463298705,0,695
2024-11-20,2024-11-21,0.011849801429565966,0.00014041779392014362,0.009418350027598495,0.7948107893267432,0.0008852587451981,7.836830459497146e-07,-8.865307256334768,1.9497684919626677e-08,0.0001202211962773249,0,696
2024-11-21,2024-11-22,0.011137486635043483,0.0001240436085457722,0.009420249214367684,0.8458146369152437,-0.0314729987251302,0.0009905496487520472,-1.0093821069104214,7.508327177139585e-07,0.000413533051966063,0,697
2024-11-22,2024-11-25,0.01469347685417928,0.00021589826206430224,0.00942116387173924,0.6411800260235595,-0.0045658568856641,2.084704910036628e-05,-8.344143673560495,3.80449756787027e-08,0.0001025686862266674,0,698
2024-11-25,2024-11-26,0.013874048314710367,0.00019248921663891759,0.009422078529110794,0.6791153032904432,-0.0020576808022987,4.234050284148621e-06,-8.5334741246777,3.5440007659261735e-08,0.00013962654118837787,0,699
2024-11-26,2024-11-27,0.013068102571433166,0.00017077530481749814,0.009427809784880031,0.7214367757940006,0.0172608135537856,0.0002979356845385487,-6.9305555029371915,1.616976217080177e-08,1.7578825381538714e-05,0,700
2024-11-27,2024-11-28,0.013451610171340295,0.00018094581620170568,0.009433541040649269,0.7012945603157728,-0.0088668492734468,7.862101603802404e-05,-8.182812604013753,1.0470364728537383e-08,2.1020032490853173e-05,0,701
2024-11-28,2024-11-29,0.012970041192087788,0.00016822196852445402,0.009441851369367055,0.7279738922592581,0.0113056192362876,0.00012781702631591623,-7.930414471168032,1.632559354875279e-09,2.770300446949724e-06,0,702
2024-11-29,2024-12-02,0.012732490728037518,0.00016211632013956136,0.009450161698084842,0.7422084099598172,0.0078965748233344,6.235589394051872e-05,-8.342559708289887,9.952142635414634e-09,2.3386082637360573e-05,0,703
2024-12-02,2024-12-03,0.012269135611104326,0.00015053168864366832,0.009450859473550174,0.7702954611567389,0.0010785466491528,1.163262874398733e-06,-8.79360924585328,2.23109266167898e-08,0.0001252292813153513,0,704
2024-12-03,2024-12-04,0.011603072969804853,0.00013463130234261602,0.009451557249015504,0.8145736283492894,-0.0054120361215585,2.929013498105397e-05,-8.69541247503923,1.1096761541096628e-08,3.8328937256344146e-05,0,705
2024-12-04,2024-12-05,0.011123383004727807,0.00012372964946986742,0.009456090979170363,0.8501092675808439,-0.0022847255597327,5.219970883295899e-06,-8.955223098023085,1.404454391869249e-08,7.812186542996743e-05,0,706
2024-12-05,2024-12-06,0.010583988674973089,0.0001120208162719586,0.009460624709325224,0.8938619456099597,0.0130595302582883,0.00017055133056714767,-7.5743290777571755,3.4258211036593325e-09,6.1283061307227845e-06,0,707
2024-12-06,2024-12-09,0.010885593497478654,0.00011849614579234956,0.00947064431311006,0.8700163491594347,-0.0016549726626202,2.7389345140201943e-06,-9.01751599966487,1.3399731962935784e-08,8.520436099692301e-05,0,708
2024-12-09,2024-12-10,0.010369191942054136,0.00010752014153116042,0.009480663916894897,0.9143107746365797,0.0073020252333331,5.331957250823332e-05,-8.6419292554681,2.937701682409085e-09,9.40751161908663e-06,0,709
2024-12-10,2024-12-11,0.010153927253000712,0.00010310223865923059,0.009483634703615934,0.933986867082715,-0.0017058118200226,2.909793965328815e-06,-9.15156704065727,1.0038525973740565e-08,7.137065436892296e-05,0,710
2024-12-11,2024-12-12,0.009717351283648723,9.442691596982949e-05,0.009486605490336973,0.9762542500959058,0.0098961434172752,9.793365453527927e-05,-8.230547333132296,1.2297215366412795e-11,3.196662704670791e-08,0,711
2024-12-12,2024-12-13,0.009818741292739469,9.640768057374714e-05,0.009490748240192321,0.9665952037263998,-0.0239458392423105,0.0005734032170185776,-3.29923241031847,2.2752474178829154e-07,0.00019957489647677408,0,712
2024-12-13,2024-12-16,0.011977604930502388,0.0001434630198711951,0.009494890990047671,0.792720334753053,-0.0054404074521525,2.9598033245436454e-05,-8.64312201916141,1.2965235179284196e-08,4.273495087094414e-05,0,713
2024-12-16,2024-12-17,0.011478808944684999,0.00013176305478858032,0.00949512034871991,0.8271868966959686,0.0026015253628419,6.76793421350968e-06,-8.883140857802204,1.5623780167576447e-08,7.880616379246102e-05,0,714
2024-12-17,2024-12-18,0.010939998885528109,0.00011968357561535626,0.00949534970739215,0.8679479592957727,0.005050926820749,2.5511861748561598e-05,-8.817498242192093,8.868311692609446e-09,3.4681169784161674e-05,0,715
2024-12-18,2024-12-19,0.010541649929182018,0.00011112638322942325,0.009496956391853134,0.9008984794271244,0.0009052470712706,8.194722600439987e-07,-9.097468179940355,1.2167614607606559e-08,9.286026003996335e-05,0,716
2024-12-19,2024-12-20,0.010074657128961101,0.00010149871626612674,0.00949856307631412,0.9428175028417678,-0.0045013539400717,2.0262187293799017e-05,-8.995834421319058,6.599373639471842e-09,3.106170843528477e-05,0,717
2024-12-20,2024-12-23,0.009750450505095579,9.507128505231863e-05,0.00950163837583775,0.9744819863320366,0.0014832136294832,2.1999226706847276e-06,-9.237743861359919,8.625089950620765e-09,6.834720555748512e-05,0,718
2024-12-23,2024-12-24,0.00937346177818528,8.786178570710035e-05,0.009504713675361381,1.0,0.0126611149649962,0.00016030383215685074,-7.515245548108696,5.247850093827793e-09,1.0808663476748003e-05,0,719
2024-12-24,2024-12-25,0.009830399750676384,9.663675925809832e-05,0.00950163837583775,0.9665566626813916,0.0004868671450816,2.3703961695990773e-07,-9.242098465645403,9.292905946890087e-09,8.730160155181286e-05,0,720
2024-12-25,2024-12-26,0.009438376922307715,8.908295892755085e-05,0.009504713675361381,1.0,0.0004640598294016,2.1535152526424207e-07,-9.323525072886703,7.897451645406944e-09,8.053836728402685e-05,0,721
2024-12-26,2024-12-27,0.009088325935791756,8.25976683151851e-05,0.00950163837583775,1.0,-0.0016188726395905,2.620748623214713e-06,-9.3698000192325,6.396307683415881e-09,5.579273254413181e-05,0,722
2024-12-27,2024-12-30,0.008789096851551987,7.724822346596104e-05,0.00949856307631412,1.0,0.0045162531274868,2.0396542311534305e-05,-9.204447657315129,3.2321136500846006e-09,1.8257193490283252e-05,0,723
2024-12-30,2024-12-31,0.008622157781244975,7.434160480468328e-05,0.009496956391853134,1.0,-0.0161688229690422,0.0002614308362042266,-5.990224353673037,3.5002380505671873e-08,5.6952155456710526e-05,0,724
2024-12-31,2025-01-02,0.00973049240425533,9.468248242927066e-05,0.00949534970739215,0.9758344503963287,-0.0295328807648115,0.0008721910462685731,-0.05323484180574134,6.045195668434546e-07,0.00039213458478229055,0,725
2025-01-02,2025-01-03,0.013036311790055209,0.00016994542508753243,0.009496956391853134,0.7285002495182661,-0.011912363269678,0.00014190439866877352,-7.845033385406751,7.862991626175354e-10,1.263260276458119e-06,0,726
2025-01-03,2025-01-06,0.012831133226354896,0.00016463797987246862,0.00949856307631412,0.7402746825825374,-0.0016410113264477,2.69291817352964e-06,-8.695404952326362,2.6226203008673155e-08,0.00012521882813478264,0,727
2025-01-06,2025-01-07,0.012117384317513951,0.00014683100269833303,0.00950163837583775,0.784132790284161,0.0071751036169549,5.148211191403929e-05,-8.475606736570322,9.091410973795177e-09,2.4426138523118465e-05,0,728
2025-01-07,2025-01-08,0.01168633531400382,0.00013657043307133276,0.009504713675361381,0.8133185827700677,-0.0018166650349836,3.3002718493319647e-06,-8.874504736629808,1.7760935872138082e-08,9.741039141657509e-05,0,729
2025-01-08,2025-01-09,0.01111052703127037,0.0001234438109125896,0.009505550597104395,0.8555445273074086,-0.0024679300684566,6.090678822792198e-06,-8.950384792170162,1.3771757611285435e-08,7.469448226163781e-05,0,730
2025-01-09,2025-01-10,0.010611023009336622,0.00011259380930467124,0.009506387518847408,0.8958973616853674,-0.0126193710178968,0.0001592485248873337,-7.677360761329565,2.176662486099128e-09,4.033461723487629e-06,0,731
2025-01-10,2025-01-13,0.010841160253925577,0.0001175307556512957,0.0095072916256771,0.876962557788454,-0.0026747201388297,7.15412782106117e-06,-8.987940246989632,1.2182999971174103e-08,6.669074415344717e-05,0,732
2025-01-13,2025-01-14,0.010376616365449334,0.00010767416719571094,0.009508195732506792,0.9163098449091659,0.0259936019453595,0.0006756673420937972,-2.861289944060794,3.22616246730808e-07,0.0002438902386031221,0,733
2025-01-14,2025-01-15,0.012693515267862348,0.00016112532985545453,0.009508443023893186,0.7490787873369341,-0.0064359901121666,4.142196872390624e-05,-8.476248863004063,1.4328894666189863e-08,3.9156621074165095e-05,0,734
2025-01-15,2025-01-16,0.012163070606492275,0.00014794028657851634,0.00950869031527958,0.781767254578308,0.0011452779603726,1.3116616065152225e-06,-8.809835679037862,2.149995366117975e-08,0.0001213917547928888,0,735
2025-01-16,2025-01-17,0.011538500039165926,0.00013313698315383206,0.009513636185375797,0.8245123848925775,0.0031421121070936,9.872868493544183e-06,-8.849976293885844,1.5194041962984594e-08,7.049933030584979e-05,0,736
2025-01-17,2025-01-20,0.011017056751737113,0.0001213755394709963,0.009518582055472012,0.863985932900924,0.0045380749483773,2.0594124237089633e-05,-8.846948414682569,1.0156893656549114e-08,4.197720520826757e-05,0,737
2025-01-20,2025-01-21,0.010598397893136262,0.00011232603790123515,0.009525761507398187,0.8987925914318865,0.0007647844555119,5.848952633926334e-07,-9.088897741954362,1.2486082958010668e-08,9.669995324062642e-05,0,738
2025-01-21,2025-01-22,0.010137024711192065,0.00010275926999531857,0.00953294095932436,0.9404081800056431,-0.009329484691561,8.703928461007106e-05,-8.336100246638615,2.4711794051239527e-10,6.521208833057406e-07,0,739
2025-01-22,2025-01-23,0.010123207551945205,0.00010247933113976043,0.009535421393489589,0.9419367670336195,0.0017682446889377,3.1266892799563835e-06,-9.15533898912723,9.87094744452249e-09,6.980540444223456e-05,0,740
2025-01-23,2025-01-24,0.009724275034485917,9.456152494632608e-05,0.009537901827654818,0.980834231223392,0.0076264675751237,5.8163007674413167e-05,-8.651178768236635,1.3248520595937426e-09,4.400796136555759e-06,0,741
2025-01-24,2025-01-27,0.009634981794003553,9.283287417077992e-05,0.009541976153827752,0.9903470870870057,-0.0041255284044773,1.7019984616149014e-05,-9.101369674496466,5.7475942226226644e-09,3.035407665136232e-05,0,742
2025-01-27,2025-02-05,0.009358309659216604,8.757795967778679e-05,0.009546050480000685,1.0,-0.0057802414173679,3.341119084305527e-05,-8.961478918689204,2.934038845995242e-09,1.2802572343326272e-05,0,743
2025-02-05,2025-02-06,0.009197093963629215,8.458653737582494e-05,0.009541976153827752,1.0,0.0125035833361977,0.0001563395962452408,-7.529455543747493,5.14850145711786e-09,1.0932871970908338e-05,0,744
2025-02-06,2025-02-07,0.00966235664278828,9.33611358924348e-05,0.009537901827654818,0.9871196210474852,0.012893929936185,0.0001662534291992477,-7.498279121644243,5.313286423526441e-09,1.0443065950594922e-05,0,745
2025-02-07,2025-02-10,0.01008439116464396,0.00010169494516154916,0.009541976153827752,0.9462124185823013,0.0021453068111663,4.602341314036519e-06,-9.14827661662596,9.426973721890027e-09,6.302906037163378e-05,0,746
2025-02-10,2025-02-11,0.009697675835648656,9.404491661332385e-05,0.009546050480000685,0.9843647737645967,-0.0046042063813207,2.1198716401794257e-05,-9.046327503262182,5.306568885258254e-09,2.5943431082171918e-05,0,747
2025-02-11,2025-02-12,0.009435421929436735,8.902718698649565e-05,0.00955358096853582,1.0,0.0094118341823465,8.858262267598601e-05,-8.331562342335799,1.9763742617891285e-13,5.563818127929097e-10,0,748
2025-02-12,2025-02-13,0.009533366120341691,9.088506958447879e-05,0.009546050480000685,1.0,-0.0037623047574148,1.4154937087666037e-05,-9.150169359967908,5.88751323297844e-09,3.3305149254667586e-05,0,749
2025-02-13,2025-02-14,0.009256088724882813,8.567517848290273e-05,0.009541976153827752,1.0,0.0086357885794846,7.457684438955663e-05,-8.494487073979656,1.231730196475283e-10,3.8477227038104455e-07,0,750
2025-02-14,2025-02-17,0.009313146943946889,8.673470599954728e-05,0.009537901827654818,1.0,0.0021277116369139,4.527156809858829e-06,-9.300461006707517,6.758081143775045e-09,5.163048055155626e-05,0,751
2025-02-17,2025-02-18,0.009012815214312443,8.123083808734186e-05,0.009535633973998255,1.0,-0.0088090155370787,7.759875473249395e-05,-8.462928712952852,1.3192029496563233e-11,4.1534308440577556e-08,0,752
2025-02-18,2025-02-19,0.009121688057298828,8.320519301466806e-05,0.009533366120341691,1.0,0.006973212821578,4.862569705501982e-05,-8.809793798195777,1.1957415408233291e-09,4.6159458385056666e-06,0,753
2025-02-19,2025-02-20,0.00906803903582831,8.222933195530605e-05,0.009533153539833025,1.0,-0.0028618431388465,8.190146151362788e-06,-9.306397209984057,5.481801034510834e-09,3.851686751171387e-05,0,754
2025-02-20,2025-02-21,0.008813482849742354,7.76774799427026e-05,0.00953294095932436,1.0,0.0125302941775078,0.00015700827217488586,-7.441660856676758,6.293374596185828e-09,1.3814686446205534e-05,0,755
2025-02-21,2025-02-24,0.009351294664357204,8.744671189963552e-05,0.009525761507398187,1.0,-0.0021942194164708,4.8145988476174576e-06,-9.289423439746342,6.8280661074414925e-09,5.122372610390824e-05,0,756
2025-02-24,2025-02-25,0.009045720799683998,8.182506478583571e-05,0.009518582055472012,1.0,-0.011163620625657,0.00012462642547359437,-7.88784320858037,1.8319564767236122e-09,4.485499672856469e-06,0,757
2025-02-25,2025-02-26,0.009379850165308729,8.798158912364219e-05,0.009513636185375797,1.0,0.0086969310175492,7.563660912400936e-05,-8.4786961990713,1.5239853119133445e-10,4.663785623766016e-07,0,758
2025-02-26,2025-02-27,0.009420504651165397,8.874590788262889e-05,0.00950869031527958,1.0,0.0020635572643798,4.258268583374643e-06,-9.281750535552247,7.138161194360891e-09,5.412467485193143e-05,0,759
2025-02-27,2025-02-28,0.009103545825779245,8.28745466020627e-05,0.009508443023893186,1.0,-0.0198704198826452,0.0003948335863126217,-4.633950346182086,9.731844245713413e-08,0.00011592557695641316,0,760
2025-02-28,2025-03-03,0.01065977419253085,0.00011363078583574672,0.009508195732506792,0.8919697135019097,-0.0004062469523071,1.650365862588072e-07,-9.081103693067131,1.2874476252747664e-08,0.00010513482086601045,0,761
2025-03-03,2025-03-04,0.010182123150808117,0.00010367563185822262,0.009508443023893186,0.9338369692708477,-0.0008361537929487,6.991531654624975e-07,-9.167499797689338,1.060415516396048e-08,8.734714323804716e-05,0,762
2025-03-04,2025-03-05,0.00976492799469564,9.53538187415906e-05,0.00950869031527958,0.9737593887476437,0.0044557001933801,1.985326421328746e-05,-9.049709893538022,5.7003337340812775e-09,2.8187899846261838e-05,0,763
2025-03-05,2025-03-06,0.009487631636523955,9.001515407037022e-05,0.009513636185375797,1.0,0.0136587687947141,0.00018656196498745566,-7.2429707761273825,9.321286698259448e-09,1.739838519243456e-05,0,764
2025-03-06,2025-03-07,0.010024071962233285,0.00010048201870403147,0.00950869031527958,0.9485855998544845,-0.0030961070268931,9.58587872197683e-06,-9.110132818386381,8.262108263637272e-09,4.7996698145303144e-05,0,765
2025-03-07,2025-03-10,0.009667939102543911,9.346904649049756e-05,0.009513636185375797,0.9840397301295047,-0.0038639364912342,1.4930005208291261e-05,-9.118148150092331,6.168381005528106e-09,3.368644631208994e-05,0,766
2025-03-10,2025-03-11,0.00937948567525868,8.797475153238279e-05,0.009518582055472012,1.0,0.0032070287276403,1.028503325991016e-05,-9.221551778251673,6.0356923252561664e-09,3.8099224770202426e-05,0,767
2025-03-11,2025-03-12,0.009102394846611274,8.285359194361548e-05,0.009513636185375797,1.0,-0.0036067217076572,1.3008441476485668e-05,-9.241430300047567,4.8783450437760034e-09,3.020242325022132e-05,0,768
2025-03-12,2025-03-13,0.008871033030510305,7.869522702840484e-05,0.00950869031527958,1.0,-0.0039929583172082,1.594371612296214e-05,-9.247327249878905,3.937752120915894e-09,2.3795612908557408e-05,0,769
2025-03-13,2025-03-14,0.008681728991984435,7.537241829026307e-05,0.009508443023893186,1.0,0.0239916333427265,0.0005755984704518258,-1.8563436325154141,2.5022610326114246e-07,0.00023439317122887074,0,770
2025-03-14,2025-03-17,0.011076966896611093,0.000122699195628618,0.009508195732506792,0.8583753857218573,-0.0024414788440089,5.960818945743035e-06,-8.95719401188156,1.3627848590552804e-08,7.457165390663522e-05,0,771
2025-03-17,2025-03-18,0.010589281920325065,0.0001121328915881233,0.009508443023893186,0.8979308602260068,0.0027309621183892,7.458154092076827e-06,-9.029314114782931,1.0956800669866237e-08,6.175319010949735e-05,0,772
2025-03-18,2025-03-19,0.010167513477747287,0.00010337833032017274,0.00950869031527958,0.935203118844188,0.00061113337206,3.7348399844542644e-07,-9.173502401155039,1.0609998365762662e-08,9.132440072437576e-05,0,773
2025-03-19,2025-03-20,0.009763854035088889,9.533284561852158e-05,0.009513636185375797,0.9743730448228874,-0.0088114020549793,7.764080617449344e-05,-8.443717934460135,3.130082596890476e-10,9.071647744146768e-07,0,774
2025-03-20,2025-03-21,0.009757123939608502,9.520146757288133e-05,0.009518582055472012,0.9755520288957136,-0.0152835342256865,0.00023358641842773065,-6.80591417550546,1.9150394623099058e-08,3.054121065006871e-05,0,775
2025-03-21,2025-03-24,0.010427796880188269,0.0001087389477744642,0.009525761507398187,0.9134970326758228,0.0051340635477135,2.6358608511960527e-05,-8.884157878216461,6.786520297005205e-09,2.8023612595354424e-05,0,776
2025-03-24,2025-03-25,0.010109119591163855,0.00010219429890845287,0.00953294095932436,0.9430040740300352,-0.0006482652775916,4.2024787013091415e-07,-9.184522421644356,1.0357957464750963e-08,8.950776434263876e-05,0,777
2025-03-25,2025-03-26,0.009713796377215594,9.43578400580068e-05,0.009533153539833025,0.9814034770374351,-0.0032961212572778,1.0864415342678587e-05,-9.153275625670316,6.971151970694182e-09,4.118655394506857e-05,0,778
2025-03-26,2025-03-27,0.00941039544235142,8.855554238142837e-05,0.009533366120341691,1.0,0.0033240943166804,1.1049603026186935e-05,-9.207104642880594,6.007170635338362e-09,3.704306139234432e-05,0,779
2025-03-27,2025-03-28,0.00914224005906834,8.358055329763389e-05,0.009533153539833025,1.0,-0.0043937182505934,1.9304760065597524e-05,-9.158727770612026,4.131377595607491e-09,2.2548459365562117e-05,0,780
2025-03-28,2025-03-31,0.008944704444707137,8.000773760316361e-05,0.00953294095932436,1.0,-0.007141349520225,5.099887297001784e-05,-8.795962947502382,8.415142273041756e-10,3.252088983653973e-06,0,781
2025-03-31,2025-04-01,0.008927181628282986,7.969457182435326e-05,0.009525761507398187,1.0,9.517697136045976e-05,9.058655877349776e-09,-9.43719541492372,6.3497810089233485e-09,7.800430625990118e-05,0,782
2025-04-01,2025-04-02,0.008657308195159879,7.49489851859824e-05,0.009518582055472012,1.0,-0.0008466213496568,7.167677096947016e-07,-9.489139465585286,5.5104221114468735e-09,6.100682899851484e-05,0,783
2025-04-02,2025-04-03,0.008419520687591936,7.08883286087886e-05,0.009513636185375797,1.0,-0.0059102483074018,3.493103505514584e-05,-9.061643313216901,1.2929269597028388e-09,6.296447877985072e-06,0,784
2025-04-03,2025-04-07,0.008390070667270051,7.039328580178532e-05,0.00950869031527958,1.0,-0.0730595075524599,0.0053376916438079465,66.26530266097029,2.7744431992254405e-05,0.004182136067047555,0,785
2025-04-07,2025-04-08,0.022194639395389664,0.0004926020178913829,0.009508443023893186,0.42841169232370174,0.0169391636231564,0.0002869352642520651,-7.033319960747689,4.229881355253584e-08,2.7620025592530807e-05,0,786
2025-04-08,2025-04-09,0.021091191348985884,0.00044483835251953697,0.00950869031527958,0.4508370417746355,0.0098207956565165,9.644802732705334e-05,-7.5009836955197535,1.213758186877245e-07,0.00012702181906483245,0,787
2025-04-09,2025-04-10,0.019755282794836487,0.00039027119830396253,0.009513636185375797,0.481574284923039,0.0130237858283326,0.00016961899730227707,-7.414050399311616,4.86873938068882e-08,4.531305141005104e-05,0,788
2025-04-10,2025-04-11,0.01875870246635604,0.00035188891822127215,0.009518582055472012,0.5074221989790447,0.0041145504529254,1.6929525429668616e-05,-7.904084580344514,1.1219779481931973e-07,0.00021445118819246465,0,789
2025-04-11,2025-04-14,0.017547508661673195,0.0003079150602314958,0.009525761507398187,0.5428554953903002,0.0022957108007082,5.270288080488285e-06,-8.068570546320357,9.159385811033527e-08,0.0002326173379917364,0,790
2025-04-14,2025-04-15,0.016432801149905703,0.0002700369536323422,0.00953294095932436,0.5801166138603864,0.0005558237304301,3.0894001930923243e-07,-8.215807677315293,7.27532013276325e-08,0.00025207841197853823,0,791
2025-04-15,2025-04-16,0.015402679078039352,0.00023724252278107118,0.009533153539833025,0.618928271603418,0.0030767008827025,9.466088321622343e-06,-8.306527166504084,5.188210409505959e-08,0.00015192973847191952,0,792
2025-04-16,2025-04-17,0.014474174915271065,0.00020950173947786215,0.009533366120341691,0.6586466016991032,-0.0001590448828012,2.5295274745247447e-08,-8.470657775473866,4.3880380675981554e-08,0.00020492294784652066,0,793
2025-04-17,2025-04-18,0.013567114075086064,0.0001840665843263984,0.009535633973998255,0.7028491041811901,7.952560330999825e-05,6.3243215818192054e-09,-8.600178635596356,3.387817931304068e-08,0.00018191504278398664,0,794
2025-04-18,2025-04-21,0.010237478497087997,0.00010480596597833912,0.009537901827654818,0.9316651390640605,0.0032709691217122,1.0699238995194681e-05,-9.061313696765446,8.856076063480086e-09,4.8532252877198885e-05,0,795
2025-04-21,2025-04-22,0.009856298141343658,9.714661305105445e-05,0.009541976153827752,0.9681095292564824,-0.0002457447200374,6.039046742626009e-08,-9.238667603294596,9.425734615557796e-09,9.236273706378142e-05,0,796
2025-04-22,2025-04-23,0.00959401230786356,9.204507216343747e-05,0.009546050480000685,0.9950008582099104,0.0007740234944606,5.991123699769986e-07,-9.28672328389397,8.36236356254719e-09,7.779220266855336e-05,0,797
2025-04-23,2025-04-24,0.00944148532148643,8.914164507584373e-05,0.00955358096853582,1.0,-0.0006656769810641,4.4312584311861413e-07,-9.320312905073862,7.867427314078107e-09,7.701481202782614e-05,0,798
2025-04-24,2025-04-25,0.009344122555282983,8.731262632814818e-05,0.009546050480000685,1.0,0.0006947242184759,4.8264173973695e-07,-9.340487731318069,7.539446223623731e-09,7.481209158876114e-05,0,799
2025-04-25,2025-04-28,0.00927861476525792,8.609269196206229e-05,0.009541976153827752,1.0,-0.0014190190539855,2.013615075573903e-06,-9.336697108730531,7.069291170084027e-09,6.177324474465181e-05,0,800
2025-04-28,2025-04-29,0.009241251678141748,8.540073257875768e-05,0.009537901827654818,1.0,-0.0017309147201439,2.996065768410836e-06,-9.33307344261028,6.790529112124278e-09,5.640516122266837e-05,0,801
2025-04-29,2025-04-30,0.009217489536268027,8.496211335121057e-05,0.009535633973998255,1.0,-0.0011953908641536,1.4289593181018905e-06,-9.356486343466953,6.977787822719061e-09,6.435406710514005e-05,0,802
2025-04-30,2025-05-06,0.0091850119965614,8.436444537697682e-05,0.009533366120341691,1.0,0.0100197299329189,0.00010039498792863098,-8.190349123625712,2.5697829450039483e-10,6.967540332769246e-07,0,803
2025-05-06,2025-05-07,0.009796379470320454,9.596905072651605e-05,0.009533153539833025,0.973130284378539,0.0060443865250728,3.653460846448164e-05,-8.870793238073983,3.532452926999102e-09,1.4077451061188162e-05,0,804
2025-05-07,2025-05-08,0.009777015670909696,9.559003542921377e-05,0.009533366120341691,0.9750793535809752,0.0055358113817248,3.064520765403384e-05,-8.93485199412597,4.217830654747783e-09,1.7987813822600356e-05,0,805
2025-05-08,2025-05-09,0.009726641883397445,9.46075623278614e-05,0.009535633973998255,0.980362399306052,-0.0017508635396534,3.0655231344876326e-06,-9.233370628189288,8.379944939681178e-09,6.36130401885365e-05,0,806
2025-05-09,2025-05-12,0.009519052831193309,9.061236680304935e-05,0.009537901827654818,1.0,0.0114907097105876,0.00013203640965299215,-7.851763240685478,1.7159513260338966e-09,3.887430850062831e-06,0,807
2025-05-12,2025-05-13,0.01017187802296268,0.00010346710251403114,0.009535633973998255,0.9374506804418885,0.0014511609906195,2.1058682206957685e-06,-9.155903823822696,1.0274099817468425e-08,7.605090555820044e-05,0,808
2025-05-13,2025-05-14,0.009808141103396001,9.619963190412613e-05,0.009537901827654818,0.9724474522855697,0.0119779937506401,0.00014347233429037328,-7.757682913673494,2.234708390898697e-09,4.7082605107522224e-06,0,809
2025-05-14,2025-05-15,0.010407385269856729,0.00010831366815523081,0.009541976153827752,0.9168466340402049,-0.0091741074829282,8.41642481083192e-05,-8.353437401435453,5.831944886021766e-10,1.52097409973133e-06,0,810
2025-05-15,2025-05-16,0.010445861357568592,0.00010911601950154474,0.009546050480000685,0.9138595806734554,-0.0046458078324773,2.1583530416307427e-05,-8.925295344058174,7.66193664545719e-09,3.3640620893923925e-05,0,811
2025-05-16,2025-05-19,0.010111011924741736,0.00010223256214226959,0.00955358096853582,0.9448689250536955,-0.0030748494528689,9.454699157808174e-06,-9.095778051495218,8.607731859963496e-09,4.9507582330591665e-05,0,812
2025-05-19,2025-05-20,0.009814247371270967,9.631945146449908e-05,0.009561111457070956,0.9742073024426703,0.0054068645942602,2.9234184740664517e-05,-8.944327488663543,4.500433011408026e-09,1.942502294309114e-05,0,813
2025-05-20,2025-05-21,0.009732862499464567,9.472861243348367e-05,0.00956490354322525,0.9827431080785786,0.0046605455109063,2.1720684459228866e-05,-9.035200655794943,5.3301575470939765e-09,2.5728399632416804e-05,0,814
2025-05-21,2025-05-22,0.009630942730931038,9.27550578864734e-05,0.009568695629379545,0.9935367592466751,-0.0006411034350041,4.1101361437405627e-07,-9.281117153505537,8.527422512527443e-09,8.081721056659215e-05,0,815
2025-05-22,2025-05-23,0.00942805385747176,8.888819953938815e-05,0.009570563105942776,1.0,-0.0081066202134246,6.571729128470429e-05,-8.588805902289732,5.368909893469767e-10,1.74618687561976e-06,0,816
2025-05-23,2025-05-26,0.00969508787895236,9.399472898060897e-05,0.009568695629379545,0.9869632693224775,-0.0057243536256176,3.276822443112136e-05,-8.923654171071979,3.748684859348427e-09,1.5766730510605956e-05,0,817
2025-05-26,2025-05-27,0.009664769919918766,9.340777760496659e-05,0.009570563105942776,0.9902525549230269,-0.0053795760886899,2.893983889400412e-05,-8.96871336157848,4.156115121640413e-09,1.8362886171201932e-05,0,818
2025-05-27,2025-05-28,0.009618786616672665,9.252105597708117e-05,0.009572430582506005,0.995180677562146,-0.0008233841552053,6.779614670431456e-07,-9.280746662016158,8.435154009179778e-09,7.735910445918619e-05,0,819
2025-05-28,2025-05-29,0.00941040305492672,8.855568565617415e-05,0.009579284899728964,1.0,0.0058376189501768,3.407779500746329e-05,-8.947061290404015,2.9678405695328984e-09,1.276478625915369e-05,0,820
2025-05-29,2025-05-30,0.009475748600927952,8.978981154798805e-05,0.009572430582506005,1.0,-0.0047980785470189,2.3021557743362995e-05,-9.061645170963187,4.4579997161188286e-09,2.188059713323752e-05,0,821
2025-05-30,2025-06-03,0.009446674529631166,8.923965966878221e-05,0.009570563105942776,1.0,0.0030628293472223,9.38092361020618e-06,-9.219064435215833,6.37741772487331e-09,4.075347931296488e-05,0,822
2025-06-03,2025-06-04,0.009338115629099426,8.720040350243098e-05,0.009568695629379545,1.0,0.0043337826467046,1.878167202887793e-05,-9.131916449274758,4.681122816450159e-09,2.5043348598684696e-05,0,823
2025-06-04,2025-06-05,0.009320122695467776,8.686468705857351e-05,0.00956490354322525,1.0,0.0022772172034397,5.185718191641729e-06,-9.291460164199124,6.671453955165213e-09,4.960251776963922e-05,0,824
2025-06-05,2025-06-06,0.009217288642834436,8.495840992532466e-05,0.009561111457070956,1.0,-0.0009236874877862,8.531985750927813e-07,-9.363306172152228,7.073686576267174e-09,6.878382011901742e-05,0,825
2025-06-06,2025-06-09,0.009114339276393237,8.30711804452044e-05,0.00955358096853582,1.0,0.0029049294647187,8.438615194990873e-06,-9.294229776476996,5.570019795827379e-09,3.8556770209320016e-05,0,826
2025-06-09,2025-06-10,0.009087056841553646,8.257460204162692e-05,0.009546050480000685,1.0,-0.0051040530276676,2.6051357309242793e-05,-9.08631966417701,3.19487719507699e-09,1.5864319381430786e-05,0,827
2025-06-10,2025-06-11,0.009175689053695361,8.419326961010488e-05,0.009541976153827752,1.0,0.0075154024431042,5.6481273881816576e-05,-8.711542972553515,7.679547072446695e-10,2.7565516293082867e-06,0,828
2025-06-11,2025-06-12,0.009421912399134555,8.877243325696546e-05,0.009537901827654818,1.0,-0.0006241307640932,3.895392106875617e-07,-9.325046327419193,7.811535959995585e-09,7.740096169787091e-05,0,829
2025-06-12,2025-06-13,0.009232255823472733,8.523454759004619e-05,0.009535633973998255,1.0,-0.0072250513487183,5.220136699161612e-05,-8.757659956016154,1.0911910204484963e-09,4.028869803474219e-06,0,830
2025-06-13,2025-06-16,0.00942254754914041,8.878440231581195e-05,0.009533366120341691,1.0,0.0024864383097925,6.182375468403784e-06,-9.259665996516526,6.82309483929994e-09,4.810961138016745e-05,0,831
2025-06-16,2025-06-17,0.009262851440758745,8.580041681356635e-05,0.009533153539833025,1.0,-0.0008832439902828,7.801199463706829e-07,-9.35439443061784,7.228450879386082e-09,7.021782102407194e-05,0,832
2025-06-17,2025-06-18,0.009113457538528776,8.305510830656697e-05,0.00953294095932436,1.0,0.0011852274041385,1.4047639995208874e-06,-9.379092577426396,6.6667787254591725e-09,6.285683306385403e-05,0,833
2025-06-18,2025-06-19,0.00900599895191026,8.11080171218087e-05,0.009525996895258834,1.0,-0.0082611903276287,6.824726562930598e-05,-8.5782920055479,1.6539892895191083e-10,5.547398868041901e-07,0,834
2025-06-19,2025-06-20,0.009343565755955888,8.730222103587153e-05,0.009519052831193309,1.0,0.0009233094665735,8.525003710642411e-07,-9.336369720658055,7.473554203023208e-09,7.090071597888367e-05,0,835
2025-06-20,2025-06-23,0.009153069701055627,8.377868495238254e-05,0.009518817443332661,1.0,0.0029229540029125,8.543660103142206e-06,-9.285353015513609,5.660308964065811e-09,3.881434161224941e-05,0,836
2025-06-23,2025-06-24,0.009059797361690452,8.207992823489327e-05,0.009518582055472012,1.0,0.0118863589658356,0.00014128552946470035,-7.686500615747224,3.505303216982934e-09,7.989450502027597e-06,0,837
2025-06-24,2025-06-25,0.009794409265902967,9.59304528680059e-05,0.009513636185375797,0.9713333318115858,0.0142523489302831,0.00020312945003054183,-7.134421310601331,1.1491624992653386e-08,1.9873226051253658e-05,0,838
2025-06-25,2025-06-26,0.010635955069658523,0.00011312354024379483,0.009518582055472012,0.8949438008276218,-0.0035542258665343,1.2632521510341495e-05,-8.97535992053294,1.0098444846087268e-08,5.0150888506382434e-05,0,839
2025-06-26,2025-06-27,0.010150454231405816,0.00010303172110386424,0.009518817443332661,0.9377725593679491,-0.0061669433782696,3.803119063078326e-05,-8.811352463718059,4.2250689617819275e-09,1.5868358717054024e-05,0,840
2025-06-27,2025-06-30,0.009953754358403889,9.90772258274444e-05,0.009519052831193309,0.9563278827708297,0.0036447715536752,1.3284359678479932e-05,-9.085530092720093,7.360415882054135e-09,3.980326403036227e-05,0,841
2025-06-30,2025-07-01,0.009674832678600618,9.360238735891841e-05,0.009525996895258834,0.9846161904514392,0.001695681496414,2.8753357372808225e-06,-9.2457360534402,8.231397895955292e-09,6.366685358819012e-05,0,842
2025-07-01,2025-07-02,0.009411726938129776,8.858060395791768e-05,0.00953294095932436,1.0,0.0002333118629375,5.443442538736679e-08,-9.330983122710329,7.836882692102298e-09,8.424330329251685e-05,0,843
2025-07-02,2025-07-03,0.009199558219588148,8.463187143559186e-05,0.009525996895258834,1.0,0.006165532849999,3.801379532441679e-05,-8.92803320412772,2.1732450203073115e-09,9.205309943310569e-06,0,844
2025-07-03,2025-07-04,0.009263364882664592,8.58099289493836e-05,0.009519052831193309,1.0,0.0035546000017413,1.263518117237925e-05,-9.216129691938942,5.354543712228202e-09,3.258999646566313e-05,0,845
2025-07-04,2025-07-07,0.009152305128714153,8.376468916908739e-05,0.009518817443332661,1.0,-0.0042857010724699,1.8367233682569652e-05,-9.168227215400497,4.2768271841110685e-09,2.368383504025302e-05,0,846
2025-07-07,2025-07-08,0.009093595939765008,8.269348711571064e-05,0.009518582055472012,1.0,0.0083580566970375,6.98571117508934e-05,-8.555598083987823,1.6477253250648698e-10,5.410179775921568e-07,0,847
2025-07-08,2025-07-09,0.0093445074210168,8.731981894143804e-05,0.009513636185375797,1.0,-0.0017647394706168,3.114305399152864e-06,-9.310267595247852,7.090568510919972e-09,5.745288218191101e-05,0,848
2025-07-09,2025-07-10,0.008952468765850853,8.01466970035351e-05,0.00950869031527958,1.0,0.0046541822854642,2.166141274632876e-05,-9.161379831878696,3.420528474646228e-09,1.8475266667474684e-05,0,849
2025-07-10,2025-07-11,0.008888360605604549,7.900295425526286e-05,0.009508443023893186,1.0,0.0011937949012927,1.4251462663524473e-06,-9.427986158989404,6.018316292364253e-09,5.9206341377972096e-05,0,850
2025-07-11,2025-07-14,0.00872945570367028,7.62033968823416e-05,0.009508195732506792,1.0,0.0007121088682097,5.070990401828999e-07,-9.475449971359579,5.729929507008799e-09,6.427785028006979e-05,0,851
2025-07-14,2025-07-15,0.008590845541537662,7.380262711855752e-05,0.0095072916256771,1.0,0.000345911835749,1.1965499811124318e-07,-9.512494945455334,5.4291803805024635e-09,6.797893181284995e-05,0,852
2025-07-15,2025-07-16,0.008468827118185963,7.172103275772196e-05,0.009506387518847408,1.0,-0.0029553013811939,8.733806253686572e-06,-9.420951823334628,3.967390702670658e-09,3.039896605247387e-05,0,853
2025-07-16,2025-07-17,0.008406944039087155,7.067670807634304e-05,0.009505550597104395,1.0,0.0067871566201962,4.6065494987073106e-05,-8.905616889165223,6.057118097254518e-10,2.6237112823974224e-06,0,854
2025-07-17,2025-07-18,0.00854698282708164,7.305091544642847e-05,0.009504713675361381,1.0,0.0059458672843334,3.5353337762906245e-05,-9.040399134771697,1.4211073632051932e-09,6.765802066726475e-06,0,855
2025-07-18,2025-07-21,0.008600766570629012,7.397318560244954e-05,0.00950163837583775,1.0,0.0066452770034147,4.415970645211225e-05,-8.914838781488161,8.888435390475961e-10,3.823939447484019e-06,0,856
2025-07-21,2025-07-22,0.008687521871489164,7.547303626760258e-05,0.00949856307631412,1.0,0.0081296603426505,6.609137728686425e-05,-8.61603987852906,8.801552523086813e-11,3.112094853582111e-07,0,857
2025-07-22,2025-07-23,0.008865726904805025,7.860111355058369e-05,0.009496956391853134,1.0,0.0001966322485651,3.866424117576727e-08,-9.450632786822867,6.1720584414932905e-09,7.515320215884764e-05,0,858
2025-07-23,2025-07-24,0.008681236253077953,7.536386288175493e-05,0.00949534970739215,1.0,0.0070796456211479,5.012138212103864e-05,-8.828124110004874,6.371828349551322e-10,2.5650925522861047e-06,0,859
2025-07-24,2025-07-25,0.008774754454229074,7.699631573201297e-05,0.00949512034871991,1.0,-0.005287463080977,2.7957265832694792e-05,-9.108654237024147,2.4048284150278176e-09,1.2161201121958332e-05,0,860
2025-07-25,2025-07-28,0.008741170310065154,7.640805838956454e-05,0.009494890990047671,1.0,0.0020960968490133,4.393622000443486e-06,-9.421920314790201,5.186079048442763e-09,4.415700130277566e-05,0,861
2025-07-28,2025-07-29,0.008594512668140293,7.386564800282399e-05,0.009491261313285813,1.0,0.003909346858056,1.5282992856592318e-05,-9.306360106336436,3.4319274839823044e-09,2.1950778667982816e-05,0,862
2025-07-29,2025-07-30,0.00852208605200625,7.262595067779947e-05,0.009487631636523955,1.0,-0.0001878780147304,3.52981484190364e-08,-9.529702225987496,5.2694028346412455e-09,6.945902360859338e-05,0,863
2025-07-30,2025-07-31,0.008381256946271802,7.024546799942933e-05,0.009487118563430465,1.0,-0.0183915633044165,0.00033824960078035954,-4.748263184177375,7.182621518765847e-08,0.00010020623338391213,0,864
2025-07-31,2025-08-01,0.009867046786759615,9.735861229210323e-05,0.009486605490336973,0.9614432459230711,-0.0050820967088656,2.5827706958262566e-05,-8.971825107461544,5.116670417878875e-09,2.2895747247937938e-05,0,865
2025-08-01,2025-08-04,0.00964801880342075,9.308426683116035e-05,0.009487118563430465,0.9833229761188652,0.0038815500582222,1.5066430854484766e-05,-9.120147405959022,6.0867827304834555e-09,3.325216178935173e-05,0,866
2025-08-04,2025-08-05,0.009419820039635747,8.87330095791232e-05,0.009487631636523955,1.0,0.0080131084551544,6.420990711406693e-05,-8.606248145355796,6.013825545116486e-10,1.978837481914021e-06,0,867
2025-08-05,2025-08-06,0.00944549220648349,8.921732302274035e-05,0.009487118563430465,1.0,0.0024437333110458,5.971832495514868e-06,-9.257499537368652,6.929811693118387e-09,4.9024627629840817e-05,0,868
2025-08-06,2025-08-07,0.009211254318386469,8.484720611799337e-05,0.009486605490336973,1.0,0.0002868198985166,8.226565418507272e-08,-9.37368892002528,7.185095131832966e-09,7.964552971455803e-05,0,869
2025-08-07,2025-08-08,0.008984467725751809,8.072066031507588e-05,0.009483634703615934,1.0,-0.0023602017856895,5.570552469171905e-06,-9.355505757574985,5.6475387092509974e-09,4.388089924466958e-05,0,870
2025-08-08,2025-08-11,0.008813664940968339,7.768068969165443e-05,0.009480663916894897,1.0,0.0042637664443205,1.817970429171348e-05,-9.22887266483925,3.540367263563986e-09,2.070157632979826e-05,0,871
2025-08-11,2025-08-12,0.00872388323760703,7.61061387434009e-05,0.009478206258911425,1.0,0.0051582797884577,2.6607850376011217e-05,-9.13376659434711,2.450080551301265e-09,1.2713527956585593e-05,0,872
2025-08-12,2025-08-13,0.00868457293123832,7.542180699799735e-05,0.009475748600927952,1.0,0.0078722488753719,6.197230235579415e-05,-8.670737926052775,1.8088917512064546e-10,6.598703717392715e-07,0,873
2025-08-13,2025-08-14,0.008813367014809515,7.767543813773238e-05,0.009468186655126588,1.0,-0.0007832438911579,6.134709930361683e-07,-9.455073585862824,5.938546780210238e-09,6.448287738100437e-05,0,874
2025-08-14,2025-08-15,0.008636625165733556,7.459129425338216e-05,0.009460624709325224,1.0,0.006934406689865,4.808599614044446e-05,-8.858827126770604,7.025308280556989e-10,2.8975477395882685e-06,0,875
2025-08-15,2025-08-18,0.008705361721763848,7.578332270675123e-05,0.009456090979170363,1.0,0.0087802159943145,7.709219290681616e-05,-8.470361089734805,1.7131412006180053e-12,5.603162119087201e-09,0,876
2025-08-18,2025-08-19,0.008895001759310336,7.912105629813398e-05,0.009451557249015504,1.0,-0.00379072106502,1.4369566192786365e-05,-9.262916576358322,4.19275547086293e-09,2.6053681406105036e-05,0,877
2025-08-19,2025-08-20,0.008766699042087588,7.685501209453944e-05,0.009450859473550174,1.0,0.011308254802686,0.00012787662668247097,-7.80972146211358,2.6032051551594277e-09,6.45950568423097e-06,0,878
2025-08-20,2025-08-21,0.009170169974271489,8.409201735703036e-05,0.009450161698084842,1.0,0.0038951059063758,1.5171850021883644e-05,-9.203179291514854,4.749989465504624e-09,2.782630092040421e-05,0,879
2025-08-21,2025-08-22,0.009006374146875835,8.111477527351343e-05,0.009448418113858003,1.0,0.02075525083855,0.0004307804373711305,-4.1088936450705775,1.222660752501649e-07,0.00013803610351616446,0,880
2025-08-22,2025-08-25,0.010606399712086162,0.0001124957148525414,0.009446674529631166,0.8906579787735635,0.0206218976542001,0.00042526266286030363,-5.312338877759997,9.782316376609022e-08,0.00010031019902848855,0,881
2025-08-25,2025-08-26,0.011824284780570578,0.000139813710572033,0.009448418113858003,0.7990688899326452,-0.0037279474141999,1.3897591923039722e-05,-8.77579887994395,1.5854868935627352e-08,6.555067875009008e-05,0,882
2025-08-26,2025-08-27,0.011279599031267226,0.00012722935430616454,0.009450161698084842,0.8378100739120996,-0.0150386600213421,0.00022616129523751318,-7.191931775668536,9.787528936443857e-09,1.4130539527102694e-05,0,883
2025-08-27,2025-08-28,0.011609328710558885,0.0001347765131098068,0.009450859473550174,0.8140745868410508,0.017548651391104,0.0003079551656464963,-6.6269606246449815,2.999084569442343e-08,3.5275553903637594e-05,0,884
2025-08-28,2025-08-29,0.012167219589865795,0.00014804123254801395,0.009451557249015504,0.7768050193560906,0.0073611967413575,5.418721746497228e-05,-8.451991851709982,8.808576147207815e-09,2.3097855620383785e-05,0,885
2025-08-29,2025-09-01,0.011732484946121446,0.00013765120301096636,0.009456090979170363,0.8059751214337915,0.0059753161833233,3.5704403490685324e-05,-8.631404430584785,1.0393149932428374e-08,3.3144992163338744e-05,0,886
2025-09-01,2025-09-02,0.011297885174231526,0.0001276422094101205,0.009460624709325224,0.8373801435779532,-0.0073795341857631,5.445752479884626e-05,-8.539637468221898,5.3559980616516805e-09,1.5353474468831486e-05,0,887
2025-09-02,2025-09-03,0.01099593253274225,0.00012091053226461939,0.009468186655126588,0.8610626362915069,-0.0068422707357624,4.681666882147053e-05,-8.633258772842709,5.4899005999319905e-09,1.7252906323689875e-05,0,888
2025-09-03,2025-09-04,0.010709274107595946,0.00011468855191162493,0.009475748600927952,0.8848170759031119,-0.0214443506136347,0.0004598601732404949,-5.0636471394909215,1.1914344817080081e-07,0.00011524186759050522,0,889
2025-09-04,2025-09-05,0.011962233185691557,0.00014309502278886038,0.009478206258911425,0.7923442146445228,0.0215542142371146,0.00046458415137943376,-5.605318838504539,1.0335525980192625e-07,9.200610049085873e-05,0,890
2025-09-05,2025-09-08,0.012957394413402712,0.0001678940699844798,0.009480663916894897,0.7316798126549581,0.0016241243101468,2.637779774809819e-06,-8.67646633681764,2.7309641453862666e-08,0.00012844301123335426,0,891
2025-09-08,2025-09-09,0.01224750153070203,0.00015000129374454857,0.009483634703615934,0.774332191740688,-0.0070329575150866,4.9462491409013086e-05,-8.475119540271544,1.0108050775063876e-08,2.719146929079069e-05,0,892
2025-09-09,2025-09-10,0.011796317479739667,0.0001391531060828116,0.009486605490336973,0.8042005911277265,0.0020491764305014,4.199124043322459e-06,-8.849759461573964,1.8212577268314756e-08,9.500675863374567e-05,0,893
2025-09-10,2025-09-11,0.01124399369003644,0.00012642739410157928,0.009487118563430465,0.8437499010549265,0.0228333166099722,0.0005213603474112324,-4.852049812387521,1.5597203760988462e-07,0.00013431240574254835,0,894
2025-09-11,2025-09-12,0.012576342323919958,0.00015816438624842043,0.009487631636523955,0.7544031000554641,-0.0057397983168245,3.294528471782136e-05,-8.5435779032561,1.5679823388130476e-08,4.673833396095282e-05,0,895
2025-09-12,2025-09-15,0.01203202048463163,0.00014476951694259514,0.009491261313285813,0.7888335400865465,0.0024428342827081,5.967439332773997e-06,-8.79914734330055,1.9266016748802815e-08,9.19524920151606e-05,0,896
2025-09-15,2025-09-16,0.011463841910318715,0.00013141967134477984,0.009494890990047671,0.8282468533957388,-0.0021465491215527,4.607673131238668e-06,-8.902054000532686,1.608128289091117e-08,8.68119449115912e-05,0,897
2025-09-16,2025-09-17,0.01095833713690804,0.00012008515280613791,0.00949512034871991,0.8664745599713328,0.0061007246464561,3.7218841211876905e-05,-8.717372383448946,6.866825597237157e-09,2.3596399107394708e-05,0,898
2025-09-17,2025-09-18,0.010639803239553401,0.00011320541297641105,0.00949534970739215,0.892436588685517,-0.0116940751118193,0.0001367513927208716,-7.878313166682456,5.544131621265458e-10,1.1114891806510443e-06,0,899
2025-09-18,2025-09-19,0.010752971835268387,0.0001156264032900752,0.009496956391853134,0.8831936451934449,0.0008466638950307,7.168397511485563e-07,-9.058946605739528,1.320420779270662e-08,9.813493700681626e-05,0,900
2025-09-19,2025-09-22,0.010320961443994083,0.00010652224512841242,0.00949856307631412,0.920317659150008,0.0045852883752098,2.1024869483834125e-05,-8.949781331983857,7.30980124211013e-09,3.289794555197731e-05,0,901
2025-09-22,2025-09-23,0.010026118173709164,0.00010052304563318118,0.00950163837583775,0.9476886479109409,-0.0006259407285905,3.9180179570840595e-07,-9.201225915404333,1.002626599243943e-08,8.836333599971764e-05,0,902
2025-09-23,2025-09-24,0.009683731448615842,9.377465476891147e-05,0.009504713675361381,0.9815135545420305,0.0101895586020818,0.00010382710450525922,-8.167418004329729,1.0105174570179794e-10,2.5586110918347487e-07,0,903
2025-09-24,2025-09-25,0.00983639012355298,9.675457066273063e-05,0.009505550597104395,0.9663657579362983,0.0059872050424883,3.584662422079733e-05,-8.87284274399102,3.7097779397734153e-09,1.4816225788290913e-05,0,904
2025-09-25,2025-09-26,0.009676173757907526,9.362833859321826e-05,0.009506387518847408,0.9824531634809299,-0.0095018618243211,9.02853781284907e-05,-8.311882037119856,1.1175384668731523e-11,3.038465019063888e-08,0,905
2025-09-26,2025-09-29,0.009772967907003336,9.551090171131716e-05,0.0095072916256771,0.9728151894230768,0.0152673056324377,0.0002330906212742639,-6.815809261648642,1.8928179235019072e-08,3.018774704113126e-05,0,906
2025-09-29,2025-09-30,0.010427291368312872,0.00010872840527969211,0.009508195732506792,0.9118567225809872,0.0044575345330339,1.986961411318975e-05,-8.943912096418599,7.895884767572078e-09,3.5637996672360004e-05,0,907
2025-09-30,2025-10-09,0.010116583371228087,0.00010234525910700863,0.009508443023893186,0.9398867853879925,0.0147144364574539,0.00021651464026044848,-7.0716268646447045,1.3034647592959426e-08,2.114025300251624e-05,0,908
2025-10-09,2025-10-10,0.01063104695649562,0.0001130191593912148,0.00950869031527958,0.894426518309161,-0.0198691761356096,0.000394784160307878,-5.59488032398453,7.939151574156721e-08,8.53430307299971e-05,0,909
2025-10-10,2025-10-13,0.011693911974782607,0.00013674757727396403,0.009513636185375797,0.8135546261928022,-0.0049615716479266,2.461719321750908e-05,-8.717354605822834,1.2573223028648088e-08,4.532440627661164e-05,0,910
2025-10-13,2025-10-14,0.011219251514517976,0.00012587160454601392,0.009518582055472012,0.8484150696822103,-0.0120268085952429,0.0001446441249866085,-7.831107949014043,3.5240752369254133e-10,6.52148438628961e-07,0,911
2025-10-14,2025-10-15,0.011260522914073567,0.00012679937629837587,0.009518817443332661,0.8453264129888589,0.0147028186136493,0.0002161728751858723,-7.268062648490288,7.987622303393325e-09,1.184939968331758e-05,0,912
2025-10-15,2025-10-16,0.011552797411288996,0.00013346712802628571,0.009519052831193309,0.8239608548741293,0.0026298944880156,6.9163450180948344e-06,-8.869834754718367,1.6015100679986212e-08,7.96181965781609e-05,0,913
2025-10-16,2025-10-17,0.011036954717589127,0.00012181436943811288,0.009525996895258834,0.8631001158388062,-0.02281802557004,0.0005206622909149993,-4.738785036330842,1.5907966446643255e-07,0.00013879363043046755,0,914
2025-10-17,2025-10-20,0.012425520136433435,0.00015439355066091277,0.00953294095932436,0.7672065921306899,0.0053002349997063,2.8092491052111647e-05,-8.59405190573637,1.5951957658305936e-08,5.0769688279664614e-05,0,915
2025-10-20,2025-10-21,0.01187045912485465,0.00014090779983484504,0.009533153539833025,0.8030989736422478,0.0152308465011269,0.00023197868514088953,-7.221089352889353,8.29390615042671e-09,1.1292203318609888e-05,0,916
2025-10-21,2025-10-22,0.012106454719125241,0.00014656624586622982,0.009533366120341691,0.7874614279340839,-0.0033259309563051,1.1061816726108559e-05,-8.752559888315506,1.8361450316590147e-08,7.709759754944916e-05,0,917
2025-10-22,2025-10-23,0.011537298120664764,0.0001331092479250947,0.009535633973998255,0.8265049471954552,0.0029938352011483,8.963049211634683e-06,-8.857004317184979,1.54122786550019e-08,7.29907586571528e-05,0,918
2025-10-23,2025-10-24,0.011034496517168712,0.00012176011338740843,0.009537901827654818,0.8643712753739762,0.01172774480373,0.000137539998181416,-7.883859587909987,2.490047641121511e-10,4.805931868201608e-07,0,919
2025-10-24,2025-10-27,0.011082787978389184,0.00012282818937392782,0.009541976153827752,0.8609725434100219,0.0118038633095883,0.00013933118903144487,-7.870365608072872,2.72348997696008e-10,5.199496332639157e-07,0,920
2025-10-27,2025-10-28,0.011129365014178487,0.0001238627656188201,0.009546050480000685,0.8577354114847788,-0.0051126866393398,2.6139564672083697e-05,-8.785299833021865,9.549824003276224e-09,3.620041866625151e-05,0,921
2025-10-28,2025-10-29,0.010745359334094413,0.00011546274721880993,0.00955358096853582,0.8890890170813415,0.0118372408713961,0.0001401202714474503,-7.853008678075334,6.079935010859871e-10,1.1922052915002952e-06,0,922
2025-10-29,2025-10-30,0.010853103145884916,0.00011778984789521707,0.009561111457070956,0.8809564719465663,-0.0080209782147857,6.433609152206678e-05,-8.500414612747772,2.857304070400105e-09,8.020931625353743e-06,0,923
2025-10-30,2025-10-31,0.010655289629741889,0.00011353519709368504,0.00956490354322525,0.897667156463484,-0.0148100471997965,0.00021933749806020016,-7.1515077845796995,1.1194126889809044e-08,1.7262010465926098e-05,0,924
2025-10-31,2025-11-03,0.011074202730773584,0.0001226379661222731,0.009568695629379545,0.864052777613466,0.0027393828453463,7.504218373377592e-06,-8.945083897668622,1.32557798707063e-08,6.946922252251408e-05,0,925
2025-11-03,2025-11-04,0.010629096566894201,0.00011297769382836209,0.009570563105942776,0.9004117185040567,-0.0074848549950598,5.602305429707164e-05,-8.592443030899306,3.243830964139232e-09,9.886255062051664e-06,0,926
2025-11-04,2025-11-05,0.010433343424155604,0.00010885465500637099,0.009572430582506005,0.9174844719808238,0.001851620047169,3.42849679907813e-06,-9.094000908626555,1.1114674834349141e-08,7.364597611911837e-05,0,927
2025-11-05,2025-11-06,0.01005582211143525,0.0001011195583368301,0.009579284899728964,0.9526108152644844,0.0141923662431926,0.0002014232595809128,-7.207275237537318,1.0060832483262198e-08,1.7110997353976157e-05,0,928
2025-11-06,2025-11-07,0.010527544388667279,0.00011082919085535991,0.009586139216951922,0.9105769458707994,-0.003117737014389,9.720284090891237e-06,-9.019815273586977,1.0223011027106017e-08,5.4905245323908754e-05,0,929
2025-11-07,2025-11-10,0.01016525513689885,0.00010333241199824846,0.009590075762407741,0.9434171236486465,0.0034692327388138,1.20355757960575e-05,-9.061085112681196,8.335112300529686e-09,4.483671595565666e-05,0,930
2025-11-10,2025-11-11,0.009861640181251503,9.725194706447417e-05,0.00959401230786356,0.9728617280220034,-0.009174984819875,8.418034644493669e-05,-8.372615209093388,1.7086674275669282e-10,4.7149558530709585e-07,0,931
2025-11-11,2025-11-12,0.009901558431666558,9.80408593757071e-05,0.009595862124771232,0.9691264451949637,-0.0013465147526876,1.8131019792053487e-06,-9.211632903645167,9.259781293559998e-09,7.318877234923783e-05,0,932
2025-11-12,2025-11-13,0.009591844367793154,9.200347837596524e-05,0.009597711941678903,1.0,0.012015574630851,0.00014437403370955014,-7.724460527981,2.742675065948077e-09,5.874468388062452e-06,0,933
2025-11-13,2025-11-14,0.009928003754568138,9.856525855071906e-05,0.009595862124771232,0.9665449733896324,-0.0158477777669541,0.0002511520601507647,-6.67671275948962,2.32827320225317e-08,3.5043724357720205e-05,0,934
2025-11-14,2025-11-17,0.010614717794949212,0.00011267223386641145,0.009597711941678903,0.9041890822802441,-0.0065227589470807,4.254638428172133e-05,-8.7134155685814,4.917634779974584e-09,1.6744127212649395e-05,0,935
2025-11-17,2025-11-18,0.010367560716182262,0.00010748631520372566,0.009602618846923398,0.9262177584294345,-0.0065152353910493,4.244829220078132e-05,-8.743228911259429,4.229944436131517e-09,1.4840410410660785e-05,0,936
2025-11-18,2025-11-19,0.010157891320990497,0.00010318275608905407,0.009607525752167893,0.9458189154194516,0.0043903404552326,1.9275089312851996e-05,-8.992203476083047,7.040496543826166e-09,3.326464298910466e-05,0,937
2025-11-19,2025-11-20,0.009886079437470021,9.773456664396757e-05,0.009611207257161816,0.9721960376662169,-0.0050998445547902,2.6008414483023254e-05,-8.967142505683437,5.144640903814936e-09,2.290804435218112e-05,0,938
2025-11-20,2025-11-21,0.009681429466137583,9.373007650779706e-05,0.009614888762155742,0.9931269752865959,-0.0246925578252606,0.0006097224119538385,-2.7700032619911266,2.6624809023906017e-07,0.00022533397461406727,0,939
2025-11-21,2025-11-24,0.011719159507313512,0.0001373386995578567,0.009616837689414202,0.8206081403203596,-0.0012492053668726,1.560514048623307e-06,-8.881697901206678,1.8435715660179794e-08,0.00010961993970293581,0,940
2025-11-24,2025-11-25,0.011166009003208134,0.00012467975705972512,0.009618786616672665,0.8614346105138432,0.0094759867535566,8.979432495358015e-05,-8.26956234096549,1.2169933732324507e-09,2.856175204317235e-06,0,941
2025-11-25,2025-11-26,0.01101702926344893,0.00012137493379169008,0.009622868461551231,0.8734540166355834,0.0060457354027621,3.655091656021101e-05,-8.71548560836707,7.195113899286259e-09,2.4713762649302575e-05,0,942
2025-11-26,2025-11-27,0.01069568419350463,0.00011439766036718477,0.009626950306429795,0.9000780251417797,-0.0004937435268793,2.4378267033521003e-07,-9.07369891958345,1.3031107793227286e-08,0.00010407959336534367,0,943
2025-11-27,2025-11-28,0.010282051005538672,0.00010572057288049883,0.009628287013739138,0.9364169666686764,0.0024905841855706,6.203009585414368e-06,-9.096037421204125,9.903745404191143e-09,6.07069552066634e-05,0,944
2025-11-28,2025-12-01,0.009946529318651842,9.893344548680067e-05,0.00962962372104848,0.9681390777173806,0.0109479680570724,0.00011985800457867761,-8.009561833405174,4.378371731894499e-10,1.002879546809358e-06,0,945
2025-12-01,2025-12-02,0.01011106470107567,0.00010223362938933841,0.009630283225989758,0.9524499655278872,-0.0048538999800864,2.3560345016682756e-05,-8.957793960601187,6.1894856739807445e-09,2.763778090361418e-05,0,946
2025-12-02,2025-12-03,0.00986831909639867,9.738372178834667e-05,0.009630942730931038,0.9759456131131531,-0.0051247280685855,2.6262837776948072e-05,-8.967167425558753,5.0581801425628125e-09,2.250165583914961e-05,0,947
2025-12-03,2025-12-04,0.009670831515020066,9.35249821919053e-05,0.009631528074260614,0.995935877830318,0.0034194018084143,1.1692308727386987e-05,-9.152263941369483,6.696586446350479e-09,3.9080373376633057e-05,0,948
2025-12-04,2025-12-05,0.009440929262534332,8.913114534017704e-05,0.00963211341759019,1.0,0.0083166709974398,6.916701647965633e-05,-8.549387731258156,3.98566441159476e-10,1.2639566466333646e-06,0,949
2025-12-05,2025-12-08,0.009487219265082943,9.000732938376094e-05,0.009631528074260614,1.0,0.0080836477288575,6.534536060426301e-05,-8.589619014814323,6.082127040809309e-10,1.9700130573022514e-06,0,950
2025-12-08,2025-12-09,0.00950961362018812,9.04327512052674e-05,0.009630942730931038,1.0,-0.0051041491641017,2.605233868940008e-05,-9.022818847808445,4.144837515713246e-09,1.9408117073840817e-05,0,951
2025-12-09,2025-12-10,0.00936268660125505,8.765990039332082e-05,0.009630283225989758,1.0,-0.0013906346602648,1.9338647583297958e-06,-9.319985002729297,7.348953185691751e-09,6.355361214984642e-05,0,952
2025-12-10,2025-12-11,0.009132743546132267,8.340700467942057e-05,0.00962962372104848,1.0,-0.008672398325831,7.521049272187634e-05,-8.490049529337574,6.718280827016555e-11,2.119177218542211e-07,0,953
2025-12-11,2025-12-12,0.009255728949751326,8.566851839126478e-05,0.009628287013739138,1.0,0.0063001610973626,3.9692029852721124e-05,-8.901704073632738,2.113837498334836e-09,8.735381330073704e-06,0,954
2025-12-12,2025-12-15,0.009204239040124124,8.471801630774506e-05,0.009626950306429795,1.0,-0.0063265224410897,4.002488619761157e-05,-8.903733931337719,1.9974758790413203e-09,8.281252824358253e-06,0,955
2025-12-15,2025-12-16,0.009161426583960708,8.393173705330197e-05,0.009622868461551231,1.0,-0.0120470736883567,0.0001451319844526963,-7.656339809309665,3.7454702817470744e-09,8.326959211108972e-06,0,956
2025-12-16,2025-12-17,0.009574458665456545,9.167025873653592e-05,0.009618786616672665,1.0,0.0181399928413459,0.0003290593402840805,-5.707714968621721,5.635357603798679e-08,7.336837571832853e-05,0,957
2025-12-17,2025-12-18,0.010635903913288874,0.00011312245205271357,0.009616837689414202,0.9041862137733856,-0.0059325650556533,3.519532813955865e-05,-8.775913749128293,6.072636641376202e-09,2.21213964097447e-05,0,958
2025-12-18,2025-12-19,0.010350909273524465,0.00010714132278873477,0.009618786616672665,0.9292697252477691,0.0033746442769563,1.1388223995993908e-05,-9.035070208437212,9.168655928412392e-09,4.866827330234223e-05,0,959
2025-12-19,2025-12-22,0.01001763516883635,0.00010035301437590688,0.009622868461551231,0.9605928244908349,0.0094643291260549,8.95735258062911e-05,-8.31423213740758,1.1619737382247726e-10,3.0614757697846797e-07,0,960
2025-12-22,2025-12-23,0.010047674195523753,0.0001009557567393939,0.009626950306429795,0.9581272361238196,0.0019734960127628,3.894686512390669e-06,-9.162250037343282,9.420851353611254e-09,6.519235332697297e-05,0,961
2025-12-23,2025-12-24,0.009729489950995759,9.466297470652745e-05,0.009628287013739138,0.9895983306662172,0.0028806724340582,8.298273672342794e-06,-9.177526369576704,7.458861584724096e-09,4.690630138031075e-05,0,962
2025-12-24,2025-12-25,0.00947458380738862,8.976773832323063e-05,0.00962962372104848,1.0,0.0018282565513331,3.3425220174924e-06,-9.281049682712135,7.469318013493643e-09,5.846632050669753e-05,0,963
2025-12-25,2025-12-26,0.009234173661288552,8.526996320683521e-05,0.009628287013739138,1.0,0.0031613677405162,9.994245990776503e-06,-9.25248118630772,5.666433602392037e-09,3.687897175136772e-05,0,964
2025-12-26,2025-12-29,0.009055185592742541,8.199638611901208e-05,0.009626950306429795,1.0,-0.0038444168377923,1.477954082270095e-05,-9.228589136912715,4.518104291588223e-09,2.715211101756568e-05,0,965
2025-12-29,2025-12-30,0.008922161044426785,7.960495770268685e-05,0.009622868461551231,1.0,0.0025638693792414,6.573426193811681e-06,-9.355858596308652,5.333604594531827e-09,4.042787289956593e-05,0,966
2025-12-30,2025-12-31,0.00877014861374789,7.691550670722402e-05,0.009618786616672665,1.0,-0.0045985414860679,2.1146583799087567e-05,-9.197870407811275,3.110172762333667e-09,1.7402306027710494e-05,0,967
2025-12-31,2026-01-05,0.008705530929030725,7.578626875631056e-05,0.009616837689414202,1.0,0.0187880819761763,0.0003529920243435208,-4.829862815578344,7.684303093067614e-08,0.00010165783561829635,0,968
2026-01-05,2026-01-06,0.010069396718585142,0.00010139275027625323,0.009614888762155742,0.9548624441829258,0.0153424601259199,0.00023539108271544208,-6.874931909363072,1.7955553096483368e-08,2.7805197697772844e-05,0,969
2026-01-06,2026-01-07,0.010660632681566046,0.00011364908917127408,0.009616837689414202,0.9020888324989629,-0.0029308001445543,8.589589487319505e-06,-9.00681509833612,1.103749847384285e-08,5.975031105024545e-05,0,970
2026-01-07,2026-01-08,0.010265856588576695,0.00010538781149722353,0.009618786616672665,0.936968730634319,-0.0082024188319986,6.727967469552527e-05,-8.519462659625429,1.4522300904969493e-09,4.257775375272041e-06,0,971
2026-01-08,2026-01-09,0.010164707938834323,0.00010332128748180152,0.009622868461551231,0.9466940436908186,0.0044795195669895,2.0066095551041797e-05,-8.983456467571228,6.931426983427637e-09,3.232136682335959e-05,0,972
2026-01-09,2026-01-12,0.009893867973092843,9.788862346899228e-05,0.009626950306429795,0.9730219093898411,0.0064929580785505,4.2158504609814205e-05,-8.801001934447974,3.1058461480581153e-09,1.1566188110796009e-05,0,973
2026-01-12,2026-01-13,0.009751940131285173,9.510033632417026e-05,0.009628287013739138,0.9873201521049803,-0.0060496784322183,3.659860913324727e-05,-8.875735994037147,3.4224520843211784e-09,1.3706741688377523e-05,0,974
2026-01-13,2026-01-14,0.009608844544191187,9.232989347443273e-05,0.00962962372104848,1.0,-0.0040198055594202,1.6158836735545546e-05,-9.115130623884856,5.802029884718771e-09,3.1237356773289906e-05,0,975
2026-01-14,2026-01-15,0.009402540372873216,8.84077654635108e-05,0.009628287013739138,1.0,0.002001399540542,4.005600120881729e-06,-9.288242509091459,7.123725514524496e-09,5.47768856200004e-05,0,976
2026-01-15,2026-01-16,0.00917371295596949,8.415700939852247e-05,0.009626950306429795,1.0,-0.0041251521595873,1.7016880339747766e-05,-9.18062238696219,4.507796930028924e-09,2.548796611476717e-05,0,977
2026-01-16,2026-01-19,0.009032345419939856,8.15832637851085e-05,0.009622868461551231,1.0,0.0005472025726184,2.994306554801953e-07,-9.410216171606017,6.60706152824526e-09,7.199764913945045e-05,0,978
2026-01-19,2026-01-20,0.008836464636356007,7.808310726957029e-05,0.009618786616672665,1.0,-0.0032961924793225,1.0864884860742209e-05,-9.318591681087055,4.518289423802678e-09,3.06946155740007e-05,0,979
2026-01-20,2026-01-21,0.008714116026745801,7.593581812758803e-05,0.009616837689414202,1.0,0.0008875285878533,7.877069942568728e-07,-9.475248746818473,5.64723860690749e-09,6.125547093862989e-05,0,980
2026-01-21,2026-01-22,0.008561170535148632,7.32936409318971e-05,0.009614888762155742,1.0,0.0001354959046318,1.835914017198984e-08,-9.520786219343389,5.369266921656722e-09,7.099199297933496e-05,0,981
2026-01-22,2026-01-23,0.008423635264733406,7.095763107326024e-05,0.009611866653173463,1.0,-0.0045002256040236,2.0252030487109577e-05,-9.268017421250413,2.571057930802242e-09,1.539314336575103e-05,0,982
2026-01-23,2026-01-26,0.008399897290361091,7.05582744886156e-05,0.009608844544191187,1.0,0.0009479822081193,8.986702669107438e-07,-9.546335033007221,4.852460460324561e-09,5.553103839294268e-05,0,983
2026-01-26,2026-01-27,0.008283372898962651,6.861426658326892e-05,0.00960818514817954,1.0,-0.000269849618908,7.281881682479283e-08,-9.585948799092593,4.697930061920189e-09,6.421655535997785e-05,0,984
2026-01-27,2026-01-28,0.008176115639918484,6.684886695731964e-05,0.009607525752167893,1.0,0.0026104466587982,6.814431758430685e-06,-9.511138323883536,3.604133409649597e-09,3.09766712074045e-05,0,985
2026-01-28,2026-01-29,0.008113853715619023,6.583462211846463e-05,0.009602618846923398,1.0,0.0075761617296989,5.7398226554554226e-05,-8.7565099580837,7.117277011076722e-11,2.8911267172272597e-07,0,986
2026-01-29,2026-01-30,0.008310580267201835,6.906574437760452e-05,0.009597711941678903,1.0,-0.0100484872815661,0.00010097209664779568,-8.118480961070588,1.0180153151895324e-09,3.0203207905765147e-06,0,987
2026-01-30,2026-02-02,0.00868016613221261,7.534528408281083e-05,0.009595862124771232,1.0,-0.0215550766625216,0.0004646213299271833,-3.326867696516117,1.5153583986822999e-07,0.0001657633211634613,0,988
2026-02-02,2026-02-03,0.010555364561518614,0.00011141572102656304,0.00959401230786356,0.9089228753727912,0.0116835937825024,0.00013650636367452875,-7.877043713278676,6.295403484879155e-10,1.2729011750816818e-06,0,989
2026-02-03,2026-02-04,0.010674474979444912,0.00011394441608679546,0.009595862124771232,0.8989540134994284,0.0082425651969655,6.793988102622691e-05,-8.483545217278477,2.116417246139081e-09,5.914185190119062e-06,0,990
2026-02-04,2026-02-05,0.010496312933695642,0.00011017258520206643,0.009597711941678903,0.9143888908711918,-0.0060326148091381,3.639244143543231e-05,-8.783140349621545,5.4435096142251985e-09,1.9924600947178522e-05,0,991
2026-02-05,2026-02-06,0.01022447061261021,0.00010453979930812981,0.009602618846923398,0.9391800525183318,-0.0057590759152554,3.316695539767482e-05,-8.848676403788172,5.0940828478661726e-09,1.993974980316446e-05,0,992
2026-02-06,2026-02-09,0.009984731176094577,9.969485665887499e-05,0.009607525752167893,0.9622217747003756,0.0161196997398466,0.0002598447197028105,-6.60699601604504,2.5647978632991297e-08,3.763783927822554e-05,0,993
2026-02-09,2026-02-10,0.010676573192295773,0.00011398921513044876,0.00960818514817954,0.8999315581063797,0.0011097746009467,1.231599664906407e-06,-9.068602190178538,1.2714279845475115e-08,9.152363528743862e-05,0,994
2026-02-10,2026-02-11,0.010245949640444436,0.00010497948403452347,0.009608844544191187,0.9378188339186866,-0.002220782170002,4.931873446598792e-06,-9.114766214431945,1.0009524384353017e-08,6.440331292864746e-05,0,995
2026-02-11,2026-02-12,0.009894153439371611,9.789427228182909e-05,0.009611866653173463,0.9714693340943299,0.0012211929348548,1.4913121841392797e-06,-9.21638860951124,9.293530715596775e-09,7.52202439129085e-05,0,996
2026-02-12,2026-02-13,0.00957846834114694,9.174705576235422e-05,0.009614888762155742,1.0,-0.0126163854874798,0.00015917318276869092,-7.561561910476903,4.546282603074647e-09,9.228940587983187e-06,0,997
2026-02-13,2026-02-24,0.009952753012566581,9.905729252915316e-05,0.009611866653173463,0.9657495409599026,0.0100620514922893,0.00010124488023348134,-8.19772809762789,4.7855399641278395e-12,1.1946157669697589e-08,0,998
2026-02-24,2026-02-25,0.010029709582296837,0.00010059507430521699,0.009614888762155742,0.9586407944579687,0.0060041923684178,3.605032599696655e-05,-8.84603657657876,4.166024534175399e-09,1.6204788839236444e-05,0,999
2026-02-25,2026-02-26,0.009834762278621342,9.672254907699325e-05,0.009616837689414202,0.9778413973786778,-0.0019064211143237,3.6344414651392178e-06,-9.206088048881083,8.665395778756118e-09,6.285859361749648e-05,0,1000
2026-02-26,2026-02-27,0.009536334579391842,9.094167721010459e-05,0.009618786616672665,1.0,-0.0034373470933929,1.1815355040456618e-05,-9.17536983182338,6.260974860094922e-09,3.71976483543717e-05,0,1001
2026-02-27,2026-03-02,0.009313562716633169,8.674245047665941e-05,0.009616837689414202,1.0,0.0038180762789801,1.4577706472110526e-05,-9.184509817833053,5.207750277242074e-09,3.020037118642882e-05,0,1002
2026-03-02,2026-03-03,0.009133689376694527,8.342428162994245e-05,0.009614888762155742,1.0,-0.0155087464966227,0.00024052121789650688,-6.50846309476703,2.4679447384341007e-08,4.06413532823469e-05,0,1003
2026-03-03,2026-03-04,0.00992137840437887,9.843374944287542e-05,0.009611866653173463,0.9688035534388244,-0.0115095259635223,0.00013246918790499391,-7.880356821249447,1.158411071308655e-09,2.5222126696132322e-06,0,1004
2026-03-04,2026-03-05,0.010124833621288274,0.00010251225585876943,0.009614888762155742,0.9496342480077566,0.0097446154008003,9.495752930951441e-05,-8.259224034677162,5.7073893234018664e-11,1.4456589519104104e-07,0,1005
2026-03-05,2026-03-06,0.010146614513198563,0.00010295378607945172,0.009616837689414202,0.9477878238997614,0.0027395423085322,7.505092060237936e-06,-9.108332670156642,9.110453189973498e-09,5.4864718645141024e-05,0,1006
2026-03-06,2026-03-09,0.009820184922639048,9.643603191482728e-05,0.009618786616672665,0.9794913937412637,-0.0096983263205585,9.405753342003778e-05,-8.271294653245873,5.657255089715905e-12,1.4849518901025242e-08,0,1007
2026-03-09,2026-03-10,0.009888348748434292,9.777944097066203e-05,0.009622868461551231,0.9731522124029963,0.0127662865639611,0.0001629780726331737,-7.566003372685952,4.250861570663871e-09,8.282526070039217e-06,0,1008
2026-03-10,2026-03-11,0.01021354590868841,0.00010431652002888577,0.009626950306429795,0.9425669001243131,0.0063416729402122,4.0216815680619656e-05,-8.782554004325432,4.108772097535125e-09,1.4991400284016778e-05,0,1009
2026-03-11,2026-03-12,0.010007877483119947,0.00010015761171713925,0.009628287013739138,0.9620708317002226,-0.0036073062500733,1.3012658381817894e-05,-9.078843683754267,7.594242891815335e-09,4.096731210930427e-05,0,1010
2026-03-12,2026-03-13,0.00972434148266915,9.456281727156005e-05,0.00962962372104848,0.9902597248575158,-0.003937290667855,1.5502257803178072e-05,-9.102310128880216,6.2505720634535625e-09,3.3489957133241124e-05,0,1011
2026-03-13,2026-03-16,0.009490782172753278,9.007494625065143e-05,0.009630283225989758,1.0,0.0005181624619451,2.6849233696900717e-07,-9.311887732050975,8.065199164550366e-09,8.050790447478345e-05,0,1012
2026-03-16,2026-03-17,0.009225785972118893,8.511512680334574e-05,0.00962962372104848,1.0,-0.0073305731642343,5.373730291619207e-05,-8.740157340346002,9.845678318932312e-10,3.5918315871698026e-06,0,1013
2026-03-17,2026-03-18,0.009224893159681781,8.509865380754371e-05,0.009628287013739138,1.0,0.0044945249648249,2.020075465943427e-05,-9.13431891585065,4.211737313838184e-09,2.237638325891355e-05,0,1014
2026-03-18,2026-03-19,0.009080723378682227,8.245953708014596e-05,0.009626950306429795,1.0,-0.0162486613482933,0.00026401899561152067,-6.201402240782107,3.296383698220597e-08,5.137933473619214e-05,0,1015
2026-03-19,2026-03-20,0.009964101874989542,9.92833261751701e-05,0.009622868461551231,0.9657537209354687,-0.0035474400253333,1.2584330733336724e-05,-9.090781211040321,7.516715810623045e-09,4.117354929283386e-05,0,1016
2026-03-20,2026-03-23,0.009682744920922403,9.375554920364858e-05,0.009626950306429795,0.9942377275299231,-0.0331738084377388,0.0011005015662637902,2.4631688809036714,1.0135375428664592e-06,0.0005518300651511026,0,1017
2026-03-23,2026-03-24,0.013297986856972907,0.00017683645444822418,0.009628287013739138,0.7240409482500328,0.0127566749389173,0.00016273275549720073,-7.720040846753239,1.9891432410110006e-10,2.9301859262903953e-07,0,1018
2026-03-24,2026-03-25,0.01303951927132436,0.00017002906282723938,0.00962962372104848,0.7384953019108078,0.0139258080620218,0.00019392813018027138,-7.538982458193345,5.711654203447601e-10,7.855078205159315e-07,0,1019
2026-03-25,2026-03-26,0.012926109697733078,0.00016708431191782912,0.009630283225989758,0.7450256458583725,-0.0132980329010768,0.00017683767903812103,-7.638638085998016,9.512817018319143e-11,1.3832686918545542e-07,0,1020
2026-03-26,2026-03-27,0.012774912814403709,0.0001631983974156161,0.009630942730931038,0.7538949870618415,0.0055767897677126,3.110058411326395e-05,-8.5299747592811,1.744983227926308e-08,5.1812975395305694e-05,0,1021
2026-03-27,2026-03-30,0.012170999104198513,0.000148133219194401,0.009631528074260614,0.7913506518078798,-0.0023614389506294,5.576393917549681e-06,-8.779754106990643,2.0322448433014713e-08,9.622747040649087e-05,0,1022
2026-03-30,2026-03-31,0.011563758056166926,0.0001337205003815655,0.00963211341759019,0.8329570171570136,-0.0093715738447888,8.782639632832954e-05,-8.262967940153453,2.106268786849248e-09,4.805671616615531e-06,0,1023
2026-03-31,2026-04-01,0.011329067621087312,0.00012834777316316891,0.00963354760579687,0.8503389623931193,0.0169386812169789,0.0002869189213704338,-6.725286677805653,2.5144809043770374e-08,3.146776469521176e-05,0,1024
2026-04-01,2026-04-02,0.011827700345356544,0.0001398944954595473,0.009634981794003553,0.8146115908141152,-0.0104743000347116,0.00010971096121715943,-8.09038129349631,9.110457393614011e-10,1.8316924008538288e-06,0,1025
2026-04-02,2026-04-03,0.011631008535889746,0.00013528035956194014,0.009635342266983482,0.8284184675173915,-0.0085474247075845,7.305846913182596e-05,-8.368108896905616,3.871563648697134e-09,9.50848922618564e-06,0,1026
2026-04-03,2026-04-07,0.011336027788509884,0.0001285055260218683,0.00963570273996341,0.8500069794933008,-3.828220969884096e-05,1.4655275794260326e-09,-8.959527246098965,1.6513293563519854e-08,0.0001276390551635445,0,1027
2026-04-07,2026-04-08,0.010815263812077529,0.00011696993132483377,0.009637915599527723,0.8911401300044991,0.0342966136464091,0.001176257707611055,1.0024754088465269,1.1220905929894073e-06,0.0005513737900422635,0,1028
2026-04-08,2026-04-09,0.014147584721521106,0.00020015415345261744,0.009640128459092035,0.681397471642464,-0.006404890818215,4.102262639325481e-05,-8.31146756180256,2.5322842904244666e-08,5.9949308880293547e-05,0,1029
2026-04-09,2026-04-10,0.013445984421150456,0.00018079449705382075,0.009643653017013337,0.717214352996269,0.0152891395760846,0.00023375778897699638,-7.32520206925701,2.805110291339521e-09,3.39722092516031e-06,0,1030
2026-04-10,2026-04-13,0.0134096692946249,0.00017981923059120586,0.009647177574934641,0.7194194996890485,0.0020640509249754,4.260306220891804e-06,-8.599866324861718,3.082093592606165e-08,0.00012872305618972818,0,1031
2026-04-13,2026-04-14,0.01269109690819075,0.00016106394073308884,0.009647598189177695,0.760186314781916,0.0117958923993025,0.00013914307749592249,-7.86980950254325,4.805242450625513e-10,8.013911127338549e-07,0,1032
2026-04-14,2026-04-15,0.012481523914499422,0.00015578843922822098,0.00964801880342075,0.7729840418134302,-0.0034155360039708,1.166588619442082e-05,-8.69212875509549,2.0771310292980538e-08,8.219213679385114e-05,0,1033
2026-04-15,2026-04-16,0.01189126185998883,0.000141402108622825,0.009650816712879842,0.8115889488021842,0.0109024139036332,0.0001188626289261345,-8.02330277603896,5.080281449975239e-10,9.778202807887082e-07,0,1034
2026-04-16,2026-04-17,0.011730628169922444,0.000137607637260978,0.009653614622338935,0.8229409783093278,-0.0016777109314044,2.8147139693538193e-06,-8.870649495829795,1.816913216950168e-08,0.00010106114500449325,0,1035
2026-04-17,2026-04-20,0.011193417537238617,0.00012529259616296103,0.009657985632563607,0.8628272464984991,0.006065729410968,3.67930732870822e-05,-8.691201584159895,7.8321655492582e-09,2.6293185520296673e-05,0,1036
2026-04-20,2026-04-21,0.010840295725919227,0.00011751201142538266,0.00966235664278828,0.8913369973556637,0.0022172213201997,4.916070382748102e-06,-9.007135384373093,1.267784593927644e-08,7.435741220657518e-05,0,1037
2026-04-21,2026-04-22,0.010409730356604767,0.00010836248609721881,0.009663563281353524,0.9283202302374898,0.0066119018463905,4.37172460263021e-05,-8.72659335400168,4.179007063826455e-09,1.4423501392996319e-05,0,1038
2026-04-22,2026-04-23,0.01018673994174804,0.00010376967064080484,0.009664769919918766,0.948759855968238,-0.0027748933928793,7.700033341845192e-06,-9.099133700104366,9.229375210753659e-09,5.493546926397744e-05,0,1039
2026-04-23,2026-04-24,0.009848981212693949,9.700243092799837e-05,0.009664888616920646,0.9813084630991038,-0.0035497175107411,1.2600494406061992e-05,-9.110875769882595,7.123686888652976e-09,3.9680723186740716e-05,0,1040
2026-04-24,2026-04-27,0.009577461605680859,9.172777080829097e-05,0.009665007313922527,1.0,0.0003312257900039,1.0971052396370767e-07,-9.295489335595432,8.393868970262626e-09,8.549287675910735e-05,0,1041
2026-04-27,2026-04-28,0.009290285054387821,8.630939639178172e-05,0.009664888616920646,1.0,-0.0026738993973524,7.1497379871615285e-06,-9.27473361937943,6.266251518736156e-09,4.377655916262405e-05,0,1042
2026-04-28,2026-04-29,0.009078294665942222,8.2415434041675e-05,0.009664769919918766,1.0,0.0108982994447154,0.000118772930786684,-7.962588705667624,1.3218675695633397e-09,3.3124173947572043e-06,0,1043
2026-04-29,2026-04-30,0.009406849971517625,8.848882638664115e-05,0.009663563281353524,1.0,-0.0006321704242491,3.9963944529528706e-07,-9.328117999288601,7.759704855987377e-09,7.699500115725256e-05,0,1044
2026-04-30,2026-05-06,0.009158185689315963,8.38723651199917e-05,0.00966235664278828,1.0,0.0144110544063099,0.000207678489101624,-6.910089031543958,1.532795633535531e-08,2.759262975797353e-05,0,1045
2026-05-06,2026-05-07,0.009836555050167069,9.675781525496726e-05,0.009657985632563607,0.9818463459318078,0.0047905508078704,2.2949377042787742e-05,-9.006115747181008,5.4476855513211225e-09,2.5462158813275977e-05,0,1046
2026-05-07,2026-05-08,0.0096224091102305,9.259075708464693e-05,0.00966235664278828,1.0,-0.0058532240025509,3.426023122403798e-05,-8.917303404531754,3.40245024717517e-09,1.4206756375953679e-05,0,1047
2026-05-08,2026-05-11,0.00948857023325729,9.003296507145631e-05,0.009657985632563607,1.0,0.0162731673520383,0.0002648159756674452,-6.374012289850276,3.054910079299757e-08,4.6030758064171573e-05,0,1048
2026-05-11,2026-05-12,0.010310418074528881,0.00010630472087157184,0.009653614622338935,0.9362971076980351,-0.0007656651104517,5.862430613630139e-07,-9.14368612121729,1.1176396550507618e-08,9.110230914526013e-05,0,1049
2026-05-12,2026-05-13,0.009934051025909229,9.86853697853682e-05,0.009657985632563607,0.9722101897176076,0.010112297737747,0.00010225856553684309,-8.187365893362479,1.2767727878358175e-11,3.1771890280977365e-08,0,1050
2026-05-13,2026-05-14,0.010024144382388125,0.00010048347059896341,0.00966235664278828,0.9639083670586901,-0.0168954905424248,0.0002854576006691658,-6.3646759417584615,3.421542879522816e-08,4.721539805105074e-05,0,1051
2026-05-14,2026-05-15,0.01079967242112053,0.00011663292440351138,0.009663563281353524,0.8948015184659528,-0.0112562945536751,0.00012670416707909573,-7.9701290420907,1.0142992903051132e-10,2.0850377193868333e-07,0,1052
2026-05-15,2026-05-18,0.01083163933854025,0.00011732441076021267,0.009664769919918766,0.892272131470476,-0.0053790915114845,2.89346254889246e-05,-8.803947042617718,7.812754140304413e-09,2.9730277806330388e-05,0,1053
2026-05-18,2026-05-19,0.010490604508145252,0.00011005278294631749,0.009664888616920646,0.9212899608803771,0.0039973624420415,1.597890649304398e-05,-8.969357346179656,8.849894230945767e-09,4.2162192529019325e-05,0,1054
2026-05-19,2026-05-20,0.01015247622781207,0.0001030727735562892,0.009665007313922527,0.9519852198664447,-0.0004493187126146,2.0188730550564151e-07,-9.178116592796922,1.058241923802165e-08,9.415126576473314e-05,0,1055
2026-05-20,2026-05-21,0.009801142668940235,9.606239761692092e-05,0.009666473208233219,0.9862598203846391,-0.0140341525718326,0.00019695743840947557,-7.200205267901687,1.0179809256531268e-08,1.7918372837984824e-05,0,1056
2026-05-21,2026-05-22,0.010284406145920804,0.00010576900977425361,0.009667939102543911,0.9400580806873902,0.0128790131047034,0.00016586897855112192,-7.586033920875772,3.6120062469805454e-09,6.731985270563072e-06,0,1057
2026-05-22,2026-05-25,0.01055389837611741,0.00011138477093341372,0.009668743051452183,0.9161300125204673,0.0156657959245206,0.0002454171619487262,-6.899192149081308,1.7964681841281613e-08,2.6131496545370526e-05,0,1058
2026-05-25,2026-05-26,0.011064598295954525,0.00012242533545083978,0.009669547000360455,0.8739175830627188,0.0053194579026905,2.8296632378496415e-05,-8.77687542539651,8.860212742081382e-09,3.3006638138313915e-05,0,1059
2026-05-26,2026-05-27,0.010688820929510658,0.00011425089286314508,0.00967018925769026,0.9047012127401193,-0.0080519752162036,6.4834304882357e-05,-8.509640643584065,2.4419991676629694e-09,6.952955315785808e-06,0,1060
2026-05-27,2026-05-28,0.010508555309957129,0.00011042973470242816,0.009670831515020066,0.9202817351931052,0.0012298446529864,1.512517870479239e-06,-9.09743447028631,1.1862960122417778e-08,8.609447145578218e-05,0,1061
2026-05-28,2026-05-29,0.01011350694816988,0.00010228302279068046,0.009672832096810342,0.9564270975816868,-0.0045052608598879,2.0297375415637863e-05,-8.989323604361331,6.721646375504828e-09,3.145242418673014e-05,0,1062
2026-05-29,2026-06-01,0.009848786018630797,9.699858604077745e-05,0.009674832678600618,0.982337585596731,-0.0098312484692546,9.665344646422091e-05,-8.244372348298242,1.1912132730562854e-13,3.0756563812255036e-10,0,1063
2026-06-01,2026-06-02,0.009930964455497751,9.862405501635975e-05,0.009675110491418688,0.9742367455622678,0.0144077288205232,0.00020758264976573483,-7.119408148714093,1.1871975369758547e-08,2.0041419179961707e-05,0,1064
2026-06-02,2026-06-03,0.010426093025946059,0.00010870341578568104,0.009675388304236756,0.9279975039699797,0.0049221837727627,2.422789309284845e-05,-8.90400664320999,7.136113934227273e-09,3.0293017067277394e-05,0,1065
2026-06-03,2026-06-04,0.010130940021477266,0.00010263594571876978,0.009675781031072141,0.9550723832694495,-0.0069202881739488,4.789038841049562e-05,-8.717717894215435,2.9970760449935313e-09,1.0308285286037952e-05,0,1066
2026-06-04,2026-06-05,0.009973307504389428,9.946686257711049e-05,0.009676173757907526,0.9702071006683461,-0.018069403655837,0.0003265033484775756,-5.93315210727242,5.154556593003209e-08,6.554677289348418e-05,0,1067
2026-06-05,2026-06-08,0.010895451235704855,0.00011871085762962246,0.009676469590232337,0.8881201320531027,-0.0216742863299724,0.0004697746879136285,-5.08151801178508,1.232458129336774e-07,0.00011618328598941365,0,1068
2026-06-08,2026-06-09,0.012112810171665595,0.00014672017025480548,0.009676765422557148,0.7988869044768102,0.0185324968361344,0.00034345343898133156,-6.486109340275487,3.870397902382352e-08,4.121237686995862e-05,0,1069
2026-06-09,2026-06-10,0.012658551065557693,0.00016023891507933183,0.009679097444347366,0.764629173925202,-0.0111451982941779,0.00012421544501654597,-7.963655633014739,1.297690395364429e-09,2.2902366106429037e-06,0,1070
2026-06-10,2026-06-11,0.012367642090789562,0.0001529585708858696,0.009681429466137583,0.7828031725908,-0.0055284693655091,3.0563973525372586e-05,-8.585524812320916,1.4980437463038183e-08,4.677428356622018e-05,0,1071
2026-06-11,2026-06-12,0.011806376323256563,0.00013939052188635315,0.009682087193529993,0.8200727241311053,0.0115604573039653,0.00013364417307680466,-7.919455871538374,3.302052464099932e-11,6.047616404917609e-08,0,1072
2026-06-12,2026-06-15,0.011690226399126131,0.00013666139326282551,0.009682744920922403,0.8282769375318692,0.0236622157964752,0.0005599004563989604,-4.801013579764476,1.7913130456435318e-07,0.00014332853013023848,0,1073
2026-06-15,2026-06-16,0.013008722947046582,0.00016922687271301632,0.009683238184769122,0.7443650098619052,-0.0015302879231482,2.341781127733231e-06,-8.670432185028211,2.7850633793428323e-08,0.00013175447059785706,0,1074
2026-06-16,2026-06-17,0.012271224223474401,0.00015058294394278493,0.009683731448615842,0.7891414313896423,0.0096092478898709,9.233764500898835e-05,-8.187795282565496,3.3925148478873247e-09,7.086118000665136e-06,0,1075
2026-06-17,2026-06-18,0.011942715617847826,0.0001426284563287864,0.009687236995771845,0.8111418965126094,0.0020682698229499,4.27774006052521e-06,-8.825275324298735,1.9140920691940907e-08,9.750467975637733e-05,0,1076
2026-06-18,2026-06-22,0.011352754025016015,0.00012888502395251732,0.009690742542927849,0.8536027929059423,0.0236101219663361,0.0005574378592652664,-4.631511235837227,1.8365753265459626e-07,0.00015024306884890137,0,1077
2026-06-22,2026-06-23,0.012744789627693416,0.00016242966265416167,0.009692915210940106,0.7605394434976134,-0.0281147482881284,0.0007904390713048189,-3.858918681420339,3.9439581735374823e-07,0.00023623562922348043,0,1078
2026-06-23,2026-06-24,0.014491351242608504,0.00020999926083665104,0.00969508787895236,0.6690258014343184,0.004791941364711,2.2962702042828322e-05,-8.359059961993632,3.4982674325435106e-08,9.407855197945568e-05,0,1079
2026-06-24,2026-06-25,0.013645645469045403,0.00018620364026687933,0.009696381857300509,0.7105843310451206,0.0154733733814848,0.00023942528380284237,-7.3028447071480995,2.8325433406691165e-09,3.3405893219100793e-06,0,1080
2026-06-25,2026-06-26,0.013581479509643618,0.00018445658567086944,0.009697675835648656,0.7140367755046685,-0.0307214866220711,0.0009438097402700935,-3.481392481466971,5.76617213399793e-07,0.0002937798438140647,0,1081
2026-06-26,2026-06-29,0.015558181889563902,0.0002420570237087542,0.009700292408177094,0.623484959684386,0.0119856791670266,0.00014365650509489544,-7.732855147769485,9.682662063476364e-09,1.2762775702536439e-05,0,1082
2026-06-29,2026-06-30,0.014935061083621097,0.00022305604957149338,0.009702908980705532,0.6496732036366738,0.0106013802855272,0.00011238926395836477,-7.90422638610467,1.224713743794217e-08,1.878078925976776e-05,0,1083
2026-06-30,2026-07-01,0.014308799658724843,0.00020474174767352418,0.009704681979621094,0.6782317322965402,-0.0041153522267587,1.6936123950287793e-05,-8.41104169439896,3.5270952302073856e-08,0.00010390637054825712,0,1084
2026-07-01,2026-07-02,0.013472303685627575,0.00018150296659777434,0.009706454978536656,0.7204747758834761,-0.0300249341189119,0.000901496668845,-3.647395946715073,5.183909312756667e-07,0.0002739895742608904,0,1085
2026-07-02,2026-07-03,0.015385162099938354,0.00023670321284137953,0.009706570585094311,0.6309046678899278,0.0061878270496772,3.8289203596716836e-05,-8.186943079865024,3.93681190645411e-08,8.459097202676235e-05,0,1086
2026-07-03,2026-07-06,0.014511716798463017,0.00021058992443879373,0.009706686191651966,0.6688861370751138,-3.510884257870921e-05,1.2326308272165849e-09,-8.465591948351912,4.43475971173907e-08,0.00020957217790837284,0,1087
2026-07-06,2026-07-07,0.013620715480749683,0.0001855238902075341,0.009708931862501605,0.7128063042079803,-0.0103257420794228,0.0001066209494907627,-8.017624902816232,6.2256740537543405e-09,1.0856849715451647e-05,0,1088
2026-07-07,2026-07-08,0.013164707169468055,0.0001733095148578436,0.009711177533351243,0.7376675689280555,-0.0076939650311269,5.9197097900203565e-05,-8.318862803714392,1.3021643703914294e-08,2.9929019544221555e-05,0,1089
2026-07-08,2026-07-09,0.012609115836769493,0.00015898980218507122,0.009712486955283418,0.7702750201533398,0.0250806348950103,0.0006290382467368083,-4.790201349863857,2.209455402255075e-07,0.00015553878762006367,0,1090
2026-07-09,2026-07-10,0.013978234850273915,0.0001953910495294122,0.009713796377215594,0.6949229628249696,-0.0197829814863422,0.0003913663564889583,-6.537517429828446,3.840632093788831e-08,3.3695083508946084e-05,0,1091
2026-07-10,2026-07-13,0.01433456724458126,0.00020547981808942195,0.009713872849712566,0.6776537222206409,-0.0180267582617953,0.00032496401342920514,-6.908674022853464,1.4276472935995468e-08,1.3632274507596061e-05,0,1092
2026-07-13,2026-07-14,0.014442355266337265,0.00020858162563909975,0.009713949322209536,0.6726014658323176,0.0213074387236755,0.0004540069449631862,-6.298540892926858,6.02335873653298e-08,4.712937087621908e-05,0,1093
2026-07-14,2026-07-15,0.014898036487895717,0.00022195149119467214,0.009715137038421716,0.6521085544605172,-0.0020285337239669,4.11494906927102e-06,-8.394511850372464,4.7452759085151654e-08,0.00016562410139077147,0,1094
2026-07-15,2026-07-16,0.014005679076231068,0.00019615904638637676,0.009716324754633897,0.6937417815836862,-0.0186295411937182,0.0003470598050884434,-6.767307175405474,2.2771038976859336e-08,2.1380100881532588e-05,0,1095
2026-07-16,2026-07-17,0.01423940564924666,0.0002027606732437977,0.00971683801914131,0.6823907021467137,-0.0367051660985169,0.0013472692183197144,-1.8588563641081048,1.3098998097517917e-06,0.000504710392563995,0,1096
2026-07-17,2026-07-20,0.017084399311352635,0.0002918766998297464,0.009717351283648723,0.5687850714886717,0.0151677751359679,0.00023006140257528603,-7.350964757995459,3.821130974657295e-09,3.673448229669215e-06,0,1097
2026-07-20,2026-07-21,0.01656886310173394,0.00027452722448400045,0.00971805007346339,0.5865248577282525,0.0301836558579852,0.0009110530809532843,-4.8818345020522145,4.0516516595395546e-07,0.00018536258179567178,0,1098
2026-07-21,2026-07-22,0.01781486219114982,0.00031736931488965934,0.009718748863278056,0.5455416246838103,-0.0046507924493437,2.1629870406872373e-05,-7.987290802440381,8.746181902298743e-08,0.00017329273216713543,0,1099
2026-07-22,2026-07-23,0.016694387236297285,0.0002787025651954457,0.009721511948881986,0.5823221787826552,0.0022783972995245,5.191094254480534e-06,-8.166739490146727,7.480852473629046e-08,0.0002078207658571342,0,1100
2026-07-23,2026-07-24,0.01564230343868257,0.0002446816568678205,0.009724275034485917,0.6216651577310738,-0.0168092692263775,0.0002825515319248416,-7.160780528909317,1.4341274368343883e-09,1.3618091496504464e-06,0,1101
2026-07-24,2026-07-27,0.015463365649654878,0.00023911567721492645,0.009724308258577534,0.6288610435073406,0.0113863855057396,0.00012964977488531685,-7.796357870793548,1.1982783772835628e-08,1.6621767093879444e-05,0,1102
2026-07-27,2026-07-28,0.01488279076804375,0.00022149746104536828,0.00972434148266915,0.6533950274668381,-0.0286712298161359,0.0008220394191696803,-4.703817977617987,3.606506434677829e-07,0.00019012105138295238,0,1103
2026-07-28,2026-07-29,0.016293599183913703,0.00026548137436603326,0.009724533091253384,0.5968314907889837,0.0067046570698634,4.4952426424469275e-05,-8.064641653598372,4.863301688021305e-08,9.194781086660751e-05,0,1104
2026-07-29,2026-07-30,0.015404577075792611,0.00023730099488403523,0.009724724699837617,0.6312880030390092,-0.0110471310291346,0.00012203910397486847,-7.831901419772986,1.3285303495956659e-08,1.8987336049535536e-05,0,1105
2026-07-30,2026-07-31,0.014821825488329936,0.00021968651080650695,0.00972552316445815,0.6561623041720203,0.0084220976883456,7.093172947203629e-05,-8.100431942637279,2.2127984969866184e-08,4.0956515913892356e-05,0,1106
2026-07-31,2026-08-03,0.014152856191947142,0.00020030333838993658,0.009726321629078683,0.6872338344406325,-0.0098605829081842,9.723109528917437e-05,-8.030258403497351,1.0623887297822623e-08,1.8423609942505116e-05,0,1107
2026-08-03,2026-08-04,0.013637005963777928,0.00018596793165611477,0.009726481756238064,0.7132417322448312,0.0126312495857882,0.00015954846609847457,-7.7320009404002,6.979881603513369e-10,1.0115458918670167e-06,0,1108
2026-08-04,2026-08-05,0.013384987792482355,0.00017915789820490167,0.009726641883397445,0.726682910301972,0.0123599166320398,0.00015276753915097405,-7.7745452643661475,6.964510509952194e-10,1.0507708839710478e-06,0,1109
2026-08-05,2026-08-06,0.01314635399003779,0.00017282662323138255,0.00972746394459969,0.7399362554797391,-0.0014694732521176,2.159351638689076e-06,-8.650727320922348,2.91273175928942e-08,0.00013634954376761158,0,1110
2026-08-06,2026-08-07,0.012427864933208622,0.00015445182679807654,0.009728286005801936,0.7827801523499733,0.0092299293673293,8.519159612588786e-05,-8.224054413128492,4.796979552764785e-09,1.0226791883515897e-05,0,1111
2026-08-07,2026-08-10,0.01208239786925426,0.0001459843382709599,0.009728887978398847,0.8052116875869214,0.0016133738970235,2.602975331596795e-06,-8.81418070324845,2.0558215238349364e-08,0.00010960046293114233,0,1112
2026-08-10,2026-08-11,0.011468409088485666,0.00013152440702086062,0.009729489950995759,0.8483731157414162,-0.0081637813124621,6.66473253177054e-05,-8.429588403600551,4.209035730317876e-09,1.0920564738066458e-05,0,1113
2026-08-11,2026-08-12,0.011178817593054849,0.0001249659627787926,0.009729991177625543,0.8703953791741419,0.005800302962323,3.3643514454732974e-05,-8.71824773148023,8.339789567900545e-09,2.8928419632996555e-05,0,1114
2026-08-12,2026-08-13,0.010795066825940603,0.00011653346777652333,0.00973049240425533,0.9013832485847058,-0.0057659966887743,3.32467178149562e-05,-8.77203445655452,6.9366827191606025e-09,2.5291546444537896e-05,0,1115
2026-08-13,2026-08-14,0.01046168516199261,0.00010944685642865635,0.009731677451859948,0.9302208297392865,0.000413726729754,1.7116980691293936e-07,-9.118507502320444,1.1941175686653473e-08,0.00010096146865599499,0,1116
2026-08-14,2026-08-17,0.010028460089437261,0.00010057001176543599,0.009732862499464567,0.9705241295935315,0.0159927209852169,0.000255767124510997,-6.661481589266746,2.408614380455838e-08,3.5572408032926136e-05,0,1117
2026-08-17,2026-08-18,0.01077101362154841,0.00011601473443558138,0.009737556453109617,0.9040520043191418,-0.003230201469098,1.0434201530962876e-05,-8.971854764819248,1.1147248928423232e-08,5.686384791854377e-05,0,1118
2026-08-18,2026-08-19,0.010367891586316675,0.00010749317594561609,0.009742250406754667,0.9396558910407864,-0.0294422152689592,0.0008668440399437343,-1.0739057935791099,5.766137346546886e-07,0.00036382982395021744,0,1119
2026-08-19,2026-08-20,0.013079708706506172,0.00017107877984705335,0.009745482139378512,0.7450840349778484,0.0008822136509324,7.783009258914744e-07,-8.668837035188202,2.9002253120777106e-08,0.00014877888563074663,0,1120
2026-08-20,2026-08-21,0.01240420808459224,0.00015386437820586347,0.009748713872002358,0.7859198915013063,0.0056776082994715,3.223523600222766e-05,-8.569934788068084,1.4793648233192259e-08,4.5247144669186375e-05,0,1121
2026-08-21,2026-08-24,0.011910288278732726,0.00014185496688251816,0.009749567270073284,0.8185836515378327,-0.0121477899384586,0.000147568800388916,-7.820425978387996,3.264789333883468e-11,5.640703837254482e-08,0,1122
2026-08-24,2026-08-25,0.011870107106902516,0.00014089944272933761,0.00975042066814421,0.8214265111790188,-0.0024355042559438,5.931680980720362e-06,-8.825365411101393,1.821629671143151e-08,8.901173095531835e-05,0,1123
2026-08-25,2026-08-26,0.011346873071039716,0.00012875152849028628,0.009750435586619893,0.8593059537702628,0.0084788352404425,7.189064703456962e-05,-8.39925881797969,3.2331598399210635e-09,8.225640997736787e-06,0,1124
2026-08-26,2026-08-27,0.011122271245633465,0.00012370491766144497,0.009750450505095579,0.8766600175232686,0.0085652188791596,7.336297444791204e-05,-8.40456335939435,2.5343112465145737e-09,6.5385168048895884e-06,0,1125
2026-08-27,2026-08-28,0.010933413562289641,0.00011953953212405907,0.009751195318190376,0.8918710760034866,-0.0045673744310638,2.086090919353537e-05,-8.857352881090122,9.737470623464478e-09,4.0526454220298667e-05,0,1126
2026-08-28,2026-08-31,0.010572710633678904,0.00011178221014350696,0.009751940131285173,0.9223689618649732,0.0034458632339981,1.1873973427419843e-05,-8.99273395369868,9.981655763717697e-09,5.079195385833703e-05,0,1127
2026-08-31,2026-09-01,0.010220041501482324,0.00010444924829202106,0.009753720907208666,0.9543719470996256,-0.0029556575764056,8.735911708963825e-06,-9.0831714058207,9.161042799861603e-09,5.2771273810913104e-05,0,1128
2026-09-01,2026-09-02,0.009897436861285053,9.795925642312411e-05,0.009755501683132158,0.9856594004950827,-0.013861391883255,0.0001921381849411676,-7.269549735231257,8.869670576806743e-09,1.571293941620076e-05,0,1129
2026-09-02,2026-09-03,0.010361509699377902,0.00010736088325030235,0.00975618623378062,0.941579607300505,0.0010153244525907,1.0308837440286044e-06,-9.129712615462857,1.1306068795004174e-08,8.735117866726274e-05,0,1130
2026-09-03,2026-09-04,0.009995686179249648,9.991374219404243e-05,0.009756870784429083,0.9761081540038412,-0.0009955355561399,9.9109104353878e-07,-9.201283855520513,9.785690910644243e-09,8.100271123866278e-05,0,1131
2026-09-04,2026-09-07,0.009673114250123994,9.356913929595189e-05,0.009756997362018793,1.0,0.0059125006313233,3.495766371539842e-05,-8.903207444152889,3.435305069729815e-09,1.4142214789909254e-05,0,1132
2026-09-07,2026-09-08,0.009535529918340916,9.092633082357473e-05,0.009756870784429083,1.0,-0.0035648007480493,1.2707804373292849e-05,-9.165701586424758,6.118137880053445e-09,3.564960682497122e-05,0,1133
2026-09-08,2026-09-09,0.009321427988883978,8.688901975194962e-05,0.00975618623378062,1.0,0.0030357013634103,9.215482767811156e-06,-9.244818505033338,6.033178347626325e-09,3.9510359210188713e-05,0,1134
2026-09-09,2026-09-10,0.009120161496557812,8.317734572329563e-05,0.009755501683132158,1.0,-0.005308646727299,2.818173007526238e-05,-9.055720562037394,3.0245177405062003e-09,1.4527644836278056e-05,0,1135
2026-09-10,2026-09-11,0.009032251526416206,8.158156763644787e-05,0.009753720907208666,1.0,-0.0084406945869841,7.124532511074269e-05,-8.540605466579292,1.0683790955019628e-10,3.499396125902792e-07,0,1136
2026-09-11,2026-09-14,0.009151743890883753,8.375441624432809e-05,0.009751940131285173,1.0,-0.0066917261933925,4.477919944733528e-05,-8.852972841761416,1.5190675243725906e-09,6.051687071970163e-06,0,1137
2026-09-14,2026-09-15,0.00913383052596452,8.342686007704128e-05,0.009751195318190376,1.0,-0.0067278185085189,4.526354188356947e-05,-8.848986653813375,1.4564388555361764e-09,5.78889382809274e-06,0,1138
2026-09-15,2026-09-16,0.009120426599098638,8.318218134954595e-05,0.009750450505095579,1.0,0.0067702275662072,4.583598129823187e-05,-8.843446150369743,1.394738658272772e-09,5.523435494203849e-06,0,1139
2026-09-16,2026-09-17,0.009111159188800557,8.301322176366483e-05,0.009750435586619893,1.0,-0.0044986726400401,2.0238055522245366e-05,-9.152717506102665,3.940721496637851e-09,2.1275032162496152e-05,0,1140
2026-09-17,2026-09-18,0.008987057022159762,8.076719391955108e-05,0.00975042066814421,1.0,0.0105336321981042,0.00011095740728493753,-8.050146670319169,9.11448983047559e-10,2.391894774847573e-06,0,1141
2026-09-18,2026-09-21,0.009288864388377468,8.628300162566712e-05,0.009749567270073284,1.0,0.0071140218851807,5.060930738282997e-05,-8.771327799583023,1.2726124609314325e-09,4.729939913711183e-06,0,1142
2026-09-21,2026-09-22,0.009273031660313857,8.598911617318317e-05,0.009748713872002358,1.0,0.0011052206282144,1.2215126370306332e-06,-9.34708439274656,7.185546609262338e-09,6.671313705608561e-05,0,1143
2026-09-22,2026-09-23,0.009038521942586013,8.169487890660884e-05,0.009745482139378512,1.0,-0.0060274717430114,3.633041561280089e-05,-8.967810635006513,2.0579345299352486e-09,9.066423304358318e-06,0,1144
2026-09-23,2026-09-24,0.008995608159349583,8.092096615655678e-05,0.009742250406754667,1.0,-0.0174493788070566,0.000304480820752156,-5.659343767715867,4.997900858680546e-08,7.146623816403272e-05,0,1145
2026-09-24,2026-09-28,0.010111133787790716,0.00010223502647460303,0.009737556453109617,0.9630528739386085,-0.0224112160005849,0.0005022626026248727,-4.275413085438501,1.6002206168065983e-07,0.0001512920224414959,0,1146
2026-09-28,2026-09-29,0.011719652300236905,0.00013735025003844818,0.009742250406754667,0.8312746963114028,0.0010246409760415,1.049889129783278e-06,-8.885332442789286,1.8577788383832303e-08,0.00011438326722466796,0,1147
2026-09-29,2026-09-30,0.011155742818969281,0.0001244505978429847,0.009745482139378512,0.8735843320811632,0.0028519477943388,8.133606221633947e-06,-8.926245621231876,1.3529642539841377e-08,6.895301181107793e-05,0,1148
