date,target_session_date,target_direction_t_plus_1,probability,fold_month,family,variant,model_name,period,predicted_direction,target_return_t_plus_1
2023-12-29,2024-01-02,0.0,0.32925842379083103,2024-01,logistic,market_only,logistic_market_only,2024_validation,0,
2024-01-02,2024-01-03,0.0,0.26745836282198077,2024-01,logistic,market_only,logistic_market_only,2024_validation,0,
2024-01-03,2024-01-04,0.0,0.31281797359450236,2024-01,logistic,market_only,logistic_market_only,2024_validation,0,
2024-01-04,2024-01-05,0.0,0.2926014923014922,2024-01,logistic,market_only,logistic_market_only,2024_validation,0,
2024-01-05,2024-01-08,0.0,0.3609472471875382,2024-01,logistic,market_only,logistic_market_only,2024_validation,0,
2024-01-08,2024-01-09,1.0,0.3799636065238427,2024-01,logistic,market_only,logistic_market_only,2024_validation,0,
2024-01-09,2024-01-10,0.0,0.4305981754043317,2024-01,logistic,market_only,logistic_market_only,2024_validation,0,
2024-01-10,2024-01-11,1.0,0.42945387159809706,2024-01,logistic,market_only,logistic_market_only,2024_validation,0,
2024-01-11,2024-01-12,0.0,0.4790862945923825,2024-01,logistic,market_only,logistic_market_only,2024_validation,0,
2024-01-12,2024-01-15,0.0,0.4545497543989903,2024-01,logistic,market_only,logistic_market_only,2024_validation,0,
2024-01-15,2024-01-16,1.0,0.4432339934638938,2024-01,logistic,market_only,logistic_market_only,2024_validation,0,
2024-01-16,2024-01-17,0.0,0.45712291898318136,2024-01,logistic,market_only,logistic_market_only,2024_validation,0,
2024-01-17,2024-01-18,1.0,0.3436253600535138,2024-01,logistic,market_only,logistic_market_only,2024_validation,0,
2024-01-18,2024-01-19,0.0,0.45842243207586336,2024-01,logistic,market_only,logistic_market_only,2024_validation,0,
2024-01-19,2024-01-22,0.0,0.40577720056910965,2024-01,logistic,market_only,logistic_market_only,2024_validation,0,
2024-01-22,2024-01-23,1.0,0.36744681935035955,2024-01,logistic,market_only,logistic_market_only,2024_validation,0,
2024-01-23,2024-01-24,1.0,0.45085628793245464,2024-01,logistic,market_only,logistic_market_only,2024_validation,0,
2024-01-24,2024-01-25,1.0,0.40492643107516507,2024-01,logistic,market_only,logistic_market_only,2024_validation,0,
2024-01-25,2024-01-26,0.0,0.3738457224009014,2024-01,logistic,market_only,logistic_market_only,2024_validation,0,
2024-01-26,2024-01-29,0.0,0.3072698557067159,2024-01,logistic,market_only,logistic_market_only,2024_validation,0,
2024-01-29,2024-01-30,0.0,0.24570640306101263,2024-01,logistic,market_only,logistic_market_only,2024_validation,0,
2024-01-30,2024-01-31,0.0,0.22665446724976143,2024-01,logistic,market_only,logistic_market_only,2024_validation,0,
2024-01-31,2024-02-01,1.0,0.2836404595750596,2024-02,logistic,market_only,logistic_market_only,2024_validation,0,
2024-02-01,2024-02-02,0.0,0.37966308093148093,2024-02,logistic,market_only,logistic_market_only,2024_validation,0,
2024-02-02,2024-02-05,1.0,0.4008482363080779,2024-02,logistic,market_only,logistic_market_only,2024_validation,0,
2024-02-05,2024-02-06,1.0,0.4571321788368186,2024-02,logistic,market_only,logistic_market_only,2024_validation,0,
2024-02-06,2024-02-07,1.0,0.32783629486140287,2024-02,logistic,market_only,logistic_market_only,2024_validation,0,
2024-02-07,2024-02-08,1.0,0.21973212810887233,2024-02,logistic,market_only,logistic_market_only,2024_validation,0,
2024-02-08,2024-02-19,1.0,0.17624380766969147,2024-02,logistic,market_only,logistic_market_only,2024_validation,0,
2024-02-19,2024-02-20,1.0,0.12255027188080309,2024-02,logistic,market_only,logistic_market_only,2024_validation,0,
2024-02-20,2024-02-21,1.0,0.09297184847510659,2024-02,logistic,market_only,logistic_market_only,2024_validation,0,
2024-02-21,2024-02-22,1.0,0.10298767568453886,2024-02,logistic,market_only,logistic_market_only,2024_validation,0,
2024-02-22,2024-02-23,1.0,0.10981228076459877,2024-02,logistic,market_only,logistic_market_only,2024_validation,0,
2024-02-23,2024-02-26,0.0,0.09791518673663115,2024-02,logistic,market_only,logistic_market_only,2024_validation,0,
2024-02-26,2024-02-27,1.0,0.09934712538240191,2024-02,logistic,market_only,logistic_market_only,2024_validation,0,
2024-02-27,2024-02-28,0.0,0.12454666866885082,2024-02,logistic,market_only,logistic_market_only,2024_validation,0,
2024-02-28,2024-02-29,1.0,0.12124339894441806,2024-02,logistic,market_only,logistic_market_only,2024_validation,0,
2024-02-29,2024-03-01,1.0,0.4351875800953385,2024-03,logistic,market_only,logistic_market_only,2024_validation,0,
2024-03-01,2024-03-04,1.0,0.3880745721722121,2024-03,logistic,market_only,logistic_market_only,2024_validation,0,
2024-03-04,2024-03-05,1.0,0.35731365777077645,2024-03,logistic,market_only,logistic_market_only,2024_validation,0,
2024-03-05,2024-03-06,0.0,0.37640577345406145,2024-03,logistic,market_only,logistic_market_only,2024_validation,0,
2024-03-06,2024-03-07,0.0,0.32992728622873246,2024-03,logistic,market_only,logistic_market_only,2024_validation,0,
2024-03-07,2024-03-08,1.0,0.3602125012687334,2024-03,logistic,market_only,logistic_market_only,2024_validation,0,
2024-03-08,2024-03-11,1.0,0.40424910588787655,2024-03,logistic,market_only,logistic_market_only,2024_validation,0,
2024-03-11,2024-03-12,1.0,0.42414438477737126,2024-03,logistic,market_only,logistic_market_only,2024_validation,0,
2024-03-12,2024-03-13,0.0,0.41707887732640825,2024-03,logistic,market_only,logistic_market_only,2024_validation,0,
2024-03-13,2024-03-14,0.0,0.3224690165270006,2024-03,logistic,market_only,logistic_market_only,2024_validation,0,
2024-03-14,2024-03-15,1.0,0.33122579515089784,2024-03,logistic,market_only,logistic_market_only,2024_validation,0,
2024-03-15,2024-03-18,1.0,0.34903780975592374,2024-03,logistic,market_only,logistic_market_only,2024_validation,0,
2024-03-18,2024-03-19,0.0,0.37506851585120893,2024-03,logistic,market_only,logistic_market_only,2024_validation,0,
2024-03-19,2024-03-20,1.0,0.3572600060829967,2024-03,logistic,market_only,logistic_market_only,2024_validation,0,
2024-03-20,2024-03-21,0.0,0.368441391709384,2024-03,logistic,market_only,logistic_market_only,2024_validation,0,
2024-03-21,2024-03-22,0.0,0.3560319915402351,2024-03,logistic,market_only,logistic_market_only,2024_validation,0,
2024-03-22,2024-03-25,0.0,0.3553824280755187,2024-03,logistic,market_only,logistic_market_only,2024_validation,0,
2024-03-25,2024-03-26,1.0,0.39800128924679534,2024-03,logistic,market_only,logistic_market_only,2024_validation,0,
2024-03-26,2024-03-27,0.0,0.4170066161966663,2024-03,logistic,market_only,logistic_market_only,2024_validation,0,
2024-03-27,2024-03-28,1.0,0.4064888288625831,2024-03,logistic,market_only,logistic_market_only,2024_validation,0,
2024-03-28,2024-03-29,1.0,0.43917788323090623,2024-03,logistic,market_only,logistic_market_only,2024_validation,0,
2024-03-29,2024-04-01,1.0,0.42907713661229513,2024-04,logistic,market_only,logistic_market_only,2024_validation,0,
2024-04-01,2024-04-02,0.0,0.44090357688722615,2024-04,logistic,market_only,logistic_market_only,2024_validation,0,
2024-04-02,2024-04-03,0.0,0.3799065223579462,2024-04,logistic,market_only,logistic_market_only,2024_validation,0,
2024-04-03,2024-04-08,0.0,0.35937625603474577,2024-04,logistic,market_only,logistic_market_only,2024_validation,0,
2024-04-08,2024-04-09,0.0,0.36669451313478935,2024-04,logistic,market_only,logistic_market_only,2024_validation,0,
2024-04-09,2024-04-10,0.0,0.3992278473158769,2024-04,logistic,market_only,logistic_market_only,2024_validation,0,
2024-04-10,2024-04-11,0.0,0.4142655759561511,2024-04,logistic,market_only,logistic_market_only,2024_validation,0,
2024-04-11,2024-04-12,0.0,0.4392651091659078,2024-04,logistic,market_only,logistic_market_only,2024_validation,0,
2024-04-12,2024-04-15,1.0,0.4309810634399104,2024-04,logistic,market_only,logistic_market_only,2024_validation,0,
2024-04-15,2024-04-16,0.0,0.5060061678597156,2024-04,logistic,market_only,logistic_market_only,2024_validation,1,
2024-04-16,2024-04-17,1.0,0.41787842911307943,2024-04,logistic,market_only,logistic_market_only,2024_validation,0,
2024-04-17,2024-04-18,1.0,0.46064018491237035,2024-04,logistic,market_only,logistic_market_only,2024_validation,0,
2024-04-18,2024-04-19,0.0,0.40331626073372895,2024-04,logistic,market_only,logistic_market_only,2024_validation,0,
2024-04-19,2024-04-22,0.0,0.42219367857386625,2024-04,logistic,market_only,logistic_market_only,2024_validation,0,
2024-04-22,2024-04-23,0.0,0.48379501419050913,2024-04,logistic,market_only,logistic_market_only,2024_validation,0,
2024-04-23,2024-04-24,1.0,0.3985660583170656,2024-04,logistic,market_only,logistic_market_only,2024_validation,0,
2024-04-24,2024-04-25,1.0,0.46781452102700044,2024-04,logistic,market_only,logistic_market_only,2024_validation,0,
2024-04-25,2024-04-26,1.0,0.4620959272513885,2024-04,logistic,market_only,logistic_market_only,2024_validation,0,
2024-04-26,2024-04-29,1.0,0.5379424217692806,2024-04,logistic,market_only,logistic_market_only,2024_validation,1,
2024-04-29,2024-04-30,0.0,0.49309066884795877,2024-04,logistic,market_only,logistic_market_only,2024_validation,0,
2024-04-30,2024-05-06,1.0,0.38721409163369513,2024-05,logistic,market_only,logistic_market_only,2024_validation,0,
2024-05-06,2024-05-07,1.0,0.4075477931939858,2024-05,logistic,market_only,logistic_market_only,2024_validation,0,
2024-05-07,2024-05-08,0.0,0.35116168766753636,2024-05,logistic,market_only,logistic_market_only,2024_validation,0,
2024-05-08,2024-05-09,1.0,0.37326657483314407,2024-05,logistic,market_only,logistic_market_only,2024_validation,0,
2024-05-09,2024-05-10,1.0,0.44104945823817665,2024-05,logistic,market_only,logistic_market_only,2024_validation,0,
2024-05-10,2024-05-13,0.0,0.3938259581879582,2024-05,logistic,market_only,logistic_market_only,2024_validation,0,
2024-05-13,2024-05-14,0.0,0.40054668732845705,2024-05,logistic,market_only,logistic_market_only,2024_validation,0,
2024-05-14,2024-05-15,0.0,0.4062777976812246,2024-05,logistic,market_only,logistic_market_only,2024_validation,0,
2024-05-15,2024-05-16,1.0,0.392708026984594,2024-05,logistic,market_only,logistic_market_only,2024_validation,0,
2024-05-16,2024-05-17,1.0,0.4177798933059043,2024-05,logistic,market_only,logistic_market_only,2024_validation,0,
2024-05-17,2024-05-20,1.0,0.4258916036690243,2024-05,logistic,market_only,logistic_market_only,2024_validation,0,
2024-05-20,2024-05-21,0.0,0.37427613343961863,2024-05,logistic,market_only,logistic_market_only,2024_validation,0,
2024-05-21,2024-05-22,1.0,0.35536013524220517,2024-05,logistic,market_only,logistic_market_only,2024_validation,0,
2024-05-22,2024-05-23,0.0,0.34639349289460697,2024-05,logistic,market_only,logistic_market_only,2024_validation,0,
2024-05-23,2024-05-24,0.0,0.3483850097550601,2024-05,logistic,market_only,logistic_market_only,2024_validation,0,
2024-05-24,2024-05-27,1.0,0.41654969902989053,2024-05,logistic,market_only,logistic_market_only,2024_validation,0,
2024-05-27,2024-05-28,0.0,0.49241295174723665,2024-05,logistic,market_only,logistic_market_only,2024_validation,0,
2024-05-28,2024-05-29,1.0,0.4555507610210685,2024-05,logistic,market_only,logistic_market_only,2024_validation,0,
2024-05-29,2024-05-30,0.0,0.473888776327565,2024-05,logistic,market_only,logistic_market_only,2024_validation,0,
2024-05-30,2024-05-31,0.0,0.4252064172403052,2024-05,logistic,market_only,logistic_market_only,2024_validation,0,
2024-05-31,2024-06-03,1.0,0.41765758952376986,2024-06,logistic,market_only,logistic_market_only,2024_validation,0,
2024-06-03,2024-06-04,1.0,0.43146275623681,2024-06,logistic,market_only,logistic_market_only,2024_validation,0,
2024-06-04,2024-06-05,0.0,0.42204862911723856,2024-06,logistic,market_only,logistic_market_only,2024_validation,0,
2024-06-05,2024-06-06,0.0,0.39631986653179035,2024-06,logistic,market_only,logistic_market_only,2024_validation,0,
2024-06-06,2024-06-07,0.0,0.38540967687753397,2024-06,logistic,market_only,logistic_market_only,2024_validation,0,
2024-06-07,2024-06-11,0.0,0.37061124671812234,2024-06,logistic,market_only,logistic_market_only,2024_validation,0,
2024-06-11,2024-06-12,1.0,0.3852368035919584,2024-06,logistic,market_only,logistic_market_only,2024_validation,0,
2024-06-12,2024-06-13,0.0,0.4364663253704284,2024-06,logistic,market_only,logistic_market_only,2024_validation,0,
2024-06-13,2024-06-14,1.0,0.42200678268808817,2024-06,logistic,market_only,logistic_market_only,2024_validation,0,
2024-06-14,2024-06-17,0.0,0.44473806009929084,2024-06,logistic,market_only,logistic_market_only,2024_validation,0,
2024-06-17,2024-06-18,1.0,0.3987926789496015,2024-06,logistic,market_only,logistic_market_only,2024_validation,0,
2024-06-18,2024-06-19,0.0,0.38073781009797114,2024-06,logistic,market_only,logistic_market_only,2024_validation,0,
2024-06-19,2024-06-20,0.0,0.3665758441323212,2024-06,logistic,market_only,logistic_market_only,2024_validation,0,
2024-06-20,2024-06-21,0.0,0.3563709713473194,2024-06,logistic,market_only,logistic_market_only,2024_validation,0,
2024-06-21,2024-06-24,0.0,0.382792019136334,2024-06,logistic,market_only,logistic_market_only,2024_validation,0,
2024-06-24,2024-06-25,0.0,0.3801517680081988,2024-06,logistic,market_only,logistic_market_only,2024_validation,0,
2024-06-25,2024-06-26,1.0,0.379949770226663,2024-06,logistic,market_only,logistic_market_only,2024_validation,0,
2024-06-26,2024-06-27,0.0,0.4080406154867583,2024-06,logistic,market_only,logistic_market_only,2024_validation,0,
2024-06-27,2024-06-28,1.0,0.365043395498465,2024-06,logistic,market_only,logistic_market_only,2024_validation,0,
2024-06-28,2024-07-01,1.0,0.38183618872009845,2024-07,logistic,market_only,logistic_market_only,2024_validation,0,
2024-07-01,2024-07-02,0.0,0.37134843412708046,2024-07,logistic,market_only,logistic_market_only,2024_validation,0,
2024-07-02,2024-07-03,0.0,0.33715646367493224,2024-07,logistic,market_only,logistic_market_only,2024_validation,0,
2024-07-03,2024-07-04,0.0,0.336046602146906,2024-07,logistic,market_only,logistic_market_only,2024_validation,0,
2024-07-04,2024-07-05,0.0,0.3207049588219384,2024-07,logistic,market_only,logistic_market_only,2024_validation,0,
2024-07-05,2024-07-08,0.0,0.33365115186280014,2024-07,logistic,market_only,logistic_market_only,2024_validation,0,
2024-07-08,2024-07-09,1.0,0.3587615290820914,2024-07,logistic,market_only,logistic_market_only,2024_validation,0,
2024-07-09,2024-07-10,0.0,0.40792479662142545,2024-07,logistic,market_only,logistic_market_only,2024_validation,0,
2024-07-10,2024-07-11,1.0,0.3711161755340921,2024-07,logistic,market_only,logistic_market_only,2024_validation,0,
2024-07-11,2024-07-12,1.0,0.3910467816152044,2024-07,logistic,market_only,logistic_market_only,2024_validation,0,
2024-07-12,2024-07-15,1.0,0.34110580150253605,2024-07,logistic,market_only,logistic_market_only,2024_validation,0,
2024-07-15,2024-07-16,1.0,0.31101601684433544,2024-07,logistic,market_only,logistic_market_only,2024_validation,0,
2024-07-16,2024-07-17,1.0,0.3303506204372376,2024-07,logistic,market_only,logistic_market_only,2024_validation,0,
2024-07-17,2024-07-18,1.0,0.3010270962477202,2024-07,logistic,market_only,logistic_market_only,2024_validation,0,
2024-07-18,2024-07-19,1.0,0.3230159832078006,2024-07,logistic,market_only,logistic_market_only,2024_validation,0,
2024-07-19,2024-07-22,0.0,0.3123340676603166,2024-07,logistic,market_only,logistic_market_only,2024_validation,0,
2024-07-22,2024-07-23,0.0,0.2989670342910953,2024-07,logistic,market_only,logistic_market_only,2024_validation,0,
2024-07-23,2024-07-24,0.0,0.35839914128172634,2024-07,logistic,market_only,logistic_market_only,2024_validation,0,
2024-07-24,2024-07-25,0.0,0.414903548139564,2024-07,logistic,market_only,logistic_market_only,2024_validation,0,
2024-07-25,2024-07-26,1.0,0.4579148482493216,2024-07,logistic,market_only,logistic_market_only,2024_validation,0,
2024-07-26,2024-07-29,0.0,0.5039931393696658,2024-07,logistic,market_only,logistic_market_only,2024_validation,1,
2024-07-29,2024-07-30,0.0,0.4841463697673062,2024-07,logistic,market_only,logistic_market_only,2024_validation,0,
2024-07-30,2024-07-31,1.0,0.44964113085204865,2024-07,logistic,market_only,logistic_market_only,2024_validation,0,
2024-07-31,2024-08-01,0.0,0.5175709920563915,2024-08,logistic,market_only,logistic_market_only,2024_validation,1,
2024-08-01,2024-08-02,0.0,0.4300308987003768,2024-08,logistic,market_only,logistic_market_only,2024_validation,0,
2024-08-02,2024-08-05,0.0,0.5090273125444296,2024-08,logistic,market_only,logistic_market_only,2024_validation,1,
2024-08-05,2024-08-06,0.0,0.5212060763658206,2024-08,logistic,market_only,logistic_market_only,2024_validation,1,
2024-08-06,2024-08-07,0.0,0.47234026497594467,2024-08,logistic,market_only,logistic_market_only,2024_validation,0,
2024-08-07,2024-08-08,1.0,0.5235581044569141,2024-08,logistic,market_only,logistic_market_only,2024_validation,1,
2024-08-08,2024-08-09,0.0,0.5068878505656301,2024-08,logistic,market_only,logistic_market_only,2024_validation,1,
2024-08-09,2024-08-12,0.0,0.4824120398363598,2024-08,logistic,market_only,logistic_market_only,2024_validation,0,
2024-08-12,2024-08-13,1.0,0.4638921037550569,2024-08,logistic,market_only,logistic_market_only,2024_validation,0,
2024-08-13,2024-08-14,0.0,0.46361945208491795,2024-08,logistic,market_only,logistic_market_only,2024_validation,0,
2024-08-14,2024-08-15,1.0,0.44011043360226465,2024-08,logistic,market_only,logistic_market_only,2024_validation,0,
2024-08-15,2024-08-16,1.0,0.4765360267014323,2024-08,logistic,market_only,logistic_market_only,2024_validation,0,
2024-08-16,2024-08-19,1.0,0.4287736988718199,2024-08,logistic,market_only,logistic_market_only,2024_validation,0,
2024-08-19,2024-08-20,0.0,0.42214209892962085,2024-08,logistic,market_only,logistic_market_only,2024_validation,0,
2024-08-20,2024-08-21,0.0,0.39344480376358715,2024-08,logistic,market_only,logistic_market_only,2024_validation,0,
2024-08-21,2024-08-22,0.0,0.39299600924751543,2024-08,logistic,market_only,logistic_market_only,2024_validation,0,
2024-08-22,2024-08-23,1.0,0.41883175262535327,2024-08,logistic,market_only,logistic_market_only,2024_validation,0,
2024-08-23,2024-08-26,0.0,0.4347042558144372,2024-08,logistic,market_only,logistic_market_only,2024_validation,0,
2024-08-26,2024-08-27,0.0,0.43030467173246995,2024-08,logistic,market_only,logistic_market_only,2024_validation,0,
2024-08-27,2024-08-28,0.0,0.41447074487877733,2024-08,logistic,market_only,logistic_market_only,2024_validation,0,
2024-08-28,2024-08-29,0.0,0.3738696045925237,2024-08,logistic,market_only,logistic_market_only,2024_validation,0,
2024-08-29,2024-08-30,1.0,0.3832482597318445,2024-08,logistic,market_only,logistic_market_only,2024_validation,0,
2024-08-30,2024-09-02,0.0,0.43094152248217815,2024-09,logistic,market_only,logistic_market_only,2024_validation,0,
2024-09-02,2024-09-03,1.0,0.3755293631089468,2024-09,logistic,market_only,logistic_market_only,2024_validation,0,
2024-09-03,2024-09-04,0.0,0.42655206273357715,2024-09,logistic,market_only,logistic_market_only,2024_validation,0,
2024-09-04,2024-09-05,1.0,0.39940788990292886,2024-09,logistic,market_only,logistic_market_only,2024_validation,0,
2024-09-05,2024-09-06,0.0,0.41844191193842695,2024-09,logistic,market_only,logistic_market_only,2024_validation,0,
2024-09-06,2024-09-09,0.0,0.43452774236809283,2024-09,logistic,market_only,logistic_market_only,2024_validation,0,
2024-09-09,2024-09-10,1.0,0.41860504890326283,2024-09,logistic,market_only,logistic_market_only,2024_validation,0,
2024-09-10,2024-09-11,0.0,0.46742273307817883,2024-09,logistic,market_only,logistic_market_only,2024_validation,0,
2024-09-11,2024-09-12,0.0,0.4530761747873709,2024-09,logistic,market_only,logistic_market_only,2024_validation,0,
2024-09-12,2024-09-13,0.0,0.45043586240389066,2024-09,logistic,market_only,logistic_market_only,2024_validation,0,
2024-09-13,2024-09-18,1.0,0.443599657281021,2024-09,logistic,market_only,logistic_market_only,2024_validation,0,
2024-09-18,2024-09-19,1.0,0.43790016905536167,2024-09,logistic,market_only,logistic_market_only,2024_validation,0,
2024-09-19,2024-09-20,1.0,0.44636800095598045,2024-09,logistic,market_only,logistic_market_only,2024_validation,0,
2024-09-20,2024-09-23,1.0,0.41491167843657656,2024-09,logistic,market_only,logistic_market_only,2024_validation,0,
2024-09-23,2024-09-24,1.0,0.4034653597256808,2024-09,logistic,market_only,logistic_market_only,2024_validation,0,
2024-09-24,2024-09-25,1.0,0.5663202529679988,2024-09,logistic,market_only,logistic_market_only,2024_validation,1,
2024-09-25,2024-09-26,1.0,0.4409632177501575,2024-09,logistic,market_only,logistic_market_only,2024_validation,0,
2024-09-26,2024-09-27,1.0,0.4908944619062565,2024-09,logistic,market_only,logistic_market_only,2024_validation,0,
2024-09-27,2024-09-30,1.0,0.42383968561516855,2024-09,logistic,market_only,logistic_market_only,2024_validation,0,
2024-09-30,2024-10-08,1.0,0.7380250140783885,2024-10,logistic,market_only,logistic_market_only,2024_validation,1,
2024-10-08,2024-10-09,0.0,0.6196239977254895,2024-10,logistic,market_only,logistic_market_only,2024_validation,1,
2024-10-09,2024-10-10,1.0,0.28239693843127267,2024-10,logistic,market_only,logistic_market_only,2024_validation,0,
2024-10-10,2024-10-11,0.0,0.557024214046215,2024-10,logistic,market_only,logistic_market_only,2024_validation,1,
2024-10-11,2024-10-14,1.0,0.4820167824204003,2024-10,logistic,market_only,logistic_market_only,2024_validation,0,
2024-10-14,2024-10-15,0.0,0.7176194728450845,2024-10,logistic,market_only,logistic_market_only,2024_validation,1,
2024-10-15,2024-10-16,0.0,0.7026425966745857,2024-10,logistic,market_only,logistic_market_only,2024_validation,1,
2024-10-16,2024-10-17,0.0,0.7495664909430211,2024-10,logistic,market_only,logistic_market_only,2024_validation,1,
2024-10-17,2024-10-18,1.0,0.7825374262253063,2024-10,logistic,market_only,logistic_market_only,2024_validation,1,
2024-10-18,2024-10-21,1.0,0.8717555007000893,2024-10,logistic,market_only,logistic_market_only,2024_validation,1,
2024-10-21,2024-10-22,1.0,0.8309547885551284,2024-10,logistic,market_only,logistic_market_only,2024_validation,1,
2024-10-22,2024-10-23,1.0,0.8312426449554621,2024-10,logistic,market_only,logistic_market_only,2024_validation,1,
2024-10-23,2024-10-24,0.0,0.828221529772614,2024-10,logistic,market_only,logistic_market_only,2024_validation,1,
2024-10-24,2024-10-25,1.0,0.8013882445339094,2024-10,logistic,market_only,logistic_market_only,2024_validation,1,
2024-10-25,2024-10-28,1.0,0.8592708378533678,2024-10,logistic,market_only,logistic_market_only,2024_validation,1,
2024-10-28,2024-10-29,0.0,0.8599088402520314,2024-10,logistic,market_only,logistic_market_only,2024_validation,1,
2024-10-29,2024-10-30,0.0,0.8444339848258035,2024-10,logistic,market_only,logistic_market_only,2024_validation,1,
2024-10-30,2024-10-31,1.0,0.8620719956439986,2024-10,logistic,market_only,logistic_market_only,2024_validation,1,
2024-10-31,2024-11-01,0.0,0.6962260196242261,2024-11,logistic,market_only,logistic_market_only,2024_validation,1,
2024-11-01,2024-11-04,1.0,0.6956169722566854,2024-11,logistic,market_only,logistic_market_only,2024_validation,1,
2024-11-04,2024-11-05,1.0,0.6771225962512057,2024-11,logistic,market_only,logistic_market_only,2024_validation,1,
2024-11-05,2024-11-06,0.0,0.6654870331412542,2024-11,logistic,market_only,logistic_market_only,2024_validation,1,
2024-11-06,2024-11-07,1.0,0.5503835688531765,2024-11,logistic,market_only,logistic_market_only,2024_validation,1,
2024-11-07,2024-11-08,0.0,0.5967666900999492,2024-11,logistic,market_only,logistic_market_only,2024_validation,1,
2024-11-08,2024-11-11,1.0,0.5102440708727611,2024-11,logistic,market_only,logistic_market_only,2024_validation,1,
2024-11-11,2024-11-12,0.0,0.515372315271958,2024-11,logistic,market_only,logistic_market_only,2024_validation,1,
2024-11-12,2024-11-13,1.0,0.46789723488399015,2024-11,logistic,market_only,logistic_market_only,2024_validation,0,
2024-11-13,2024-11-14,0.0,0.4923138656641786,2024-11,logistic,market_only,logistic_market_only,2024_validation,0,
2024-11-14,2024-11-15,0.0,0.4632518640104315,2024-11,logistic,market_only,logistic_market_only,2024_validation,0,
2024-11-15,2024-11-18,0.0,0.46573661196609617,2024-11,logistic,market_only,logistic_market_only,2024_validation,0,
2024-11-18,2024-11-19,1.0,0.4988529731352218,2024-11,logistic,market_only,logistic_market_only,2024_validation,0,
2024-11-19,2024-11-20,1.0,0.5316104916273408,2024-11,logistic,market_only,logistic_market_only,2024_validation,1,
2024-11-20,2024-11-21,1.0,0.5358760250081274,2024-11,logistic,market_only,logistic_market_only,2024_validation,1,
2024-11-21,2024-11-22,0.0,0.5426014135782381,2024-11,logistic,market_only,logistic_market_only,2024_validation,1,
2024-11-22,2024-11-25,0.0,0.518855019353743,2024-11,logistic,market_only,logistic_market_only,2024_validation,1,
2024-11-25,2024-11-26,0.0,0.564393670090622,2024-11,logistic,market_only,logistic_market_only,2024_validation,1,
2024-11-26,2024-11-27,1.0,0.573995570713076,2024-11,logistic,market_only,logistic_market_only,2024_validation,1,
2024-11-27,2024-11-28,0.0,0.6144011176579672,2024-11,logistic,market_only,logistic_market_only,2024_validation,1,
2024-11-28,2024-11-29,1.0,0.5876330090354006,2024-11,logistic,market_only,logistic_market_only,2024_validation,1,
2024-11-29,2024-12-02,1.0,0.5975544384325343,2024-12,logistic,market_only,logistic_market_only,2024_validation,1,
2024-12-02,2024-12-03,1.0,0.5873788399081533,2024-12,logistic,market_only,logistic_market_only,2024_validation,1,
2024-12-03,2024-12-04,0.0,0.5625293782595837,2024-12,logistic,market_only,logistic_market_only,2024_validation,1,
2024-12-04,2024-12-05,0.0,0.5466377285593023,2024-12,logistic,market_only,logistic_market_only,2024_validation,1,
2024-12-05,2024-12-06,1.0,0.5295227903817922,2024-12,logistic,market_only,logistic_market_only,2024_validation,1,
2024-12-06,2024-12-09,0.0,0.5409559109488851,2024-12,logistic,market_only,logistic_market_only,2024_validation,1,
2024-12-09,2024-12-10,1.0,0.5168751868235217,2024-12,logistic,market_only,logistic_market_only,2024_validation,1,
2024-12-10,2024-12-11,0.0,0.521434820049667,2024-12,logistic,market_only,logistic_market_only,2024_validation,1,
2024-12-11,2024-12-12,1.0,0.504397707811488,2024-12,logistic,market_only,logistic_market_only,2024_validation,1,
2024-12-12,2024-12-13,0.0,0.5065144988311087,2024-12,logistic,market_only,logistic_market_only,2024_validation,1,
2024-12-13,2024-12-16,0.0,0.46772967179174113,2024-12,logistic,market_only,logistic_market_only,2024_validation,0,
2024-12-16,2024-12-17,1.0,0.49129375227515903,2024-12,logistic,market_only,logistic_market_only,2024_validation,0,
2024-12-17,2024-12-18,1.0,0.5036852925129581,2024-12,logistic,market_only,logistic_market_only,2024_validation,1,
2024-12-18,2024-12-19,1.0,0.511208261032044,2024-12,logistic,market_only,logistic_market_only,2024_validation,1,
2024-12-19,2024-12-20,0.0,0.5105753683015414,2024-12,logistic,market_only,logistic_market_only,2024_validation,1,
2024-12-20,2024-12-23,1.0,0.42425241341078285,2024-12,logistic,market_only,logistic_market_only,2024_validation,0,
2024-12-23,2024-12-24,1.0,0.4313256919755314,2024-12,logistic,market_only,logistic_market_only,2024_validation,0,
2024-12-24,2024-12-25,1.0,0.5127757162969858,2024-12,logistic,market_only,logistic_market_only,2024_validation,1,
2024-12-25,2024-12-26,1.0,0.4246187786557391,2024-12,logistic,market_only,logistic_market_only,2024_validation,0,
2024-12-26,2024-12-27,0.0,0.420694954263717,2024-12,logistic,market_only,logistic_market_only,2024_validation,0,
2024-12-27,2024-12-30,1.0,0.41461836079074654,2024-12,logistic,market_only,logistic_market_only,2024_validation,0,
2024-12-30,2024-12-31,0.0,0.41697075414882045,2024-12,logistic,market_only,logistic_market_only,2024_validation,0,
2023-12-29,2024-01-02,0.0,0.304187068937553,2024-01,logistic,market_plus_sentiment,logistic_market_plus_sentiment,2024_validation,0,
2024-01-02,2024-01-03,0.0,0.29225453994869616,2024-01,logistic,market_plus_sentiment,logistic_market_plus_sentiment,2024_validation,0,
2024-01-03,2024-01-04,0.0,0.2955391024227182,2024-01,logistic,market_plus_sentiment,logistic_market_plus_sentiment,2024_validation,0,
2024-01-04,2024-01-05,0.0,0.2518623264605336,2024-01,logistic,market_plus_sentiment,logistic_market_plus_sentiment,2024_validation,0,
2024-01-05,2024-01-08,0.0,0.29483692306079085,2024-01,logistic,market_plus_sentiment,logistic_market_plus_sentiment,2024_validation,0,
2024-01-08,2024-01-09,1.0,0.41608407416326393,2024-01,logistic,market_plus_sentiment,logistic_market_plus_sentiment,2024_validation,0,
2024-01-09,2024-01-10,0.0,0.42457431404101914,2024-01,logistic,market_plus_sentiment,logistic_market_plus_sentiment,2024_validation,0,
2024-01-10,2024-01-11,1.0,0.3981845655791536,2024-01,logistic,market_plus_sentiment,logistic_market_plus_sentiment,2024_validation,0,
2024-01-11,2024-01-12,0.0,0.49284129207940014,2024-01,logistic,market_plus_sentiment,logistic_market_plus_sentiment,2024_validation,0,
2024-01-12,2024-01-15,0.0,0.3792674663132476,2024-01,logistic,market_plus_sentiment,logistic_market_plus_sentiment,2024_validation,0,
2024-01-15,2024-01-16,1.0,0.4271655297537701,2024-01,logistic,market_plus_sentiment,logistic_market_plus_sentiment,2024_validation,0,
2024-01-16,2024-01-17,0.0,0.44403480352927593,2024-01,logistic,market_plus_sentiment,logistic_market_plus_sentiment,2024_validation,0,
2024-01-17,2024-01-18,1.0,0.3283469914896483,2024-01,logistic,market_plus_sentiment,logistic_market_plus_sentiment,2024_validation,0,
2024-01-18,2024-01-19,0.0,0.5022617747001576,2024-01,logistic,market_plus_sentiment,logistic_market_plus_sentiment,2024_validation,1,
2024-01-19,2024-01-22,0.0,0.39464771651303987,2024-01,logistic,market_plus_sentiment,logistic_market_plus_sentiment,2024_validation,0,
2024-01-22,2024-01-23,1.0,0.3649553009586903,2024-01,logistic,market_plus_sentiment,logistic_market_plus_sentiment,2024_validation,0,
2024-01-23,2024-01-24,1.0,0.482864268823518,2024-01,logistic,market_plus_sentiment,logistic_market_plus_sentiment,2024_validation,0,
2024-01-24,2024-01-25,1.0,0.42749935058559585,2024-01,logistic,market_plus_sentiment,logistic_market_plus_sentiment,2024_validation,0,
2024-01-25,2024-01-26,0.0,0.3927320978857194,2024-01,logistic,market_plus_sentiment,logistic_market_plus_sentiment,2024_validation,0,
2024-01-26,2024-01-29,0.0,0.28270454935110345,2024-01,logistic,market_plus_sentiment,logistic_market_plus_sentiment,2024_validation,0,
2024-01-29,2024-01-30,0.0,0.24953482409874653,2024-01,logistic,market_plus_sentiment,logistic_market_plus_sentiment,2024_validation,0,
2024-01-30,2024-01-31,0.0,0.2891012256612566,2024-01,logistic,market_plus_sentiment,logistic_market_plus_sentiment,2024_validation,0,
2024-01-31,2024-02-01,1.0,0.26207448952705414,2024-02,logistic,market_plus_sentiment,logistic_market_plus_sentiment,2024_validation,0,
2024-02-01,2024-02-02,0.0,0.3183575073556421,2024-02,logistic,market_plus_sentiment,logistic_market_plus_sentiment,2024_validation,0,
2024-02-02,2024-02-05,1.0,0.3640730157908554,2024-02,logistic,market_plus_sentiment,logistic_market_plus_sentiment,2024_validation,0,
2024-02-05,2024-02-06,1.0,0.46233515627676,2024-02,logistic,market_plus_sentiment,logistic_market_plus_sentiment,2024_validation,0,
2024-02-06,2024-02-07,1.0,0.3780203245612376,2024-02,logistic,market_plus_sentiment,logistic_market_plus_sentiment,2024_validation,0,
2024-02-07,2024-02-08,1.0,0.15748405084693928,2024-02,logistic,market_plus_sentiment,logistic_market_plus_sentiment,2024_validation,0,
2024-02-08,2024-02-19,1.0,0.16174546202692003,2024-02,logistic,market_plus_sentiment,logistic_market_plus_sentiment,2024_validation,0,
2024-02-19,2024-02-20,1.0,0.10323219526556385,2024-02,logistic,market_plus_sentiment,logistic_market_plus_sentiment,2024_validation,0,
2024-02-20,2024-02-21,1.0,0.06193378741217974,2024-02,logistic,market_plus_sentiment,logistic_market_plus_sentiment,2024_validation,0,
2024-02-21,2024-02-22,1.0,0.07661182329416047,2024-02,logistic,market_plus_sentiment,logistic_market_plus_sentiment,2024_validation,0,
2024-02-22,2024-02-23,1.0,0.06093433756493264,2024-02,logistic,market_plus_sentiment,logistic_market_plus_sentiment,2024_validation,0,
2024-02-23,2024-02-26,0.0,0.05267728173479942,2024-02,logistic,market_plus_sentiment,logistic_market_plus_sentiment,2024_validation,0,
2024-02-26,2024-02-27,1.0,0.07684172131653158,2024-02,logistic,market_plus_sentiment,logistic_market_plus_sentiment,2024_validation,0,
2024-02-27,2024-02-28,0.0,0.11504937703184212,2024-02,logistic,market_plus_sentiment,logistic_market_plus_sentiment,2024_validation,0,
2024-02-28,2024-02-29,1.0,0.12816854053520838,2024-02,logistic,market_plus_sentiment,logistic_market_plus_sentiment,2024_validation,0,
2024-02-29,2024-03-01,1.0,0.42214021769219473,2024-03,logistic,market_plus_sentiment,logistic_market_plus_sentiment,2024_validation,0,
2024-03-01,2024-03-04,1.0,0.38824664067550035,2024-03,logistic,market_plus_sentiment,logistic_market_plus_sentiment,2024_validation,0,
2024-03-04,2024-03-05,1.0,0.39717258423728946,2024-03,logistic,market_plus_sentiment,logistic_market_plus_sentiment,2024_validation,0,
2024-03-05,2024-03-06,0.0,0.37589114984040317,2024-03,logistic,market_plus_sentiment,logistic_market_plus_sentiment,2024_validation,0,
2024-03-06,2024-03-07,0.0,0.37397926282592353,2024-03,logistic,market_plus_sentiment,logistic_market_plus_sentiment,2024_validation,0,
2024-03-07,2024-03-08,1.0,0.359656422200845,2024-03,logistic,market_plus_sentiment,logistic_market_plus_sentiment,2024_validation,0,
2024-03-08,2024-03-11,1.0,0.3892052954191842,2024-03,logistic,market_plus_sentiment,logistic_market_plus_sentiment,2024_validation,0,
2024-03-11,2024-03-12,1.0,0.4596073672112909,2024-03,logistic,market_plus_sentiment,logistic_market_plus_sentiment,2024_validation,0,
2024-03-12,2024-03-13,0.0,0.44890954754521956,2024-03,logistic,market_plus_sentiment,logistic_market_plus_sentiment,2024_validation,0,
2024-03-13,2024-03-14,0.0,0.3609147493243696,2024-03,logistic,market_plus_sentiment,logistic_market_plus_sentiment,2024_validation,0,
2024-03-14,2024-03-15,1.0,0.3255818410056459,2024-03,logistic,market_plus_sentiment,logistic_market_plus_sentiment,2024_validation,0,
2024-03-15,2024-03-18,1.0,0.37067666935644994,2024-03,logistic,market_plus_sentiment,logistic_market_plus_sentiment,2024_validation,0,
2024-03-18,2024-03-19,0.0,0.35392746032951916,2024-03,logistic,market_plus_sentiment,logistic_market_plus_sentiment,2024_validation,0,
2024-03-19,2024-03-20,1.0,0.31807128191178585,2024-03,logistic,market_plus_sentiment,logistic_market_plus_sentiment,2024_validation,0,
2024-03-20,2024-03-21,0.0,0.38120929023311145,2024-03,logistic,market_plus_sentiment,logistic_market_plus_sentiment,2024_validation,0,
2024-03-21,2024-03-22,0.0,0.3321715445443135,2024-03,logistic,market_plus_sentiment,logistic_market_plus_sentiment,2024_validation,0,
2024-03-22,2024-03-25,0.0,0.33792839494612303,2024-03,logistic,market_plus_sentiment,logistic_market_plus_sentiment,2024_validation,0,
2024-03-25,2024-03-26,1.0,0.41635546380332467,2024-03,logistic,market_plus_sentiment,logistic_market_plus_sentiment,2024_validation,0,
2024-03-26,2024-03-27,0.0,0.38200987138580045,2024-03,logistic,market_plus_sentiment,logistic_market_plus_sentiment,2024_validation,0,
2024-03-27,2024-03-28,1.0,0.415081732769608,2024-03,logistic,market_plus_sentiment,logistic_market_plus_sentiment,2024_validation,0,
2024-03-28,2024-03-29,1.0,0.4213393096745989,2024-03,logistic,market_plus_sentiment,logistic_market_plus_sentiment,2024_validation,0,
2024-03-29,2024-04-01,1.0,0.42024423368303604,2024-04,logistic,market_plus_sentiment,logistic_market_plus_sentiment,2024_validation,0,
2024-04-01,2024-04-02,0.0,0.4406009305394763,2024-04,logistic,market_plus_sentiment,logistic_market_plus_sentiment,2024_validation,0,
2024-04-02,2024-04-03,0.0,0.38495231099287974,2024-04,logistic,market_plus_sentiment,logistic_market_plus_sentiment,2024_validation,0,
2024-04-03,2024-04-08,0.0,0.35616476584084006,2024-04,logistic,market_plus_sentiment,logistic_market_plus_sentiment,2024_validation,0,
2024-04-08,2024-04-09,0.0,0.4696865628269423,2024-04,logistic,market_plus_sentiment,logistic_market_plus_sentiment,2024_validation,0,
2024-04-09,2024-04-10,0.0,0.43375884404436127,2024-04,logistic,market_plus_sentiment,logistic_market_plus_sentiment,2024_validation,0,
2024-04-10,2024-04-11,0.0,0.4238504205117886,2024-04,logistic,market_plus_sentiment,logistic_market_plus_sentiment,2024_validation,0,
2024-04-11,2024-04-12,0.0,0.4186729488696308,2024-04,logistic,market_plus_sentiment,logistic_market_plus_sentiment,2024_validation,0,
2024-04-12,2024-04-15,1.0,0.39043598160091525,2024-04,logistic,market_plus_sentiment,logistic_market_plus_sentiment,2024_validation,0,
2024-04-15,2024-04-16,0.0,0.4717382754825537,2024-04,logistic,market_plus_sentiment,logistic_market_plus_sentiment,2024_validation,0,
2024-04-16,2024-04-17,1.0,0.3381827377732894,2024-04,logistic,market_plus_sentiment,logistic_market_plus_sentiment,2024_validation,0,
2024-04-17,2024-04-18,1.0,0.3889499311242858,2024-04,logistic,market_plus_sentiment,logistic_market_plus_sentiment,2024_validation,0,
2024-04-18,2024-04-19,0.0,0.4118954326199537,2024-04,logistic,market_plus_sentiment,logistic_market_plus_sentiment,2024_validation,0,
2024-04-19,2024-04-22,0.0,0.44817504891242027,2024-04,logistic,market_plus_sentiment,logistic_market_plus_sentiment,2024_validation,0,
2024-04-22,2024-04-23,0.0,0.5583679389332158,2024-04,logistic,market_plus_sentiment,logistic_market_plus_sentiment,2024_validation,1,
2024-04-23,2024-04-24,1.0,0.44089223499902547,2024-04,logistic,market_plus_sentiment,logistic_market_plus_sentiment,2024_validation,0,
2024-04-24,2024-04-25,1.0,0.5344773357955511,2024-04,logistic,market_plus_sentiment,logistic_market_plus_sentiment,2024_validation,1,
2024-04-25,2024-04-26,1.0,0.4861963191595596,2024-04,logistic,market_plus_sentiment,logistic_market_plus_sentiment,2024_validation,0,
2024-04-26,2024-04-29,1.0,0.5807342039186077,2024-04,logistic,market_plus_sentiment,logistic_market_plus_sentiment,2024_validation,1,
2024-04-29,2024-04-30,0.0,0.5329901478921416,2024-04,logistic,market_plus_sentiment,logistic_market_plus_sentiment,2024_validation,1,
2024-04-30,2024-05-06,1.0,0.3875454231997447,2024-05,logistic,market_plus_sentiment,logistic_market_plus_sentiment,2024_validation,0,
2024-05-06,2024-05-07,1.0,0.4327276289854948,2024-05,logistic,market_plus_sentiment,logistic_market_plus_sentiment,2024_validation,0,
2024-05-07,2024-05-08,0.0,0.37810424081207505,2024-05,logistic,market_plus_sentiment,logistic_market_plus_sentiment,2024_validation,0,
2024-05-08,2024-05-09,1.0,0.40046826144378167,2024-05,logistic,market_plus_sentiment,logistic_market_plus_sentiment,2024_validation,0,
2024-05-09,2024-05-10,1.0,0.4628175458211329,2024-05,logistic,market_plus_sentiment,logistic_market_plus_sentiment,2024_validation,0,
2024-05-10,2024-05-13,0.0,0.4114131481748123,2024-05,logistic,market_plus_sentiment,logistic_market_plus_sentiment,2024_validation,0,
2024-05-13,2024-05-14,0.0,0.41932709884585034,2024-05,logistic,market_plus_sentiment,logistic_market_plus_sentiment,2024_validation,0,
2024-05-14,2024-05-15,0.0,0.42039501069368157,2024-05,logistic,market_plus_sentiment,logistic_market_plus_sentiment,2024_validation,0,
2024-05-15,2024-05-16,1.0,0.41426926978721657,2024-05,logistic,market_plus_sentiment,logistic_market_plus_sentiment,2024_validation,0,
2024-05-16,2024-05-17,1.0,0.42732772407819003,2024-05,logistic,market_plus_sentiment,logistic_market_plus_sentiment,2024_validation,0,
2024-05-17,2024-05-20,1.0,0.4058606661939073,2024-05,logistic,market_plus_sentiment,logistic_market_plus_sentiment,2024_validation,0,
2024-05-20,2024-05-21,0.0,0.3608529826972096,2024-05,logistic,market_plus_sentiment,logistic_market_plus_sentiment,2024_validation,0,
2024-05-21,2024-05-22,1.0,0.3454021625668564,2024-05,logistic,market_plus_sentiment,logistic_market_plus_sentiment,2024_validation,0,
2024-05-22,2024-05-23,0.0,0.3281528855520173,2024-05,logistic,market_plus_sentiment,logistic_market_plus_sentiment,2024_validation,0,
2024-05-23,2024-05-24,0.0,0.34558518301135693,2024-05,logistic,market_plus_sentiment,logistic_market_plus_sentiment,2024_validation,0,
2024-05-24,2024-05-27,1.0,0.4272747395450194,2024-05,logistic,market_plus_sentiment,logistic_market_plus_sentiment,2024_validation,0,
2024-05-27,2024-05-28,0.0,0.49021809296578517,2024-05,logistic,market_plus_sentiment,logistic_market_plus_sentiment,2024_validation,0,
2024-05-28,2024-05-29,1.0,0.46880415761794425,2024-05,logistic,market_plus_sentiment,logistic_market_plus_sentiment,2024_validation,0,
2024-05-29,2024-05-30,0.0,0.4790415993581496,2024-05,logistic,market_plus_sentiment,logistic_market_plus_sentiment,2024_validation,0,
2024-05-30,2024-05-31,0.0,0.45231914707558846,2024-05,logistic,market_plus_sentiment,logistic_market_plus_sentiment,2024_validation,0,
2024-05-31,2024-06-03,1.0,0.45751739545058445,2024-06,logistic,market_plus_sentiment,logistic_market_plus_sentiment,2024_validation,0,
2024-06-03,2024-06-04,1.0,0.45285341562806264,2024-06,logistic,market_plus_sentiment,logistic_market_plus_sentiment,2024_validation,0,
2024-06-04,2024-06-05,0.0,0.4338517862336917,2024-06,logistic,market_plus_sentiment,logistic_market_plus_sentiment,2024_validation,0,
2024-06-05,2024-06-06,0.0,0.4064094043844651,2024-06,logistic,market_plus_sentiment,logistic_market_plus_sentiment,2024_validation,0,
2024-06-06,2024-06-07,0.0,0.3851423794960118,2024-06,logistic,market_plus_sentiment,logistic_market_plus_sentiment,2024_validation,0,
2024-06-07,2024-06-11,0.0,0.39330550642841416,2024-06,logistic,market_plus_sentiment,logistic_market_plus_sentiment,2024_validation,0,
2024-06-11,2024-06-12,1.0,0.4331489672445542,2024-06,logistic,market_plus_sentiment,logistic_market_plus_sentiment,2024_validation,0,
2024-06-12,2024-06-13,0.0,0.4747505295838173,2024-06,logistic,market_plus_sentiment,logistic_market_plus_sentiment,2024_validation,0,
2024-06-13,2024-06-14,1.0,0.4529178354613456,2024-06,logistic,market_plus_sentiment,logistic_market_plus_sentiment,2024_validation,0,
2024-06-14,2024-06-17,0.0,0.4535837896181591,2024-06,logistic,market_plus_sentiment,logistic_market_plus_sentiment,2024_validation,0,
2024-06-17,2024-06-18,1.0,0.38483284734817913,2024-06,logistic,market_plus_sentiment,logistic_market_plus_sentiment,2024_validation,0,
2024-06-18,2024-06-19,0.0,0.3386820715234364,2024-06,logistic,market_plus_sentiment,logistic_market_plus_sentiment,2024_validation,0,
2024-06-19,2024-06-20,0.0,0.3274141073544463,2024-06,logistic,market_plus_sentiment,logistic_market_plus_sentiment,2024_validation,0,
2024-06-20,2024-06-21,0.0,0.32481866445426866,2024-06,logistic,market_plus_sentiment,logistic_market_plus_sentiment,2024_validation,0,
2024-06-21,2024-06-24,0.0,0.345827428299656,2024-06,logistic,market_plus_sentiment,logistic_market_plus_sentiment,2024_validation,0,
2024-06-24,2024-06-25,0.0,0.36703013017066377,2024-06,logistic,market_plus_sentiment,logistic_market_plus_sentiment,2024_validation,0,
2024-06-25,2024-06-26,1.0,0.38220290922774597,2024-06,logistic,market_plus_sentiment,logistic_market_plus_sentiment,2024_validation,0,
2024-06-26,2024-06-27,0.0,0.39997014642104123,2024-06,logistic,market_plus_sentiment,logistic_market_plus_sentiment,2024_validation,0,
2024-06-27,2024-06-28,1.0,0.35440076570746015,2024-06,logistic,market_plus_sentiment,logistic_market_plus_sentiment,2024_validation,0,
2024-06-28,2024-07-01,1.0,0.38337500271860314,2024-07,logistic,market_plus_sentiment,logistic_market_plus_sentiment,2024_validation,0,
2024-07-01,2024-07-02,0.0,0.37739243291216873,2024-07,logistic,market_plus_sentiment,logistic_market_plus_sentiment,2024_validation,0,
2024-07-02,2024-07-03,0.0,0.32795425179577453,2024-07,logistic,market_plus_sentiment,logistic_market_plus_sentiment,2024_validation,0,
2024-07-03,2024-07-04,0.0,0.32830673197184435,2024-07,logistic,market_plus_sentiment,logistic_market_plus_sentiment,2024_validation,0,
2024-07-04,2024-07-05,0.0,0.30276481163654123,2024-07,logistic,market_plus_sentiment,logistic_market_plus_sentiment,2024_validation,0,
2024-07-05,2024-07-08,0.0,0.3146612859827161,2024-07,logistic,market_plus_sentiment,logistic_market_plus_sentiment,2024_validation,0,
2024-07-08,2024-07-09,1.0,0.38022734012786114,2024-07,logistic,market_plus_sentiment,logistic_market_plus_sentiment,2024_validation,0,
2024-07-09,2024-07-10,0.0,0.3971790813812961,2024-07,logistic,market_plus_sentiment,logistic_market_plus_sentiment,2024_validation,0,
2024-07-10,2024-07-11,1.0,0.35661960965414863,2024-07,logistic,market_plus_sentiment,logistic_market_plus_sentiment,2024_validation,0,
2024-07-11,2024-07-12,1.0,0.39222850247627433,2024-07,logistic,market_plus_sentiment,logistic_market_plus_sentiment,2024_validation,0,
2024-07-12,2024-07-15,1.0,0.31663261637890283,2024-07,logistic,market_plus_sentiment,logistic_market_plus_sentiment,2024_validation,0,
2024-07-15,2024-07-16,1.0,0.28780142444728757,2024-07,logistic,market_plus_sentiment,logistic_market_plus_sentiment,2024_validation,0,
2024-07-16,2024-07-17,1.0,0.2766343340255942,2024-07,logistic,market_plus_sentiment,logistic_market_plus_sentiment,2024_validation,0,
2024-07-17,2024-07-18,1.0,0.22591777014934528,2024-07,logistic,market_plus_sentiment,logistic_market_plus_sentiment,2024_validation,0,
2024-07-18,2024-07-19,1.0,0.2404509460074832,2024-07,logistic,market_plus_sentiment,logistic_market_plus_sentiment,2024_validation,0,
2024-07-19,2024-07-22,0.0,0.19956940114583857,2024-07,logistic,market_plus_sentiment,logistic_market_plus_sentiment,2024_validation,0,
2024-07-22,2024-07-23,0.0,0.21263211204650836,2024-07,logistic,market_plus_sentiment,logistic_market_plus_sentiment,2024_validation,0,
2024-07-23,2024-07-24,0.0,0.28597349978617054,2024-07,logistic,market_plus_sentiment,logistic_market_plus_sentiment,2024_validation,0,
2024-07-24,2024-07-25,0.0,0.3169578065597233,2024-07,logistic,market_plus_sentiment,logistic_market_plus_sentiment,2024_validation,0,
2024-07-25,2024-07-26,1.0,0.4423846820283756,2024-07,logistic,market_plus_sentiment,logistic_market_plus_sentiment,2024_validation,0,
2024-07-26,2024-07-29,0.0,0.4970845229301976,2024-07,logistic,market_plus_sentiment,logistic_market_plus_sentiment,2024_validation,0,
2024-07-29,2024-07-30,0.0,0.5086609448852255,2024-07,logistic,market_plus_sentiment,logistic_market_plus_sentiment,2024_validation,1,
2024-07-30,2024-07-31,1.0,0.4508698725210776,2024-07,logistic,market_plus_sentiment,logistic_market_plus_sentiment,2024_validation,0,
2024-07-31,2024-08-01,0.0,0.5344470436240772,2024-08,logistic,market_plus_sentiment,logistic_market_plus_sentiment,2024_validation,1,
2024-08-01,2024-08-02,0.0,0.4905697992955676,2024-08,logistic,market_plus_sentiment,logistic_market_plus_sentiment,2024_validation,0,
2024-08-02,2024-08-05,0.0,0.593978058408243,2024-08,logistic,market_plus_sentiment,logistic_market_plus_sentiment,2024_validation,1,
2024-08-05,2024-08-06,0.0,0.5995907445863111,2024-08,logistic,market_plus_sentiment,logistic_market_plus_sentiment,2024_validation,1,
2024-08-06,2024-08-07,0.0,0.5229352485898371,2024-08,logistic,market_plus_sentiment,logistic_market_plus_sentiment,2024_validation,1,
2024-08-07,2024-08-08,1.0,0.5485591578234263,2024-08,logistic,market_plus_sentiment,logistic_market_plus_sentiment,2024_validation,1,
2024-08-08,2024-08-09,0.0,0.5502656100402457,2024-08,logistic,market_plus_sentiment,logistic_market_plus_sentiment,2024_validation,1,
2024-08-09,2024-08-12,0.0,0.5510966024419519,2024-08,logistic,market_plus_sentiment,logistic_market_plus_sentiment,2024_validation,1,
2024-08-12,2024-08-13,1.0,0.5335500557690674,2024-08,logistic,market_plus_sentiment,logistic_market_plus_sentiment,2024_validation,1,
2024-08-13,2024-08-14,0.0,0.5320942985424602,2024-08,logistic,market_plus_sentiment,logistic_market_plus_sentiment,2024_validation,1,
2024-08-14,2024-08-15,1.0,0.44597075348461973,2024-08,logistic,market_plus_sentiment,logistic_market_plus_sentiment,2024_validation,0,
2024-08-15,2024-08-16,1.0,0.4732405514308594,2024-08,logistic,market_plus_sentiment,logistic_market_plus_sentiment,2024_validation,0,
2024-08-16,2024-08-19,1.0,0.4162083362817199,2024-08,logistic,market_plus_sentiment,logistic_market_plus_sentiment,2024_validation,0,
2024-08-19,2024-08-20,0.0,0.4207752626179013,2024-08,logistic,market_plus_sentiment,logistic_market_plus_sentiment,2024_validation,0,
2024-08-20,2024-08-21,0.0,0.3716418810013909,2024-08,logistic,market_plus_sentiment,logistic_market_plus_sentiment,2024_validation,0,
2024-08-21,2024-08-22,0.0,0.3842950768159678,2024-08,logistic,market_plus_sentiment,logistic_market_plus_sentiment,2024_validation,0,
2024-08-22,2024-08-23,1.0,0.4227587254819199,2024-08,logistic,market_plus_sentiment,logistic_market_plus_sentiment,2024_validation,0,
2024-08-23,2024-08-26,0.0,0.41944535113915493,2024-08,logistic,market_plus_sentiment,logistic_market_plus_sentiment,2024_validation,0,
2024-08-26,2024-08-27,0.0,0.44453847714913947,2024-08,logistic,market_plus_sentiment,logistic_market_plus_sentiment,2024_validation,0,
2024-08-27,2024-08-28,0.0,0.421547474658886,2024-08,logistic,market_plus_sentiment,logistic_market_plus_sentiment,2024_validation,0,
2024-08-28,2024-08-29,0.0,0.35843425200067563,2024-08,logistic,market_plus_sentiment,logistic_market_plus_sentiment,2024_validation,0,
2024-08-29,2024-08-30,1.0,0.39281547096582026,2024-08,logistic,market_plus_sentiment,logistic_market_plus_sentiment,2024_validation,0,
2024-08-30,2024-09-02,0.0,0.3875078080633064,2024-09,logistic,market_plus_sentiment,logistic_market_plus_sentiment,2024_validation,0,
2024-09-02,2024-09-03,1.0,0.4114241313041845,2024-09,logistic,market_plus_sentiment,logistic_market_plus_sentiment,2024_validation,0,
2024-09-03,2024-09-04,0.0,0.44684545427246797,2024-09,logistic,market_plus_sentiment,logistic_market_plus_sentiment,2024_validation,0,
2024-09-04,2024-09-05,1.0,0.39889290567690805,2024-09,logistic,market_plus_sentiment,logistic_market_plus_sentiment,2024_validation,0,
2024-09-05,2024-09-06,0.0,0.35954833907975,2024-09,logistic,market_plus_sentiment,logistic_market_plus_sentiment,2024_validation,0,
2024-09-06,2024-09-09,0.0,0.41542583264701133,2024-09,logistic,market_plus_sentiment,logistic_market_plus_sentiment,2024_validation,0,
2024-09-09,2024-09-10,1.0,0.4562278331323629,2024-09,logistic,market_plus_sentiment,logistic_market_plus_sentiment,2024_validation,0,
2024-09-10,2024-09-11,0.0,0.502497717293939,2024-09,logistic,market_plus_sentiment,logistic_market_plus_sentiment,2024_validation,1,
2024-09-11,2024-09-12,0.0,0.45318663778165036,2024-09,logistic,market_plus_sentiment,logistic_market_plus_sentiment,2024_validation,0,
2024-09-12,2024-09-13,0.0,0.46534446653072514,2024-09,logistic,market_plus_sentiment,logistic_market_plus_sentiment,2024_validation,0,
2024-09-13,2024-09-18,1.0,0.4769651493377189,2024-09,logistic,market_plus_sentiment,logistic_market_plus_sentiment,2024_validation,0,
2024-09-18,2024-09-19,1.0,0.5281597028397961,2024-09,logistic,market_plus_sentiment,logistic_market_plus_sentiment,2024_validation,1,
2024-09-19,2024-09-20,1.0,0.457248535946362,2024-09,logistic,market_plus_sentiment,logistic_market_plus_sentiment,2024_validation,0,
2024-09-20,2024-09-23,1.0,0.3779251445658679,2024-09,logistic,market_plus_sentiment,logistic_market_plus_sentiment,2024_validation,0,
2024-09-23,2024-09-24,1.0,0.39253301508417754,2024-09,logistic,market_plus_sentiment,logistic_market_plus_sentiment,2024_validation,0,
2024-09-24,2024-09-25,1.0,0.5850865613577042,2024-09,logistic,market_plus_sentiment,logistic_market_plus_sentiment,2024_validation,1,
2024-09-25,2024-09-26,1.0,0.4671617520360889,2024-09,logistic,market_plus_sentiment,logistic_market_plus_sentiment,2024_validation,0,
2024-09-26,2024-09-27,1.0,0.5864409991788098,2024-09,logistic,market_plus_sentiment,logistic_market_plus_sentiment,2024_validation,1,
2024-09-27,2024-09-30,1.0,0.4789563487402012,2024-09,logistic,market_plus_sentiment,logistic_market_plus_sentiment,2024_validation,0,
2024-09-30,2024-10-08,1.0,0.8742055020657205,2024-10,logistic,market_plus_sentiment,logistic_market_plus_sentiment,2024_validation,1,
2024-10-08,2024-10-09,0.0,0.8575952653057076,2024-10,logistic,market_plus_sentiment,logistic_market_plus_sentiment,2024_validation,1,
2024-10-09,2024-10-10,1.0,0.2972857693798263,2024-10,logistic,market_plus_sentiment,logistic_market_plus_sentiment,2024_validation,0,
2024-10-10,2024-10-11,0.0,0.5830460291435713,2024-10,logistic,market_plus_sentiment,logistic_market_plus_sentiment,2024_validation,1,
2024-10-11,2024-10-14,1.0,0.4650765784343824,2024-10,logistic,market_plus_sentiment,logistic_market_plus_sentiment,2024_validation,0,
2024-10-14,2024-10-15,0.0,0.7387312104365,2024-10,logistic,market_plus_sentiment,logistic_market_plus_sentiment,2024_validation,1,
2024-10-15,2024-10-16,0.0,0.7262712758669249,2024-10,logistic,market_plus_sentiment,logistic_market_plus_sentiment,2024_validation,1,
2024-10-16,2024-10-17,0.0,0.7834815642483433,2024-10,logistic,market_plus_sentiment,logistic_market_plus_sentiment,2024_validation,1,
2024-10-17,2024-10-18,1.0,0.8509462091582713,2024-10,logistic,market_plus_sentiment,logistic_market_plus_sentiment,2024_validation,1,
2024-10-18,2024-10-21,1.0,0.9012426064438753,2024-10,logistic,market_plus_sentiment,logistic_market_plus_sentiment,2024_validation,1,
2024-10-21,2024-10-22,1.0,0.8738924315232246,2024-10,logistic,market_plus_sentiment,logistic_market_plus_sentiment,2024_validation,1,
2024-10-22,2024-10-23,1.0,0.847205951438817,2024-10,logistic,market_plus_sentiment,logistic_market_plus_sentiment,2024_validation,1,
2024-10-23,2024-10-24,0.0,0.8815659561620404,2024-10,logistic,market_plus_sentiment,logistic_market_plus_sentiment,2024_validation,1,
2024-10-24,2024-10-25,1.0,0.861007780299246,2024-10,logistic,market_plus_sentiment,logistic_market_plus_sentiment,2024_validation,1,
2024-10-25,2024-10-28,1.0,0.9265206211417014,2024-10,logistic,market_plus_sentiment,logistic_market_plus_sentiment,2024_validation,1,
2024-10-28,2024-10-29,0.0,0.9436965230953186,2024-10,logistic,market_plus_sentiment,logistic_market_plus_sentiment,2024_validation,1,
2024-10-29,2024-10-30,0.0,0.941914365026888,2024-10,logistic,market_plus_sentiment,logistic_market_plus_sentiment,2024_validation,1,
2024-10-30,2024-10-31,1.0,0.9532365631990304,2024-10,logistic,market_plus_sentiment,logistic_market_plus_sentiment,2024_validation,1,
2024-10-31,2024-11-01,0.0,0.7687624277732618,2024-11,logistic,market_plus_sentiment,logistic_market_plus_sentiment,2024_validation,1,
2024-11-01,2024-11-04,1.0,0.7431821844766664,2024-11,logistic,market_plus_sentiment,logistic_market_plus_sentiment,2024_validation,1,
2024-11-04,2024-11-05,1.0,0.6946602768818032,2024-11,logistic,market_plus_sentiment,logistic_market_plus_sentiment,2024_validation,1,
2024-11-05,2024-11-06,0.0,0.6624345341040099,2024-11,logistic,market_plus_sentiment,logistic_market_plus_sentiment,2024_validation,1,
2024-11-06,2024-11-07,1.0,0.5790512341098176,2024-11,logistic,market_plus_sentiment,logistic_market_plus_sentiment,2024_validation,1,
2024-11-07,2024-11-08,0.0,0.6303494394680245,2024-11,logistic,market_plus_sentiment,logistic_market_plus_sentiment,2024_validation,1,
2024-11-08,2024-11-11,1.0,0.4996261230075495,2024-11,logistic,market_plus_sentiment,logistic_market_plus_sentiment,2024_validation,0,
2024-11-11,2024-11-12,0.0,0.6048260432235077,2024-11,logistic,market_plus_sentiment,logistic_market_plus_sentiment,2024_validation,1,
2024-11-12,2024-11-13,1.0,0.5195853563766947,2024-11,logistic,market_plus_sentiment,logistic_market_plus_sentiment,2024_validation,1,
2024-11-13,2024-11-14,0.0,0.5228972142038207,2024-11,logistic,market_plus_sentiment,logistic_market_plus_sentiment,2024_validation,1,
2024-11-14,2024-11-15,0.0,0.451671520059325,2024-11,logistic,market_plus_sentiment,logistic_market_plus_sentiment,2024_validation,0,
2024-11-15,2024-11-18,0.0,0.5102368412529769,2024-11,logistic,market_plus_sentiment,logistic_market_plus_sentiment,2024_validation,1,
2024-11-18,2024-11-19,1.0,0.5378251059435615,2024-11,logistic,market_plus_sentiment,logistic_market_plus_sentiment,2024_validation,1,
2024-11-19,2024-11-20,1.0,0.5889910530102553,2024-11,logistic,market_plus_sentiment,logistic_market_plus_sentiment,2024_validation,1,
2024-11-20,2024-11-21,1.0,0.5845909704459819,2024-11,logistic,market_plus_sentiment,logistic_market_plus_sentiment,2024_validation,1,
2024-11-21,2024-11-22,0.0,0.5936658873912467,2024-11,logistic,market_plus_sentiment,logistic_market_plus_sentiment,2024_validation,1,
2024-11-22,2024-11-25,0.0,0.5523634775663111,2024-11,logistic,market_plus_sentiment,logistic_market_plus_sentiment,2024_validation,1,
2024-11-25,2024-11-26,0.0,0.6557910647249171,2024-11,logistic,market_plus_sentiment,logistic_market_plus_sentiment,2024_validation,1,
2024-11-26,2024-11-27,1.0,0.6480628905472212,2024-11,logistic,market_plus_sentiment,logistic_market_plus_sentiment,2024_validation,1,
2024-11-27,2024-11-28,0.0,0.7167047001987468,2024-11,logistic,market_plus_sentiment,logistic_market_plus_sentiment,2024_validation,1,
2024-11-28,2024-11-29,1.0,0.6275369453688827,2024-11,logistic,market_plus_sentiment,logistic_market_plus_sentiment,2024_validation,1,
2024-11-29,2024-12-02,1.0,0.6137748952678856,2024-12,logistic,market_plus_sentiment,logistic_market_plus_sentiment,2024_validation,1,
2024-12-02,2024-12-03,1.0,0.608004503837982,2024-12,logistic,market_plus_sentiment,logistic_market_plus_sentiment,2024_validation,1,
2024-12-03,2024-12-04,0.0,0.602624858091882,2024-12,logistic,market_plus_sentiment,logistic_market_plus_sentiment,2024_validation,1,
2024-12-04,2024-12-05,0.0,0.6720285736092508,2024-12,logistic,market_plus_sentiment,logistic_market_plus_sentiment,2024_validation,1,
2024-12-05,2024-12-06,1.0,0.5509195739363061,2024-12,logistic,market_plus_sentiment,logistic_market_plus_sentiment,2024_validation,1,
2024-12-06,2024-12-09,0.0,0.515481404193806,2024-12,logistic,market_plus_sentiment,logistic_market_plus_sentiment,2024_validation,1,
2024-12-09,2024-12-10,1.0,0.5152900358317875,2024-12,logistic,market_plus_sentiment,logistic_market_plus_sentiment,2024_validation,1,
2024-12-10,2024-12-11,0.0,0.5369658744981186,2024-12,logistic,market_plus_sentiment,logistic_market_plus_sentiment,2024_validation,1,
2024-12-11,2024-12-12,1.0,0.5168607894054696,2024-12,logistic,market_plus_sentiment,logistic_market_plus_sentiment,2024_validation,1,
2024-12-12,2024-12-13,0.0,0.5000713466238151,2024-12,logistic,market_plus_sentiment,logistic_market_plus_sentiment,2024_validation,1,
2024-12-13,2024-12-16,0.0,0.4569375152727347,2024-12,logistic,market_plus_sentiment,logistic_market_plus_sentiment,2024_validation,0,
2024-12-16,2024-12-17,1.0,0.5064820432818011,2024-12,logistic,market_plus_sentiment,logistic_market_plus_sentiment,2024_validation,1,
2024-12-17,2024-12-18,1.0,0.5241422815568836,2024-12,logistic,market_plus_sentiment,logistic_market_plus_sentiment,2024_validation,1,
2024-12-18,2024-12-19,1.0,0.5069333608477661,2024-12,logistic,market_plus_sentiment,logistic_market_plus_sentiment,2024_validation,1,
2024-12-19,2024-12-20,0.0,0.5096369416791641,2024-12,logistic,market_plus_sentiment,logistic_market_plus_sentiment,2024_validation,1,
2024-12-20,2024-12-23,1.0,0.40012449501833813,2024-12,logistic,market_plus_sentiment,logistic_market_plus_sentiment,2024_validation,0,
2024-12-23,2024-12-24,1.0,0.4112416942529382,2024-12,logistic,market_plus_sentiment,logistic_market_plus_sentiment,2024_validation,0,
2024-12-24,2024-12-25,1.0,0.5188771752188175,2024-12,logistic,market_plus_sentiment,logistic_market_plus_sentiment,2024_validation,1,
2024-12-25,2024-12-26,1.0,0.3916172792067787,2024-12,logistic,market_plus_sentiment,logistic_market_plus_sentiment,2024_validation,0,
2024-12-26,2024-12-27,0.0,0.3866260464613915,2024-12,logistic,market_plus_sentiment,logistic_market_plus_sentiment,2024_validation,0,
2024-12-27,2024-12-30,1.0,0.41981432936049096,2024-12,logistic,market_plus_sentiment,logistic_market_plus_sentiment,2024_validation,0,
2024-12-30,2024-12-31,0.0,0.4526707442594227,2024-12,logistic,market_plus_sentiment,logistic_market_plus_sentiment,2024_validation,0,
2023-12-29,2024-01-02,0.0,0.3609917461872101,2024-01,xgboost,market_only,xgboost_market_only,2024_validation,0,
2024-01-02,2024-01-03,0.0,0.21041111648082733,2024-01,xgboost,market_only,xgboost_market_only,2024_validation,0,
2024-01-03,2024-01-04,0.0,0.31329816579818726,2024-01,xgboost,market_only,xgboost_market_only,2024_validation,0,
2024-01-04,2024-01-05,0.0,0.32431310415267944,2024-01,xgboost,market_only,xgboost_market_only,2024_validation,0,
2024-01-05,2024-01-08,0.0,0.469745397567749,2024-01,xgboost,market_only,xgboost_market_only,2024_validation,0,
2024-01-08,2024-01-09,1.0,0.5092050433158875,2024-01,xgboost,market_only,xgboost_market_only,2024_validation,1,
2024-01-09,2024-01-10,0.0,0.3841257095336914,2024-01,xgboost,market_only,xgboost_market_only,2024_validation,0,
2024-01-10,2024-01-11,1.0,0.4800027012825012,2024-01,xgboost,market_only,xgboost_market_only,2024_validation,0,
2024-01-11,2024-01-12,0.0,0.500165581703186,2024-01,xgboost,market_only,xgboost_market_only,2024_validation,1,
2024-01-12,2024-01-15,0.0,0.5185796618461609,2024-01,xgboost,market_only,xgboost_market_only,2024_validation,1,
2024-01-15,2024-01-16,1.0,0.37307143211364746,2024-01,xgboost,market_only,xgboost_market_only,2024_validation,0,
2024-01-16,2024-01-17,0.0,0.4949825704097748,2024-01,xgboost,market_only,xgboost_market_only,2024_validation,0,
2024-01-17,2024-01-18,1.0,0.43730735778808594,2024-01,xgboost,market_only,xgboost_market_only,2024_validation,0,
2024-01-18,2024-01-19,0.0,0.4231615960597992,2024-01,xgboost,market_only,xgboost_market_only,2024_validation,0,
2024-01-19,2024-01-22,0.0,0.28189143538475037,2024-01,xgboost,market_only,xgboost_market_only,2024_validation,0,
2024-01-22,2024-01-23,1.0,0.4895895719528198,2024-01,xgboost,market_only,xgboost_market_only,2024_validation,0,
2024-01-23,2024-01-24,1.0,0.3073592185974121,2024-01,xgboost,market_only,xgboost_market_only,2024_validation,0,
2024-01-24,2024-01-25,1.0,0.4031219780445099,2024-01,xgboost,market_only,xgboost_market_only,2024_validation,0,
2024-01-25,2024-01-26,0.0,0.33005163073539734,2024-01,xgboost,market_only,xgboost_market_only,2024_validation,0,
2024-01-26,2024-01-29,0.0,0.2637025713920593,2024-01,xgboost,market_only,xgboost_market_only,2024_validation,0,
2024-01-29,2024-01-30,0.0,0.2264392375946045,2024-01,xgboost,market_only,xgboost_market_only,2024_validation,0,
2024-01-30,2024-01-31,0.0,0.25122275948524475,2024-01,xgboost,market_only,xgboost_market_only,2024_validation,0,
2024-01-31,2024-02-01,1.0,0.3208279311656952,2024-02,xgboost,market_only,xgboost_market_only,2024_validation,0,
2024-02-01,2024-02-02,0.0,0.34183138608932495,2024-02,xgboost,market_only,xgboost_market_only,2024_validation,0,
2024-02-02,2024-02-05,1.0,0.4071395993232727,2024-02,xgboost,market_only,xgboost_market_only,2024_validation,0,
2024-02-05,2024-02-06,1.0,0.42535400390625,2024-02,xgboost,market_only,xgboost_market_only,2024_validation,0,
2024-02-06,2024-02-07,1.0,0.34319281578063965,2024-02,xgboost,market_only,xgboost_market_only,2024_validation,0,
2024-02-07,2024-02-08,1.0,0.3652332127094269,2024-02,xgboost,market_only,xgboost_market_only,2024_validation,0,
2024-02-08,2024-02-19,1.0,0.25227832794189453,2024-02,xgboost,market_only,xgboost_market_only,2024_validation,0,
2024-02-19,2024-02-20,1.0,0.3145304024219513,2024-02,xgboost,market_only,xgboost_market_only,2024_validation,0,
2024-02-20,2024-02-21,1.0,0.2205253690481186,2024-02,xgboost,market_only,xgboost_market_only,2024_validation,0,
2024-02-21,2024-02-22,1.0,0.3145304024219513,2024-02,xgboost,market_only,xgboost_market_only,2024_validation,0,
2024-02-22,2024-02-23,1.0,0.3145304024219513,2024-02,xgboost,market_only,xgboost_market_only,2024_validation,0,
2024-02-23,2024-02-26,0.0,0.2205253690481186,2024-02,xgboost,market_only,xgboost_market_only,2024_validation,0,
2024-02-26,2024-02-27,1.0,0.2092745155096054,2024-02,xgboost,market_only,xgboost_market_only,2024_validation,0,
2024-02-27,2024-02-28,0.0,0.3029899597167969,2024-02,xgboost,market_only,xgboost_market_only,2024_validation,0,
2024-02-28,2024-02-29,1.0,0.3366215229034424,2024-02,xgboost,market_only,xgboost_market_only,2024_validation,0,
2024-02-29,2024-03-01,1.0,0.5581353306770325,2024-03,xgboost,market_only,xgboost_market_only,2024_validation,1,
2024-03-01,2024-03-04,1.0,0.477477103471756,2024-03,xgboost,market_only,xgboost_market_only,2024_validation,0,
2024-03-04,2024-03-05,1.0,0.380185604095459,2024-03,xgboost,market_only,xgboost_market_only,2024_validation,0,
2024-03-05,2024-03-06,0.0,0.5137655138969421,2024-03,xgboost,market_only,xgboost_market_only,2024_validation,1,
2024-03-06,2024-03-07,0.0,0.3776535987854004,2024-03,xgboost,market_only,xgboost_market_only,2024_validation,0,
2024-03-07,2024-03-08,1.0,0.5326257348060608,2024-03,xgboost,market_only,xgboost_market_only,2024_validation,1,
2024-03-08,2024-03-11,1.0,0.4725898504257202,2024-03,xgboost,market_only,xgboost_market_only,2024_validation,0,
2024-03-11,2024-03-12,1.0,0.45303088426589966,2024-03,xgboost,market_only,xgboost_market_only,2024_validation,0,
2024-03-12,2024-03-13,0.0,0.3549688458442688,2024-03,xgboost,market_only,xgboost_market_only,2024_validation,0,
2024-03-13,2024-03-14,0.0,0.40363937616348267,2024-03,xgboost,market_only,xgboost_market_only,2024_validation,0,
2024-03-14,2024-03-15,1.0,0.3267151713371277,2024-03,xgboost,market_only,xgboost_market_only,2024_validation,0,
2024-03-15,2024-03-18,1.0,0.334218293428421,2024-03,xgboost,market_only,xgboost_market_only,2024_validation,0,
2024-03-18,2024-03-19,0.0,0.4338464140892029,2024-03,xgboost,market_only,xgboost_market_only,2024_validation,0,
2024-03-19,2024-03-20,1.0,0.4424477815628052,2024-03,xgboost,market_only,xgboost_market_only,2024_validation,0,
2024-03-20,2024-03-21,0.0,0.32751917839050293,2024-03,xgboost,market_only,xgboost_market_only,2024_validation,0,
2024-03-21,2024-03-22,0.0,0.3280344307422638,2024-03,xgboost,market_only,xgboost_market_only,2024_validation,0,
2024-03-22,2024-03-25,0.0,0.4136126935482025,2024-03,xgboost,market_only,xgboost_market_only,2024_validation,0,
2024-03-25,2024-03-26,1.0,0.41407376527786255,2024-03,xgboost,market_only,xgboost_market_only,2024_validation,0,
2024-03-26,2024-03-27,0.0,0.38213592767715454,2024-03,xgboost,market_only,xgboost_market_only,2024_validation,0,
2024-03-27,2024-03-28,1.0,0.5446568727493286,2024-03,xgboost,market_only,xgboost_market_only,2024_validation,1,
2024-03-28,2024-03-29,1.0,0.3981005549430847,2024-03,xgboost,market_only,xgboost_market_only,2024_validation,0,
2024-03-29,2024-04-01,1.0,0.38565027713775635,2024-04,xgboost,market_only,xgboost_market_only,2024_validation,0,
2024-04-01,2024-04-02,0.0,0.5965532064437866,2024-04,xgboost,market_only,xgboost_market_only,2024_validation,1,
2024-04-02,2024-04-03,0.0,0.43077751994132996,2024-04,xgboost,market_only,xgboost_market_only,2024_validation,0,
2024-04-03,2024-04-08,0.0,0.32557982206344604,2024-04,xgboost,market_only,xgboost_market_only,2024_validation,0,
2024-04-08,2024-04-09,0.0,0.29469043016433716,2024-04,xgboost,market_only,xgboost_market_only,2024_validation,0,
2024-04-09,2024-04-10,0.0,0.2519381642341614,2024-04,xgboost,market_only,xgboost_market_only,2024_validation,0,
2024-04-10,2024-04-11,0.0,0.5721848607063293,2024-04,xgboost,market_only,xgboost_market_only,2024_validation,1,
2024-04-11,2024-04-12,0.0,0.35537365078926086,2024-04,xgboost,market_only,xgboost_market_only,2024_validation,0,
2024-04-12,2024-04-15,1.0,0.5462155938148499,2024-04,xgboost,market_only,xgboost_market_only,2024_validation,1,
2024-04-15,2024-04-16,0.0,0.4051111042499542,2024-04,xgboost,market_only,xgboost_market_only,2024_validation,0,
2024-04-16,2024-04-17,1.0,0.33989205956459045,2024-04,xgboost,market_only,xgboost_market_only,2024_validation,0,
2024-04-17,2024-04-18,1.0,0.4281574487686157,2024-04,xgboost,market_only,xgboost_market_only,2024_validation,0,
2024-04-18,2024-04-19,0.0,0.30244603753089905,2024-04,xgboost,market_only,xgboost_market_only,2024_validation,0,
2024-04-19,2024-04-22,0.0,0.26027360558509827,2024-04,xgboost,market_only,xgboost_market_only,2024_validation,0,
2024-04-22,2024-04-23,0.0,0.24803848564624786,2024-04,xgboost,market_only,xgboost_market_only,2024_validation,0,
2024-04-23,2024-04-24,1.0,0.285198837518692,2024-04,xgboost,market_only,xgboost_market_only,2024_validation,0,
2024-04-24,2024-04-25,1.0,0.35486501455307007,2024-04,xgboost,market_only,xgboost_market_only,2024_validation,0,
2024-04-25,2024-04-26,1.0,0.40556052327156067,2024-04,xgboost,market_only,xgboost_market_only,2024_validation,0,
2024-04-26,2024-04-29,1.0,0.3178654909133911,2024-04,xgboost,market_only,xgboost_market_only,2024_validation,0,
2024-04-29,2024-04-30,0.0,0.4125055968761444,2024-04,xgboost,market_only,xgboost_market_only,2024_validation,0,
2024-04-30,2024-05-06,1.0,0.2599402070045471,2024-05,xgboost,market_only,xgboost_market_only,2024_validation,0,
2024-05-06,2024-05-07,1.0,0.40096089243888855,2024-05,xgboost,market_only,xgboost_market_only,2024_validation,0,
2024-05-07,2024-05-08,0.0,0.21079163253307343,2024-05,xgboost,market_only,xgboost_market_only,2024_validation,0,
2024-05-08,2024-05-09,1.0,0.24758677184581757,2024-05,xgboost,market_only,xgboost_market_only,2024_validation,0,
2024-05-09,2024-05-10,1.0,0.36751294136047363,2024-05,xgboost,market_only,xgboost_market_only,2024_validation,0,
2024-05-10,2024-05-13,0.0,0.2103579044342041,2024-05,xgboost,market_only,xgboost_market_only,2024_validation,0,
2024-05-13,2024-05-14,0.0,0.3385436534881592,2024-05,xgboost,market_only,xgboost_market_only,2024_validation,0,
2024-05-14,2024-05-15,0.0,0.35255664587020874,2024-05,xgboost,market_only,xgboost_market_only,2024_validation,0,
2024-05-15,2024-05-16,1.0,0.4220588505268097,2024-05,xgboost,market_only,xgboost_market_only,2024_validation,0,
2024-05-16,2024-05-17,1.0,0.43178290128707886,2024-05,xgboost,market_only,xgboost_market_only,2024_validation,0,
2024-05-17,2024-05-20,1.0,0.505917489528656,2024-05,xgboost,market_only,xgboost_market_only,2024_validation,1,
2024-05-20,2024-05-21,0.0,0.43819478154182434,2024-05,xgboost,market_only,xgboost_market_only,2024_validation,0,
2024-05-21,2024-05-22,1.0,0.3311775028705597,2024-05,xgboost,market_only,xgboost_market_only,2024_validation,0,
2024-05-22,2024-05-23,0.0,0.3794424533843994,2024-05,xgboost,market_only,xgboost_market_only,2024_validation,0,
2024-05-23,2024-05-24,0.0,0.4827502369880676,2024-05,xgboost,market_only,xgboost_market_only,2024_validation,0,
2024-05-24,2024-05-27,1.0,0.5008072257041931,2024-05,xgboost,market_only,xgboost_market_only,2024_validation,1,
2024-05-27,2024-05-28,0.0,0.5059527158737183,2024-05,xgboost,market_only,xgboost_market_only,2024_validation,1,
2024-05-28,2024-05-29,1.0,0.521295428276062,2024-05,xgboost,market_only,xgboost_market_only,2024_validation,1,
2024-05-29,2024-05-30,0.0,0.34074118733406067,2024-05,xgboost,market_only,xgboost_market_only,2024_validation,0,
2024-05-30,2024-05-31,0.0,0.509349524974823,2024-05,xgboost,market_only,xgboost_market_only,2024_validation,1,
2024-05-31,2024-06-03,1.0,0.3724949359893799,2024-06,xgboost,market_only,xgboost_market_only,2024_validation,0,
2024-06-03,2024-06-04,1.0,0.44088074564933777,2024-06,xgboost,market_only,xgboost_market_only,2024_validation,0,
2024-06-04,2024-06-05,0.0,0.4577455222606659,2024-06,xgboost,market_only,xgboost_market_only,2024_validation,0,
2024-06-05,2024-06-06,0.0,0.48337122797966003,2024-06,xgboost,market_only,xgboost_market_only,2024_validation,0,
2024-06-06,2024-06-07,0.0,0.2279113233089447,2024-06,xgboost,market_only,xgboost_market_only,2024_validation,0,
2024-06-07,2024-06-11,0.0,0.2965463101863861,2024-06,xgboost,market_only,xgboost_market_only,2024_validation,0,
2024-06-11,2024-06-12,1.0,0.48337122797966003,2024-06,xgboost,market_only,xgboost_market_only,2024_validation,0,
2024-06-12,2024-06-13,0.0,0.4136338233947754,2024-06,xgboost,market_only,xgboost_market_only,2024_validation,0,
2024-06-13,2024-06-14,1.0,0.63945072889328,2024-06,xgboost,market_only,xgboost_market_only,2024_validation,1,
2024-06-14,2024-06-17,0.0,0.5769409537315369,2024-06,xgboost,market_only,xgboost_market_only,2024_validation,1,
2024-06-17,2024-06-18,1.0,0.39870741963386536,2024-06,xgboost,market_only,xgboost_market_only,2024_validation,0,
2024-06-18,2024-06-19,0.0,0.5253357291221619,2024-06,xgboost,market_only,xgboost_market_only,2024_validation,1,
2024-06-19,2024-06-20,0.0,0.4565660059452057,2024-06,xgboost,market_only,xgboost_market_only,2024_validation,0,
2024-06-20,2024-06-21,0.0,0.3832690417766571,2024-06,xgboost,market_only,xgboost_market_only,2024_validation,0,
2024-06-21,2024-06-24,0.0,0.49775663018226624,2024-06,xgboost,market_only,xgboost_market_only,2024_validation,0,
2024-06-24,2024-06-25,0.0,0.6361676454544067,2024-06,xgboost,market_only,xgboost_market_only,2024_validation,1,
2024-06-25,2024-06-26,1.0,0.63945072889328,2024-06,xgboost,market_only,xgboost_market_only,2024_validation,1,
2024-06-26,2024-06-27,0.0,0.5096948146820068,2024-06,xgboost,market_only,xgboost_market_only,2024_validation,1,
2024-06-27,2024-06-28,1.0,0.5668769478797913,2024-06,xgboost,market_only,xgboost_market_only,2024_validation,1,
2024-06-28,2024-07-01,1.0,0.35623228549957275,2024-07,xgboost,market_only,xgboost_market_only,2024_validation,0,
2024-07-01,2024-07-02,0.0,0.4350607395172119,2024-07,xgboost,market_only,xgboost_market_only,2024_validation,0,
2024-07-02,2024-07-03,0.0,0.3532998859882355,2024-07,xgboost,market_only,xgboost_market_only,2024_validation,0,
2024-07-03,2024-07-04,0.0,0.30160030722618103,2024-07,xgboost,market_only,xgboost_market_only,2024_validation,0,
2024-07-04,2024-07-05,0.0,0.32098203897476196,2024-07,xgboost,market_only,xgboost_market_only,2024_validation,0,
2024-07-05,2024-07-08,0.0,0.33081063628196716,2024-07,xgboost,market_only,xgboost_market_only,2024_validation,0,
2024-07-08,2024-07-09,1.0,0.5773205161094666,2024-07,xgboost,market_only,xgboost_market_only,2024_validation,1,
2024-07-09,2024-07-10,0.0,0.47281596064567566,2024-07,xgboost,market_only,xgboost_market_only,2024_validation,0,
2024-07-10,2024-07-11,1.0,0.4042899012565613,2024-07,xgboost,market_only,xgboost_market_only,2024_validation,0,
2024-07-11,2024-07-12,1.0,0.4699142277240753,2024-07,xgboost,market_only,xgboost_market_only,2024_validation,0,
2024-07-12,2024-07-15,1.0,0.22271475195884705,2024-07,xgboost,market_only,xgboost_market_only,2024_validation,0,
2024-07-15,2024-07-16,1.0,0.23913660645484924,2024-07,xgboost,market_only,xgboost_market_only,2024_validation,0,
2024-07-16,2024-07-17,1.0,0.38633352518081665,2024-07,xgboost,market_only,xgboost_market_only,2024_validation,0,
2024-07-17,2024-07-18,1.0,0.23363831639289856,2024-07,xgboost,market_only,xgboost_market_only,2024_validation,0,
2024-07-18,2024-07-19,1.0,0.4130784571170807,2024-07,xgboost,market_only,xgboost_market_only,2024_validation,0,
2024-07-19,2024-07-22,0.0,0.4130784571170807,2024-07,xgboost,market_only,xgboost_market_only,2024_validation,0,
2024-07-22,2024-07-23,0.0,0.3101595938205719,2024-07,xgboost,market_only,xgboost_market_only,2024_validation,0,
2024-07-23,2024-07-24,0.0,0.5196958184242249,2024-07,xgboost,market_only,xgboost_market_only,2024_validation,1,
2024-07-24,2024-07-25,0.0,0.5364622473716736,2024-07,xgboost,market_only,xgboost_market_only,2024_validation,1,
2024-07-25,2024-07-26,1.0,0.5095347762107849,2024-07,xgboost,market_only,xgboost_market_only,2024_validation,1,
2024-07-26,2024-07-29,0.0,0.4658268988132477,2024-07,xgboost,market_only,xgboost_market_only,2024_validation,0,
2024-07-29,2024-07-30,0.0,0.6339490413665771,2024-07,xgboost,market_only,xgboost_market_only,2024_validation,1,
2024-07-30,2024-07-31,1.0,0.6241416335105896,2024-07,xgboost,market_only,xgboost_market_only,2024_validation,1,
2024-07-31,2024-08-01,0.0,0.5215924978256226,2024-08,xgboost,market_only,xgboost_market_only,2024_validation,1,
2024-08-01,2024-08-02,0.0,0.2889658212661743,2024-08,xgboost,market_only,xgboost_market_only,2024_validation,0,
2024-08-02,2024-08-05,0.0,0.4783044159412384,2024-08,xgboost,market_only,xgboost_market_only,2024_validation,0,
2024-08-05,2024-08-06,0.0,0.5935284495353699,2024-08,xgboost,market_only,xgboost_market_only,2024_validation,1,
2024-08-06,2024-08-07,0.0,0.35163185000419617,2024-08,xgboost,market_only,xgboost_market_only,2024_validation,0,
2024-08-07,2024-08-08,1.0,0.4168160557746887,2024-08,xgboost,market_only,xgboost_market_only,2024_validation,0,
2024-08-08,2024-08-09,0.0,0.4066033661365509,2024-08,xgboost,market_only,xgboost_market_only,2024_validation,0,
2024-08-09,2024-08-12,0.0,0.5110297203063965,2024-08,xgboost,market_only,xgboost_market_only,2024_validation,1,
2024-08-12,2024-08-13,1.0,0.3213496804237366,2024-08,xgboost,market_only,xgboost_market_only,2024_validation,0,
2024-08-13,2024-08-14,0.0,0.46254491806030273,2024-08,xgboost,market_only,xgboost_market_only,2024_validation,0,
2024-08-14,2024-08-15,1.0,0.36953628063201904,2024-08,xgboost,market_only,xgboost_market_only,2024_validation,0,
2024-08-15,2024-08-16,1.0,0.5341078042984009,2024-08,xgboost,market_only,xgboost_market_only,2024_validation,1,
2024-08-16,2024-08-19,1.0,0.3402033746242523,2024-08,xgboost,market_only,xgboost_market_only,2024_validation,0,
2024-08-19,2024-08-20,0.0,0.4115739166736603,2024-08,xgboost,market_only,xgboost_market_only,2024_validation,0,
2024-08-20,2024-08-21,0.0,0.2695428431034088,2024-08,xgboost,market_only,xgboost_market_only,2024_validation,0,
2024-08-21,2024-08-22,0.0,0.3371543884277344,2024-08,xgboost,market_only,xgboost_market_only,2024_validation,0,
2024-08-22,2024-08-23,1.0,0.3683565557003021,2024-08,xgboost,market_only,xgboost_market_only,2024_validation,0,
2024-08-23,2024-08-26,0.0,0.4199714958667755,2024-08,xgboost,market_only,xgboost_market_only,2024_validation,0,
2024-08-26,2024-08-27,0.0,0.34884321689605713,2024-08,xgboost,market_only,xgboost_market_only,2024_validation,0,
2024-08-27,2024-08-28,0.0,0.49652764201164246,2024-08,xgboost,market_only,xgboost_market_only,2024_validation,0,
2024-08-28,2024-08-29,0.0,0.3399694859981537,2024-08,xgboost,market_only,xgboost_market_only,2024_validation,0,
2024-08-29,2024-08-30,1.0,0.3017730116844177,2024-08,xgboost,market_only,xgboost_market_only,2024_validation,0,
2024-08-30,2024-09-02,0.0,0.4177362322807312,2024-09,xgboost,market_only,xgboost_market_only,2024_validation,0,
2024-09-02,2024-09-03,1.0,0.504807710647583,2024-09,xgboost,market_only,xgboost_market_only,2024_validation,1,
2024-09-03,2024-09-04,0.0,0.3837355375289917,2024-09,xgboost,market_only,xgboost_market_only,2024_validation,0,
2024-09-04,2024-09-05,1.0,0.42906075716018677,2024-09,xgboost,market_only,xgboost_market_only,2024_validation,0,
2024-09-05,2024-09-06,0.0,0.31403324007987976,2024-09,xgboost,market_only,xgboost_market_only,2024_validation,0,
2024-09-06,2024-09-09,0.0,0.5814298391342163,2024-09,xgboost,market_only,xgboost_market_only,2024_validation,1,
2024-09-09,2024-09-10,1.0,0.6373127698898315,2024-09,xgboost,market_only,xgboost_market_only,2024_validation,1,
2024-09-10,2024-09-11,0.0,0.43076759576797485,2024-09,xgboost,market_only,xgboost_market_only,2024_validation,0,
2024-09-11,2024-09-12,0.0,0.5443081259727478,2024-09,xgboost,market_only,xgboost_market_only,2024_validation,1,
2024-09-12,2024-09-13,0.0,0.7258142232894897,2024-09,xgboost,market_only,xgboost_market_only,2024_validation,1,
2024-09-13,2024-09-18,1.0,0.7183874845504761,2024-09,xgboost,market_only,xgboost_market_only,2024_validation,1,
2024-09-18,2024-09-19,1.0,0.50065016746521,2024-09,xgboost,market_only,xgboost_market_only,2024_validation,1,
2024-09-19,2024-09-20,1.0,0.5021196603775024,2024-09,xgboost,market_only,xgboost_market_only,2024_validation,1,
2024-09-20,2024-09-23,1.0,0.42551949620246887,2024-09,xgboost,market_only,xgboost_market_only,2024_validation,0,
2024-09-23,2024-09-24,1.0,0.4607916474342346,2024-09,xgboost,market_only,xgboost_market_only,2024_validation,0,
2024-09-24,2024-09-25,1.0,0.6898455619812012,2024-09,xgboost,market_only,xgboost_market_only,2024_validation,1,
2024-09-25,2024-09-26,1.0,0.7095452547073364,2024-09,xgboost,market_only,xgboost_market_only,2024_validation,1,
2024-09-26,2024-09-27,1.0,0.7284619808197021,2024-09,xgboost,market_only,xgboost_market_only,2024_validation,1,
2024-09-27,2024-09-30,1.0,0.7284619808197021,2024-09,xgboost,market_only,xgboost_market_only,2024_validation,1,
2024-09-30,2024-10-08,1.0,0.780550479888916,2024-10,xgboost,market_only,xgboost_market_only,2024_validation,1,
2024-10-08,2024-10-09,0.0,0.780550479888916,2024-10,xgboost,market_only,xgboost_market_only,2024_validation,1,
2024-10-09,2024-10-10,1.0,0.5862856507301331,2024-10,xgboost,market_only,xgboost_market_only,2024_validation,1,
2024-10-10,2024-10-11,0.0,0.780550479888916,2024-10,xgboost,market_only,xgboost_market_only,2024_validation,1,
2024-10-11,2024-10-14,1.0,0.5587949156761169,2024-10,xgboost,market_only,xgboost_market_only,2024_validation,1,
2024-10-14,2024-10-15,0.0,0.7027244567871094,2024-10,xgboost,market_only,xgboost_market_only,2024_validation,1,
2024-10-15,2024-10-16,0.0,0.7042585015296936,2024-10,xgboost,market_only,xgboost_market_only,2024_validation,1,
2024-10-16,2024-10-17,0.0,0.7026604413986206,2024-10,xgboost,market_only,xgboost_market_only,2024_validation,1,
2024-10-17,2024-10-18,1.0,0.7042585015296936,2024-10,xgboost,market_only,xgboost_market_only,2024_validation,1,
2024-10-18,2024-10-21,1.0,0.7027244567871094,2024-10,xgboost,market_only,xgboost_market_only,2024_validation,1,
2024-10-21,2024-10-22,1.0,0.6120171546936035,2024-10,xgboost,market_only,xgboost_market_only,2024_validation,1,
2024-10-22,2024-10-23,1.0,0.6624792218208313,2024-10,xgboost,market_only,xgboost_market_only,2024_validation,1,
2024-10-23,2024-10-24,0.0,0.6495992541313171,2024-10,xgboost,market_only,xgboost_market_only,2024_validation,1,
2024-10-24,2024-10-25,1.0,0.6973678469657898,2024-10,xgboost,market_only,xgboost_market_only,2024_validation,1,
2024-10-25,2024-10-28,1.0,0.6664362549781799,2024-10,xgboost,market_only,xgboost_market_only,2024_validation,1,
2024-10-28,2024-10-29,0.0,0.5941501259803772,2024-10,xgboost,market_only,xgboost_market_only,2024_validation,1,
2024-10-29,2024-10-30,0.0,0.6847353577613831,2024-10,xgboost,market_only,xgboost_market_only,2024_validation,1,
2024-10-30,2024-10-31,1.0,0.6847353577613831,2024-10,xgboost,market_only,xgboost_market_only,2024_validation,1,
2024-10-31,2024-11-01,0.0,0.5133426189422607,2024-11,xgboost,market_only,xgboost_market_only,2024_validation,1,
2024-11-01,2024-11-04,1.0,0.5140085220336914,2024-11,xgboost,market_only,xgboost_market_only,2024_validation,1,
2024-11-04,2024-11-05,1.0,0.5972973704338074,2024-11,xgboost,market_only,xgboost_market_only,2024_validation,1,
2024-11-05,2024-11-06,0.0,0.7259674072265625,2024-11,xgboost,market_only,xgboost_market_only,2024_validation,1,
2024-11-06,2024-11-07,1.0,0.5776894092559814,2024-11,xgboost,market_only,xgboost_market_only,2024_validation,1,
2024-11-07,2024-11-08,0.0,0.7325959801673889,2024-11,xgboost,market_only,xgboost_market_only,2024_validation,1,
2024-11-08,2024-11-11,1.0,0.6038650274276733,2024-11,xgboost,market_only,xgboost_market_only,2024_validation,1,
2024-11-11,2024-11-12,0.0,0.7290983200073242,2024-11,xgboost,market_only,xgboost_market_only,2024_validation,1,
2024-11-12,2024-11-13,1.0,0.6703723669052124,2024-11,xgboost,market_only,xgboost_market_only,2024_validation,1,
2024-11-13,2024-11-14,0.0,0.629508912563324,2024-11,xgboost,market_only,xgboost_market_only,2024_validation,1,
2024-11-14,2024-11-15,0.0,0.6722657680511475,2024-11,xgboost,market_only,xgboost_market_only,2024_validation,1,
2024-11-15,2024-11-18,0.0,0.6649602055549622,2024-11,xgboost,market_only,xgboost_market_only,2024_validation,1,
2024-11-18,2024-11-19,1.0,0.6491888761520386,2024-11,xgboost,market_only,xgboost_market_only,2024_validation,1,
2024-11-19,2024-11-20,1.0,0.6561042666435242,2024-11,xgboost,market_only,xgboost_market_only,2024_validation,1,
2024-11-20,2024-11-21,1.0,0.577014684677124,2024-11,xgboost,market_only,xgboost_market_only,2024_validation,1,
2024-11-21,2024-11-22,0.0,0.5061752200126648,2024-11,xgboost,market_only,xgboost_market_only,2024_validation,1,
2024-11-22,2024-11-25,0.0,0.6741377711296082,2024-11,xgboost,market_only,xgboost_market_only,2024_validation,1,
2024-11-25,2024-11-26,0.0,0.6617915034294128,2024-11,xgboost,market_only,xgboost_market_only,2024_validation,1,
2024-11-26,2024-11-27,1.0,0.5781444907188416,2024-11,xgboost,market_only,xgboost_market_only,2024_validation,1,
2024-11-27,2024-11-28,0.0,0.586417555809021,2024-11,xgboost,market_only,xgboost_market_only,2024_validation,1,
2024-11-28,2024-11-29,1.0,0.756176233291626,2024-11,xgboost,market_only,xgboost_market_only,2024_validation,1,
2024-11-29,2024-12-02,1.0,0.6648608446121216,2024-12,xgboost,market_only,xgboost_market_only,2024_validation,1,
2024-12-02,2024-12-03,1.0,0.5672744512557983,2024-12,xgboost,market_only,xgboost_market_only,2024_validation,1,
2024-12-03,2024-12-04,0.0,0.5157042741775513,2024-12,xgboost,market_only,xgboost_market_only,2024_validation,1,
2024-12-04,2024-12-05,0.0,0.5287531018257141,2024-12,xgboost,market_only,xgboost_market_only,2024_validation,1,
2024-12-05,2024-12-06,1.0,0.42588338255882263,2024-12,xgboost,market_only,xgboost_market_only,2024_validation,0,
2024-12-06,2024-12-09,0.0,0.5826084017753601,2024-12,xgboost,market_only,xgboost_market_only,2024_validation,1,
2024-12-09,2024-12-10,1.0,0.41030359268188477,2024-12,xgboost,market_only,xgboost_market_only,2024_validation,0,
2024-12-10,2024-12-11,0.0,0.5287126898765564,2024-12,xgboost,market_only,xgboost_market_only,2024_validation,1,
2024-12-11,2024-12-12,1.0,0.4328595697879791,2024-12,xgboost,market_only,xgboost_market_only,2024_validation,0,
2024-12-12,2024-12-13,0.0,0.5992440581321716,2024-12,xgboost,market_only,xgboost_market_only,2024_validation,1,
2024-12-13,2024-12-16,0.0,0.5618429780006409,2024-12,xgboost,market_only,xgboost_market_only,2024_validation,1,
2024-12-16,2024-12-17,1.0,0.568885326385498,2024-12,xgboost,market_only,xgboost_market_only,2024_validation,1,
2024-12-17,2024-12-18,1.0,0.4886819124221802,2024-12,xgboost,market_only,xgboost_market_only,2024_validation,0,
2024-12-18,2024-12-19,1.0,0.5250296592712402,2024-12,xgboost,market_only,xgboost_market_only,2024_validation,1,
2024-12-19,2024-12-20,0.0,0.40972843766212463,2024-12,xgboost,market_only,xgboost_market_only,2024_validation,0,
2024-12-20,2024-12-23,1.0,0.43547359108924866,2024-12,xgboost,market_only,xgboost_market_only,2024_validation,0,
2024-12-23,2024-12-24,1.0,0.3023233115673065,2024-12,xgboost,market_only,xgboost_market_only,2024_validation,0,
2024-12-24,2024-12-25,1.0,0.37900182604789734,2024-12,xgboost,market_only,xgboost_market_only,2024_validation,0,
2024-12-25,2024-12-26,1.0,0.2531222105026245,2024-12,xgboost,market_only,xgboost_market_only,2024_validation,0,
2024-12-26,2024-12-27,0.0,0.2573457658290863,2024-12,xgboost,market_only,xgboost_market_only,2024_validation,0,
2024-12-27,2024-12-30,1.0,0.35098743438720703,2024-12,xgboost,market_only,xgboost_market_only,2024_validation,0,
2024-12-30,2024-12-31,0.0,0.4635414779186249,2024-12,xgboost,market_only,xgboost_market_only,2024_validation,0,
2023-12-29,2024-01-02,0.0,0.40487778186798096,2024-01,xgboost,market_plus_sentiment,xgboost_market_plus_sentiment,2024_validation,0,
2024-01-02,2024-01-03,0.0,0.30027642846107483,2024-01,xgboost,market_plus_sentiment,xgboost_market_plus_sentiment,2024_validation,0,
2024-01-03,2024-01-04,0.0,0.3468913435935974,2024-01,xgboost,market_plus_sentiment,xgboost_market_plus_sentiment,2024_validation,0,
2024-01-04,2024-01-05,0.0,0.3653465509414673,2024-01,xgboost,market_plus_sentiment,xgboost_market_plus_sentiment,2024_validation,0,
2024-01-05,2024-01-08,0.0,0.3618048429489136,2024-01,xgboost,market_plus_sentiment,xgboost_market_plus_sentiment,2024_validation,0,
2024-01-08,2024-01-09,1.0,0.4831671118736267,2024-01,xgboost,market_plus_sentiment,xgboost_market_plus_sentiment,2024_validation,0,
2024-01-09,2024-01-10,0.0,0.3470073342323303,2024-01,xgboost,market_plus_sentiment,xgboost_market_plus_sentiment,2024_validation,0,
2024-01-10,2024-01-11,1.0,0.4354651868343353,2024-01,xgboost,market_plus_sentiment,xgboost_market_plus_sentiment,2024_validation,0,
2024-01-11,2024-01-12,0.0,0.4692886471748352,2024-01,xgboost,market_plus_sentiment,xgboost_market_plus_sentiment,2024_validation,0,
2024-01-12,2024-01-15,0.0,0.4729663133621216,2024-01,xgboost,market_plus_sentiment,xgboost_market_plus_sentiment,2024_validation,0,
2024-01-15,2024-01-16,1.0,0.3628780245780945,2024-01,xgboost,market_plus_sentiment,xgboost_market_plus_sentiment,2024_validation,0,
2024-01-16,2024-01-17,0.0,0.4931400418281555,2024-01,xgboost,market_plus_sentiment,xgboost_market_plus_sentiment,2024_validation,0,
2024-01-17,2024-01-18,1.0,0.3746345341205597,2024-01,xgboost,market_plus_sentiment,xgboost_market_plus_sentiment,2024_validation,0,
2024-01-18,2024-01-19,0.0,0.3242504298686981,2024-01,xgboost,market_plus_sentiment,xgboost_market_plus_sentiment,2024_validation,0,
2024-01-19,2024-01-22,0.0,0.21157673001289368,2024-01,xgboost,market_plus_sentiment,xgboost_market_plus_sentiment,2024_validation,0,
2024-01-22,2024-01-23,1.0,0.37210530042648315,2024-01,xgboost,market_plus_sentiment,xgboost_market_plus_sentiment,2024_validation,0,
2024-01-23,2024-01-24,1.0,0.2923082411289215,2024-01,xgboost,market_plus_sentiment,xgboost_market_plus_sentiment,2024_validation,0,
2024-01-24,2024-01-25,1.0,0.29638364911079407,2024-01,xgboost,market_plus_sentiment,xgboost_market_plus_sentiment,2024_validation,0,
2024-01-25,2024-01-26,0.0,0.3636733293533325,2024-01,xgboost,market_plus_sentiment,xgboost_market_plus_sentiment,2024_validation,0,
2024-01-26,2024-01-29,0.0,0.2797425389289856,2024-01,xgboost,market_plus_sentiment,xgboost_market_plus_sentiment,2024_validation,0,
2024-01-29,2024-01-30,0.0,0.3201761543750763,2024-01,xgboost,market_plus_sentiment,xgboost_market_plus_sentiment,2024_validation,0,
2024-01-30,2024-01-31,0.0,0.22379212081432343,2024-01,xgboost,market_plus_sentiment,xgboost_market_plus_sentiment,2024_validation,0,
2024-01-31,2024-02-01,1.0,0.24980798363685608,2024-02,xgboost,market_plus_sentiment,xgboost_market_plus_sentiment,2024_validation,0,
2024-02-01,2024-02-02,0.0,0.25936010479927063,2024-02,xgboost,market_plus_sentiment,xgboost_market_plus_sentiment,2024_validation,0,
2024-02-02,2024-02-05,1.0,0.3427673280239105,2024-02,xgboost,market_plus_sentiment,xgboost_market_plus_sentiment,2024_validation,0,
2024-02-05,2024-02-06,1.0,0.331874281167984,2024-02,xgboost,market_plus_sentiment,xgboost_market_plus_sentiment,2024_validation,0,
2024-02-06,2024-02-07,1.0,0.30369833111763,2024-02,xgboost,market_plus_sentiment,xgboost_market_plus_sentiment,2024_validation,0,
2024-02-07,2024-02-08,1.0,0.29207226634025574,2024-02,xgboost,market_plus_sentiment,xgboost_market_plus_sentiment,2024_validation,0,
2024-02-08,2024-02-19,1.0,0.21478207409381866,2024-02,xgboost,market_plus_sentiment,xgboost_market_plus_sentiment,2024_validation,0,
2024-02-19,2024-02-20,1.0,0.2751639485359192,2024-02,xgboost,market_plus_sentiment,xgboost_market_plus_sentiment,2024_validation,0,
2024-02-20,2024-02-21,1.0,0.17628058791160583,2024-02,xgboost,market_plus_sentiment,xgboost_market_plus_sentiment,2024_validation,0,
2024-02-21,2024-02-22,1.0,0.2358122617006302,2024-02,xgboost,market_plus_sentiment,xgboost_market_plus_sentiment,2024_validation,0,
2024-02-22,2024-02-23,1.0,0.24084986746311188,2024-02,xgboost,market_plus_sentiment,xgboost_market_plus_sentiment,2024_validation,0,
2024-02-23,2024-02-26,0.0,0.15537405014038086,2024-02,xgboost,market_plus_sentiment,xgboost_market_plus_sentiment,2024_validation,0,
2024-02-26,2024-02-27,1.0,0.21580460667610168,2024-02,xgboost,market_plus_sentiment,xgboost_market_plus_sentiment,2024_validation,0,
2024-02-27,2024-02-28,0.0,0.33411717414855957,2024-02,xgboost,market_plus_sentiment,xgboost_market_plus_sentiment,2024_validation,0,
2024-02-28,2024-02-29,1.0,0.3092260956764221,2024-02,xgboost,market_plus_sentiment,xgboost_market_plus_sentiment,2024_validation,0,
2024-02-29,2024-03-01,1.0,0.49013885855674744,2024-03,xgboost,market_plus_sentiment,xgboost_market_plus_sentiment,2024_validation,0,
2024-03-01,2024-03-04,1.0,0.409082293510437,2024-03,xgboost,market_plus_sentiment,xgboost_market_plus_sentiment,2024_validation,0,
2024-03-04,2024-03-05,1.0,0.4236590266227722,2024-03,xgboost,market_plus_sentiment,xgboost_market_plus_sentiment,2024_validation,0,
2024-03-05,2024-03-06,0.0,0.47839289903640747,2024-03,xgboost,market_plus_sentiment,xgboost_market_plus_sentiment,2024_validation,0,
2024-03-06,2024-03-07,0.0,0.4080897867679596,2024-03,xgboost,market_plus_sentiment,xgboost_market_plus_sentiment,2024_validation,0,
2024-03-07,2024-03-08,1.0,0.4744819700717926,2024-03,xgboost,market_plus_sentiment,xgboost_market_plus_sentiment,2024_validation,0,
2024-03-08,2024-03-11,1.0,0.34024232625961304,2024-03,xgboost,market_plus_sentiment,xgboost_market_plus_sentiment,2024_validation,0,
2024-03-11,2024-03-12,1.0,0.4222472012042999,2024-03,xgboost,market_plus_sentiment,xgboost_market_plus_sentiment,2024_validation,0,
2024-03-12,2024-03-13,0.0,0.364006370306015,2024-03,xgboost,market_plus_sentiment,xgboost_market_plus_sentiment,2024_validation,0,
2024-03-13,2024-03-14,0.0,0.4489710330963135,2024-03,xgboost,market_plus_sentiment,xgboost_market_plus_sentiment,2024_validation,0,
2024-03-14,2024-03-15,1.0,0.3491121530532837,2024-03,xgboost,market_plus_sentiment,xgboost_market_plus_sentiment,2024_validation,0,
2024-03-15,2024-03-18,1.0,0.3986571729183197,2024-03,xgboost,market_plus_sentiment,xgboost_market_plus_sentiment,2024_validation,0,
2024-03-18,2024-03-19,0.0,0.49976110458374023,2024-03,xgboost,market_plus_sentiment,xgboost_market_plus_sentiment,2024_validation,0,
2024-03-19,2024-03-20,1.0,0.38443082571029663,2024-03,xgboost,market_plus_sentiment,xgboost_market_plus_sentiment,2024_validation,0,
2024-03-20,2024-03-21,0.0,0.3861335515975952,2024-03,xgboost,market_plus_sentiment,xgboost_market_plus_sentiment,2024_validation,0,
2024-03-21,2024-03-22,0.0,0.3612958490848541,2024-03,xgboost,market_plus_sentiment,xgboost_market_plus_sentiment,2024_validation,0,
2024-03-22,2024-03-25,0.0,0.44874656200408936,2024-03,xgboost,market_plus_sentiment,xgboost_market_plus_sentiment,2024_validation,0,
2024-03-25,2024-03-26,1.0,0.46073117852211,2024-03,xgboost,market_plus_sentiment,xgboost_market_plus_sentiment,2024_validation,0,
2024-03-26,2024-03-27,0.0,0.367566853761673,2024-03,xgboost,market_plus_sentiment,xgboost_market_plus_sentiment,2024_validation,0,
2024-03-27,2024-03-28,1.0,0.5168720483779907,2024-03,xgboost,market_plus_sentiment,xgboost_market_plus_sentiment,2024_validation,1,
2024-03-28,2024-03-29,1.0,0.4798208475112915,2024-03,xgboost,market_plus_sentiment,xgboost_market_plus_sentiment,2024_validation,0,
2024-03-29,2024-04-01,1.0,0.4150358736515045,2024-04,xgboost,market_plus_sentiment,xgboost_market_plus_sentiment,2024_validation,0,
2024-04-01,2024-04-02,0.0,0.41115692257881165,2024-04,xgboost,market_plus_sentiment,xgboost_market_plus_sentiment,2024_validation,0,
2024-04-02,2024-04-03,0.0,0.38097038865089417,2024-04,xgboost,market_plus_sentiment,xgboost_market_plus_sentiment,2024_validation,0,
2024-04-03,2024-04-08,0.0,0.30820685625076294,2024-04,xgboost,market_plus_sentiment,xgboost_market_plus_sentiment,2024_validation,0,
2024-04-08,2024-04-09,0.0,0.4103567898273468,2024-04,xgboost,market_plus_sentiment,xgboost_market_plus_sentiment,2024_validation,0,
2024-04-09,2024-04-10,0.0,0.3137609660625458,2024-04,xgboost,market_plus_sentiment,xgboost_market_plus_sentiment,2024_validation,0,
2024-04-10,2024-04-11,0.0,0.5399894714355469,2024-04,xgboost,market_plus_sentiment,xgboost_market_plus_sentiment,2024_validation,1,
2024-04-11,2024-04-12,0.0,0.3702360689640045,2024-04,xgboost,market_plus_sentiment,xgboost_market_plus_sentiment,2024_validation,0,
2024-04-12,2024-04-15,1.0,0.5022673606872559,2024-04,xgboost,market_plus_sentiment,xgboost_market_plus_sentiment,2024_validation,1,
2024-04-15,2024-04-16,0.0,0.4402930736541748,2024-04,xgboost,market_plus_sentiment,xgboost_market_plus_sentiment,2024_validation,0,
2024-04-16,2024-04-17,1.0,0.298552006483078,2024-04,xgboost,market_plus_sentiment,xgboost_market_plus_sentiment,2024_validation,0,
2024-04-17,2024-04-18,1.0,0.33791011571884155,2024-04,xgboost,market_plus_sentiment,xgboost_market_plus_sentiment,2024_validation,0,
2024-04-18,2024-04-19,0.0,0.2919832766056061,2024-04,xgboost,market_plus_sentiment,xgboost_market_plus_sentiment,2024_validation,0,
2024-04-19,2024-04-22,0.0,0.2950713038444519,2024-04,xgboost,market_plus_sentiment,xgboost_market_plus_sentiment,2024_validation,0,
2024-04-22,2024-04-23,0.0,0.23328059911727905,2024-04,xgboost,market_plus_sentiment,xgboost_market_plus_sentiment,2024_validation,0,
2024-04-23,2024-04-24,1.0,0.240004763007164,2024-04,xgboost,market_plus_sentiment,xgboost_market_plus_sentiment,2024_validation,0,
2024-04-24,2024-04-25,1.0,0.4099003076553345,2024-04,xgboost,market_plus_sentiment,xgboost_market_plus_sentiment,2024_validation,0,
2024-04-25,2024-04-26,1.0,0.3869999647140503,2024-04,xgboost,market_plus_sentiment,xgboost_market_plus_sentiment,2024_validation,0,
2024-04-26,2024-04-29,1.0,0.3432134687900543,2024-04,xgboost,market_plus_sentiment,xgboost_market_plus_sentiment,2024_validation,0,
2024-04-29,2024-04-30,0.0,0.4135526716709137,2024-04,xgboost,market_plus_sentiment,xgboost_market_plus_sentiment,2024_validation,0,
2024-04-30,2024-05-06,1.0,0.2829548418521881,2024-05,xgboost,market_plus_sentiment,xgboost_market_plus_sentiment,2024_validation,0,
2024-05-06,2024-05-07,1.0,0.3793759346008301,2024-05,xgboost,market_plus_sentiment,xgboost_market_plus_sentiment,2024_validation,0,
2024-05-07,2024-05-08,0.0,0.27042970061302185,2024-05,xgboost,market_plus_sentiment,xgboost_market_plus_sentiment,2024_validation,0,
2024-05-08,2024-05-09,1.0,0.31263813376426697,2024-05,xgboost,market_plus_sentiment,xgboost_market_plus_sentiment,2024_validation,0,
2024-05-09,2024-05-10,1.0,0.4512859582901001,2024-05,xgboost,market_plus_sentiment,xgboost_market_plus_sentiment,2024_validation,0,
2024-05-10,2024-05-13,0.0,0.2727088928222656,2024-05,xgboost,market_plus_sentiment,xgboost_market_plus_sentiment,2024_validation,0,
2024-05-13,2024-05-14,0.0,0.4150890111923218,2024-05,xgboost,market_plus_sentiment,xgboost_market_plus_sentiment,2024_validation,0,
2024-05-14,2024-05-15,0.0,0.3740329146385193,2024-05,xgboost,market_plus_sentiment,xgboost_market_plus_sentiment,2024_validation,0,
2024-05-15,2024-05-16,1.0,0.4511626958847046,2024-05,xgboost,market_plus_sentiment,xgboost_market_plus_sentiment,2024_validation,0,
2024-05-16,2024-05-17,1.0,0.5018901824951172,2024-05,xgboost,market_plus_sentiment,xgboost_market_plus_sentiment,2024_validation,1,
2024-05-17,2024-05-20,1.0,0.5247227549552917,2024-05,xgboost,market_plus_sentiment,xgboost_market_plus_sentiment,2024_validation,1,
2024-05-20,2024-05-21,0.0,0.37210777401924133,2024-05,xgboost,market_plus_sentiment,xgboost_market_plus_sentiment,2024_validation,0,
2024-05-21,2024-05-22,1.0,0.3451979160308838,2024-05,xgboost,market_plus_sentiment,xgboost_market_plus_sentiment,2024_validation,0,
2024-05-22,2024-05-23,0.0,0.3819402754306793,2024-05,xgboost,market_plus_sentiment,xgboost_market_plus_sentiment,2024_validation,0,
2024-05-23,2024-05-24,0.0,0.45816904306411743,2024-05,xgboost,market_plus_sentiment,xgboost_market_plus_sentiment,2024_validation,0,
2024-05-24,2024-05-27,1.0,0.46881547570228577,2024-05,xgboost,market_plus_sentiment,xgboost_market_plus_sentiment,2024_validation,0,
2024-05-27,2024-05-28,0.0,0.46966686844825745,2024-05,xgboost,market_plus_sentiment,xgboost_market_plus_sentiment,2024_validation,0,
2024-05-28,2024-05-29,1.0,0.5106230974197388,2024-05,xgboost,market_plus_sentiment,xgboost_market_plus_sentiment,2024_validation,1,
2024-05-29,2024-05-30,0.0,0.3846556842327118,2024-05,xgboost,market_plus_sentiment,xgboost_market_plus_sentiment,2024_validation,0,
2024-05-30,2024-05-31,0.0,0.533320963382721,2024-05,xgboost,market_plus_sentiment,xgboost_market_plus_sentiment,2024_validation,1,
2024-05-31,2024-06-03,1.0,0.3520667850971222,2024-06,xgboost,market_plus_sentiment,xgboost_market_plus_sentiment,2024_validation,0,
2024-06-03,2024-06-04,1.0,0.46997615694999695,2024-06,xgboost,market_plus_sentiment,xgboost_market_plus_sentiment,2024_validation,0,
2024-06-04,2024-06-05,0.0,0.5026230812072754,2024-06,xgboost,market_plus_sentiment,xgboost_market_plus_sentiment,2024_validation,1,
2024-06-05,2024-06-06,0.0,0.4006331264972687,2024-06,xgboost,market_plus_sentiment,xgboost_market_plus_sentiment,2024_validation,0,
2024-06-06,2024-06-07,0.0,0.3335900902748108,2024-06,xgboost,market_plus_sentiment,xgboost_market_plus_sentiment,2024_validation,0,
2024-06-07,2024-06-11,0.0,0.35600176453590393,2024-06,xgboost,market_plus_sentiment,xgboost_market_plus_sentiment,2024_validation,0,
2024-06-11,2024-06-12,1.0,0.4852188527584076,2024-06,xgboost,market_plus_sentiment,xgboost_market_plus_sentiment,2024_validation,0,
2024-06-12,2024-06-13,0.0,0.4891672730445862,2024-06,xgboost,market_plus_sentiment,xgboost_market_plus_sentiment,2024_validation,0,
2024-06-13,2024-06-14,1.0,0.6154651045799255,2024-06,xgboost,market_plus_sentiment,xgboost_market_plus_sentiment,2024_validation,1,
2024-06-14,2024-06-17,0.0,0.544238269329071,2024-06,xgboost,market_plus_sentiment,xgboost_market_plus_sentiment,2024_validation,1,
2024-06-17,2024-06-18,1.0,0.4137257933616638,2024-06,xgboost,market_plus_sentiment,xgboost_market_plus_sentiment,2024_validation,0,
2024-06-18,2024-06-19,0.0,0.46059462428092957,2024-06,xgboost,market_plus_sentiment,xgboost_market_plus_sentiment,2024_validation,0,
2024-06-19,2024-06-20,0.0,0.4482326805591583,2024-06,xgboost,market_plus_sentiment,xgboost_market_plus_sentiment,2024_validation,0,
2024-06-20,2024-06-21,0.0,0.41265225410461426,2024-06,xgboost,market_plus_sentiment,xgboost_market_plus_sentiment,2024_validation,0,
2024-06-21,2024-06-24,0.0,0.4857327342033386,2024-06,xgboost,market_plus_sentiment,xgboost_market_plus_sentiment,2024_validation,0,
2024-06-24,2024-06-25,0.0,0.5772815942764282,2024-06,xgboost,market_plus_sentiment,xgboost_market_plus_sentiment,2024_validation,1,
2024-06-25,2024-06-26,1.0,0.6031467914581299,2024-06,xgboost,market_plus_sentiment,xgboost_market_plus_sentiment,2024_validation,1,
2024-06-26,2024-06-27,0.0,0.5345166325569153,2024-06,xgboost,market_plus_sentiment,xgboost_market_plus_sentiment,2024_validation,1,
2024-06-27,2024-06-28,1.0,0.5383699536323547,2024-06,xgboost,market_plus_sentiment,xgboost_market_plus_sentiment,2024_validation,1,
2024-06-28,2024-07-01,1.0,0.38686445355415344,2024-07,xgboost,market_plus_sentiment,xgboost_market_plus_sentiment,2024_validation,0,
2024-07-01,2024-07-02,0.0,0.45065638422966003,2024-07,xgboost,market_plus_sentiment,xgboost_market_plus_sentiment,2024_validation,0,
2024-07-02,2024-07-03,0.0,0.4171186089515686,2024-07,xgboost,market_plus_sentiment,xgboost_market_plus_sentiment,2024_validation,0,
2024-07-03,2024-07-04,0.0,0.3721908926963806,2024-07,xgboost,market_plus_sentiment,xgboost_market_plus_sentiment,2024_validation,0,
2024-07-04,2024-07-05,0.0,0.36671561002731323,2024-07,xgboost,market_plus_sentiment,xgboost_market_plus_sentiment,2024_validation,0,
2024-07-05,2024-07-08,0.0,0.402195543050766,2024-07,xgboost,market_plus_sentiment,xgboost_market_plus_sentiment,2024_validation,0,
2024-07-08,2024-07-09,1.0,0.5931620597839355,2024-07,xgboost,market_plus_sentiment,xgboost_market_plus_sentiment,2024_validation,1,
2024-07-09,2024-07-10,0.0,0.5111232995986938,2024-07,xgboost,market_plus_sentiment,xgboost_market_plus_sentiment,2024_validation,1,
2024-07-10,2024-07-11,1.0,0.43971461057662964,2024-07,xgboost,market_plus_sentiment,xgboost_market_plus_sentiment,2024_validation,0,
2024-07-11,2024-07-12,1.0,0.49936768412590027,2024-07,xgboost,market_plus_sentiment,xgboost_market_plus_sentiment,2024_validation,0,
2024-07-12,2024-07-15,1.0,0.2787487804889679,2024-07,xgboost,market_plus_sentiment,xgboost_market_plus_sentiment,2024_validation,0,
2024-07-15,2024-07-16,1.0,0.3167814016342163,2024-07,xgboost,market_plus_sentiment,xgboost_market_plus_sentiment,2024_validation,0,
2024-07-16,2024-07-17,1.0,0.33140993118286133,2024-07,xgboost,market_plus_sentiment,xgboost_market_plus_sentiment,2024_validation,0,
2024-07-17,2024-07-18,1.0,0.2926413118839264,2024-07,xgboost,market_plus_sentiment,xgboost_market_plus_sentiment,2024_validation,0,
2024-07-18,2024-07-19,1.0,0.3595506250858307,2024-07,xgboost,market_plus_sentiment,xgboost_market_plus_sentiment,2024_validation,0,
2024-07-19,2024-07-22,0.0,0.4025130271911621,2024-07,xgboost,market_plus_sentiment,xgboost_market_plus_sentiment,2024_validation,0,
2024-07-22,2024-07-23,0.0,0.3880508542060852,2024-07,xgboost,market_plus_sentiment,xgboost_market_plus_sentiment,2024_validation,0,
2024-07-23,2024-07-24,0.0,0.48301970958709717,2024-07,xgboost,market_plus_sentiment,xgboost_market_plus_sentiment,2024_validation,0,
2024-07-24,2024-07-25,0.0,0.4975287914276123,2024-07,xgboost,market_plus_sentiment,xgboost_market_plus_sentiment,2024_validation,0,
2024-07-25,2024-07-26,1.0,0.47384414076805115,2024-07,xgboost,market_plus_sentiment,xgboost_market_plus_sentiment,2024_validation,0,
2024-07-26,2024-07-29,0.0,0.44252097606658936,2024-07,xgboost,market_plus_sentiment,xgboost_market_plus_sentiment,2024_validation,0,
2024-07-29,2024-07-30,0.0,0.5631707310676575,2024-07,xgboost,market_plus_sentiment,xgboost_market_plus_sentiment,2024_validation,1,
2024-07-30,2024-07-31,1.0,0.6073934435844421,2024-07,xgboost,market_plus_sentiment,xgboost_market_plus_sentiment,2024_validation,1,
2024-07-31,2024-08-01,0.0,0.4643029570579529,2024-08,xgboost,market_plus_sentiment,xgboost_market_plus_sentiment,2024_validation,0,
2024-08-01,2024-08-02,0.0,0.35371097922325134,2024-08,xgboost,market_plus_sentiment,xgboost_market_plus_sentiment,2024_validation,0,
2024-08-02,2024-08-05,0.0,0.4729427397251129,2024-08,xgboost,market_plus_sentiment,xgboost_market_plus_sentiment,2024_validation,0,
2024-08-05,2024-08-06,0.0,0.6031244397163391,2024-08,xgboost,market_plus_sentiment,xgboost_market_plus_sentiment,2024_validation,1,
2024-08-06,2024-08-07,0.0,0.4029366075992584,2024-08,xgboost,market_plus_sentiment,xgboost_market_plus_sentiment,2024_validation,0,
2024-08-07,2024-08-08,1.0,0.3516562879085541,2024-08,xgboost,market_plus_sentiment,xgboost_market_plus_sentiment,2024_validation,0,
2024-08-08,2024-08-09,0.0,0.4763787090778351,2024-08,xgboost,market_plus_sentiment,xgboost_market_plus_sentiment,2024_validation,0,
2024-08-09,2024-08-12,0.0,0.5030908584594727,2024-08,xgboost,market_plus_sentiment,xgboost_market_plus_sentiment,2024_validation,1,
2024-08-12,2024-08-13,1.0,0.434334397315979,2024-08,xgboost,market_plus_sentiment,xgboost_market_plus_sentiment,2024_validation,0,
2024-08-13,2024-08-14,0.0,0.5030678510665894,2024-08,xgboost,market_plus_sentiment,xgboost_market_plus_sentiment,2024_validation,1,
2024-08-14,2024-08-15,1.0,0.4306505620479584,2024-08,xgboost,market_plus_sentiment,xgboost_market_plus_sentiment,2024_validation,0,
2024-08-15,2024-08-16,1.0,0.5528402924537659,2024-08,xgboost,market_plus_sentiment,xgboost_market_plus_sentiment,2024_validation,1,
2024-08-16,2024-08-19,1.0,0.4123198688030243,2024-08,xgboost,market_plus_sentiment,xgboost_market_plus_sentiment,2024_validation,0,
2024-08-19,2024-08-20,0.0,0.4039136469364166,2024-08,xgboost,market_plus_sentiment,xgboost_market_plus_sentiment,2024_validation,0,
2024-08-20,2024-08-21,0.0,0.3577367663383484,2024-08,xgboost,market_plus_sentiment,xgboost_market_plus_sentiment,2024_validation,0,
2024-08-21,2024-08-22,0.0,0.3685086667537689,2024-08,xgboost,market_plus_sentiment,xgboost_market_plus_sentiment,2024_validation,0,
2024-08-22,2024-08-23,1.0,0.40718647837638855,2024-08,xgboost,market_plus_sentiment,xgboost_market_plus_sentiment,2024_validation,0,
2024-08-23,2024-08-26,0.0,0.4130137860774994,2024-08,xgboost,market_plus_sentiment,xgboost_market_plus_sentiment,2024_validation,0,
2024-08-26,2024-08-27,0.0,0.38968250155448914,2024-08,xgboost,market_plus_sentiment,xgboost_market_plus_sentiment,2024_validation,0,
2024-08-27,2024-08-28,0.0,0.46028783917427063,2024-08,xgboost,market_plus_sentiment,xgboost_market_plus_sentiment,2024_validation,0,
2024-08-28,2024-08-29,0.0,0.3549100458621979,2024-08,xgboost,market_plus_sentiment,xgboost_market_plus_sentiment,2024_validation,0,
2024-08-29,2024-08-30,1.0,0.31941357254981995,2024-08,xgboost,market_plus_sentiment,xgboost_market_plus_sentiment,2024_validation,0,
2024-08-30,2024-09-02,0.0,0.38649940490722656,2024-09,xgboost,market_plus_sentiment,xgboost_market_plus_sentiment,2024_validation,0,
2024-09-02,2024-09-03,1.0,0.4790225923061371,2024-09,xgboost,market_plus_sentiment,xgboost_market_plus_sentiment,2024_validation,0,
2024-09-03,2024-09-04,0.0,0.4320257604122162,2024-09,xgboost,market_plus_sentiment,xgboost_market_plus_sentiment,2024_validation,0,
2024-09-04,2024-09-05,1.0,0.4289502501487732,2024-09,xgboost,market_plus_sentiment,xgboost_market_plus_sentiment,2024_validation,0,
2024-09-05,2024-09-06,0.0,0.23992542922496796,2024-09,xgboost,market_plus_sentiment,xgboost_market_plus_sentiment,2024_validation,0,
2024-09-06,2024-09-09,0.0,0.43934234976768494,2024-09,xgboost,market_plus_sentiment,xgboost_market_plus_sentiment,2024_validation,0,
2024-09-09,2024-09-10,1.0,0.562801718711853,2024-09,xgboost,market_plus_sentiment,xgboost_market_plus_sentiment,2024_validation,1,
2024-09-10,2024-09-11,0.0,0.4893520474433899,2024-09,xgboost,market_plus_sentiment,xgboost_market_plus_sentiment,2024_validation,0,
2024-09-11,2024-09-12,0.0,0.42988061904907227,2024-09,xgboost,market_plus_sentiment,xgboost_market_plus_sentiment,2024_validation,0,
2024-09-12,2024-09-13,0.0,0.6596917510032654,2024-09,xgboost,market_plus_sentiment,xgboost_market_plus_sentiment,2024_validation,1,
2024-09-13,2024-09-18,1.0,0.6264380216598511,2024-09,xgboost,market_plus_sentiment,xgboost_market_plus_sentiment,2024_validation,1,
2024-09-18,2024-09-19,1.0,0.5563579797744751,2024-09,xgboost,market_plus_sentiment,xgboost_market_plus_sentiment,2024_validation,1,
2024-09-19,2024-09-20,1.0,0.45225614309310913,2024-09,xgboost,market_plus_sentiment,xgboost_market_plus_sentiment,2024_validation,0,
2024-09-20,2024-09-23,1.0,0.39515382051467896,2024-09,xgboost,market_plus_sentiment,xgboost_market_plus_sentiment,2024_validation,0,
2024-09-23,2024-09-24,1.0,0.49199214577674866,2024-09,xgboost,market_plus_sentiment,xgboost_market_plus_sentiment,2024_validation,0,
2024-09-24,2024-09-25,1.0,0.6098212003707886,2024-09,xgboost,market_plus_sentiment,xgboost_market_plus_sentiment,2024_validation,1,
2024-09-25,2024-09-26,1.0,0.5600178241729736,2024-09,xgboost,market_plus_sentiment,xgboost_market_plus_sentiment,2024_validation,1,
2024-09-26,2024-09-27,1.0,0.696466863155365,2024-09,xgboost,market_plus_sentiment,xgboost_market_plus_sentiment,2024_validation,1,
2024-09-27,2024-09-30,1.0,0.5608077049255371,2024-09,xgboost,market_plus_sentiment,xgboost_market_plus_sentiment,2024_validation,1,
2024-09-30,2024-10-08,1.0,0.6979511380195618,2024-10,xgboost,market_plus_sentiment,xgboost_market_plus_sentiment,2024_validation,1,
2024-10-08,2024-10-09,0.0,0.7390244603157043,2024-10,xgboost,market_plus_sentiment,xgboost_market_plus_sentiment,2024_validation,1,
2024-10-09,2024-10-10,1.0,0.6160867214202881,2024-10,xgboost,market_plus_sentiment,xgboost_market_plus_sentiment,2024_validation,1,
2024-10-10,2024-10-11,0.0,0.7391310334205627,2024-10,xgboost,market_plus_sentiment,xgboost_market_plus_sentiment,2024_validation,1,
2024-10-11,2024-10-14,1.0,0.5498831272125244,2024-10,xgboost,market_plus_sentiment,xgboost_market_plus_sentiment,2024_validation,1,
2024-10-14,2024-10-15,0.0,0.6768905520439148,2024-10,xgboost,market_plus_sentiment,xgboost_market_plus_sentiment,2024_validation,1,
2024-10-15,2024-10-16,0.0,0.6933983564376831,2024-10,xgboost,market_plus_sentiment,xgboost_market_plus_sentiment,2024_validation,1,
2024-10-16,2024-10-17,0.0,0.6853694319725037,2024-10,xgboost,market_plus_sentiment,xgboost_market_plus_sentiment,2024_validation,1,
2024-10-17,2024-10-18,1.0,0.6632670760154724,2024-10,xgboost,market_plus_sentiment,xgboost_market_plus_sentiment,2024_validation,1,
2024-10-18,2024-10-21,1.0,0.6838966012001038,2024-10,xgboost,market_plus_sentiment,xgboost_market_plus_sentiment,2024_validation,1,
2024-10-21,2024-10-22,1.0,0.6132789254188538,2024-10,xgboost,market_plus_sentiment,xgboost_market_plus_sentiment,2024_validation,1,
2024-10-22,2024-10-23,1.0,0.6659103631973267,2024-10,xgboost,market_plus_sentiment,xgboost_market_plus_sentiment,2024_validation,1,
2024-10-23,2024-10-24,0.0,0.6152030229568481,2024-10,xgboost,market_plus_sentiment,xgboost_market_plus_sentiment,2024_validation,1,
2024-10-24,2024-10-25,1.0,0.6156840920448303,2024-10,xgboost,market_plus_sentiment,xgboost_market_plus_sentiment,2024_validation,1,
2024-10-25,2024-10-28,1.0,0.6158124208450317,2024-10,xgboost,market_plus_sentiment,xgboost_market_plus_sentiment,2024_validation,1,
2024-10-28,2024-10-29,0.0,0.5769382119178772,2024-10,xgboost,market_plus_sentiment,xgboost_market_plus_sentiment,2024_validation,1,
2024-10-29,2024-10-30,0.0,0.6190599799156189,2024-10,xgboost,market_plus_sentiment,xgboost_market_plus_sentiment,2024_validation,1,
2024-10-30,2024-10-31,1.0,0.6908900141716003,2024-10,xgboost,market_plus_sentiment,xgboost_market_plus_sentiment,2024_validation,1,
2024-10-31,2024-11-01,0.0,0.544282078742981,2024-11,xgboost,market_plus_sentiment,xgboost_market_plus_sentiment,2024_validation,1,
2024-11-01,2024-11-04,1.0,0.5713263154029846,2024-11,xgboost,market_plus_sentiment,xgboost_market_plus_sentiment,2024_validation,1,
2024-11-04,2024-11-05,1.0,0.6595484614372253,2024-11,xgboost,market_plus_sentiment,xgboost_market_plus_sentiment,2024_validation,1,
2024-11-05,2024-11-06,0.0,0.6713207364082336,2024-11,xgboost,market_plus_sentiment,xgboost_market_plus_sentiment,2024_validation,1,
2024-11-06,2024-11-07,1.0,0.5586815476417542,2024-11,xgboost,market_plus_sentiment,xgboost_market_plus_sentiment,2024_validation,1,
2024-11-07,2024-11-08,0.0,0.6813013553619385,2024-11,xgboost,market_plus_sentiment,xgboost_market_plus_sentiment,2024_validation,1,
2024-11-08,2024-11-11,1.0,0.5347707867622375,2024-11,xgboost,market_plus_sentiment,xgboost_market_plus_sentiment,2024_validation,1,
2024-11-11,2024-11-12,0.0,0.7451997995376587,2024-11,xgboost,market_plus_sentiment,xgboost_market_plus_sentiment,2024_validation,1,
2024-11-12,2024-11-13,1.0,0.6799176931381226,2024-11,xgboost,market_plus_sentiment,xgboost_market_plus_sentiment,2024_validation,1,
2024-11-13,2024-11-14,0.0,0.6293014883995056,2024-11,xgboost,market_plus_sentiment,xgboost_market_plus_sentiment,2024_validation,1,
2024-11-14,2024-11-15,0.0,0.6263545751571655,2024-11,xgboost,market_plus_sentiment,xgboost_market_plus_sentiment,2024_validation,1,
2024-11-15,2024-11-18,0.0,0.6680837869644165,2024-11,xgboost,market_plus_sentiment,xgboost_market_plus_sentiment,2024_validation,1,
2024-11-18,2024-11-19,1.0,0.6223914623260498,2024-11,xgboost,market_plus_sentiment,xgboost_market_plus_sentiment,2024_validation,1,
2024-11-19,2024-11-20,1.0,0.6169474720954895,2024-11,xgboost,market_plus_sentiment,xgboost_market_plus_sentiment,2024_validation,1,
2024-11-20,2024-11-21,1.0,0.5363027453422546,2024-11,xgboost,market_plus_sentiment,xgboost_market_plus_sentiment,2024_validation,1,
2024-11-21,2024-11-22,0.0,0.6015850305557251,2024-11,xgboost,market_plus_sentiment,xgboost_market_plus_sentiment,2024_validation,1,
2024-11-22,2024-11-25,0.0,0.5942854881286621,2024-11,xgboost,market_plus_sentiment,xgboost_market_plus_sentiment,2024_validation,1,
2024-11-25,2024-11-26,0.0,0.6859050393104553,2024-11,xgboost,market_plus_sentiment,xgboost_market_plus_sentiment,2024_validation,1,
2024-11-26,2024-11-27,1.0,0.5748558640480042,2024-11,xgboost,market_plus_sentiment,xgboost_market_plus_sentiment,2024_validation,1,
2024-11-27,2024-11-28,0.0,0.6997302770614624,2024-11,xgboost,market_plus_sentiment,xgboost_market_plus_sentiment,2024_validation,1,
2024-11-28,2024-11-29,1.0,0.7255951166152954,2024-11,xgboost,market_plus_sentiment,xgboost_market_plus_sentiment,2024_validation,1,
2024-11-29,2024-12-02,1.0,0.6783390641212463,2024-12,xgboost,market_plus_sentiment,xgboost_market_plus_sentiment,2024_validation,1,
2024-12-02,2024-12-03,1.0,0.6022778749465942,2024-12,xgboost,market_plus_sentiment,xgboost_market_plus_sentiment,2024_validation,1,
2024-12-03,2024-12-04,0.0,0.4899750351905823,2024-12,xgboost,market_plus_sentiment,xgboost_market_plus_sentiment,2024_validation,0,
2024-12-04,2024-12-05,0.0,0.4781455099582672,2024-12,xgboost,market_plus_sentiment,xgboost_market_plus_sentiment,2024_validation,0,
2024-12-05,2024-12-06,1.0,0.37838926911354065,2024-12,xgboost,market_plus_sentiment,xgboost_market_plus_sentiment,2024_validation,0,
2024-12-06,2024-12-09,0.0,0.5059153437614441,2024-12,xgboost,market_plus_sentiment,xgboost_market_plus_sentiment,2024_validation,1,
2024-12-09,2024-12-10,1.0,0.4799548089504242,2024-12,xgboost,market_plus_sentiment,xgboost_market_plus_sentiment,2024_validation,0,
2024-12-10,2024-12-11,0.0,0.6142570376396179,2024-12,xgboost,market_plus_sentiment,xgboost_market_plus_sentiment,2024_validation,1,
2024-12-11,2024-12-12,1.0,0.5095818638801575,2024-12,xgboost,market_plus_sentiment,xgboost_market_plus_sentiment,2024_validation,1,
2024-12-12,2024-12-13,0.0,0.5747674703598022,2024-12,xgboost,market_plus_sentiment,xgboost_market_plus_sentiment,2024_validation,1,
2024-12-13,2024-12-16,0.0,0.5663008093833923,2024-12,xgboost,market_plus_sentiment,xgboost_market_plus_sentiment,2024_validation,1,
2024-12-16,2024-12-17,1.0,0.6093279123306274,2024-12,xgboost,market_plus_sentiment,xgboost_market_plus_sentiment,2024_validation,1,
2024-12-17,2024-12-18,1.0,0.4738774001598358,2024-12,xgboost,market_plus_sentiment,xgboost_market_plus_sentiment,2024_validation,0,
2024-12-18,2024-12-19,1.0,0.4696315824985504,2024-12,xgboost,market_plus_sentiment,xgboost_market_plus_sentiment,2024_validation,0,
2024-12-19,2024-12-20,0.0,0.44562646746635437,2024-12,xgboost,market_plus_sentiment,xgboost_market_plus_sentiment,2024_validation,0,
2024-12-20,2024-12-23,1.0,0.43736550211906433,2024-12,xgboost,market_plus_sentiment,xgboost_market_plus_sentiment,2024_validation,0,
2024-12-23,2024-12-24,1.0,0.35310098528862,2024-12,xgboost,market_plus_sentiment,xgboost_market_plus_sentiment,2024_validation,0,
2024-12-24,2024-12-25,1.0,0.4449637532234192,2024-12,xgboost,market_plus_sentiment,xgboost_market_plus_sentiment,2024_validation,0,
2024-12-25,2024-12-26,1.0,0.27965861558914185,2024-12,xgboost,market_plus_sentiment,xgboost_market_plus_sentiment,2024_validation,0,
2024-12-26,2024-12-27,0.0,0.2725914716720581,2024-12,xgboost,market_plus_sentiment,xgboost_market_plus_sentiment,2024_validation,0,
2024-12-27,2024-12-30,1.0,0.27946579456329346,2024-12,xgboost,market_plus_sentiment,xgboost_market_plus_sentiment,2024_validation,0,
2024-12-30,2024-12-31,0.0,0.5140559673309326,2024-12,xgboost,market_plus_sentiment,xgboost_market_plus_sentiment,2024_validation,1,
2024-12-31,2025-01-02,0.0,0.4013212047336294,,logistic,market_only,logistic_market_only,2025_holdout,0,-0.0295328807648115
2025-01-02,2025-01-03,0.0,0.47491412584885073,,logistic,market_only,logistic_market_only,2025_holdout,0,-0.011912363269678
2025-01-03,2025-01-06,0.0,0.5124945835962311,,logistic,market_only,logistic_market_only,2025_holdout,1,-0.0016410113264477
2025-01-06,2025-01-07,1.0,0.5357248679235131,,logistic,market_only,logistic_market_only,2025_holdout,1,0.0071751036169549
2025-01-07,2025-01-08,0.0,0.562034410612585,,logistic,market_only,logistic_market_only,2025_holdout,1,-0.0018166650349836
2025-01-08,2025-01-09,0.0,0.5597350333933179,,logistic,market_only,logistic_market_only,2025_holdout,1,-0.0024679300684566
2025-01-09,2025-01-10,0.0,0.5621105953273167,,logistic,market_only,logistic_market_only,2025_holdout,1,-0.0126193710178968
2025-01-10,2025-01-13,0.0,0.5461418326676114,,logistic,market_only,logistic_market_only,2025_holdout,1,-0.0026747201388297
2025-01-13,2025-01-14,1.0,0.48096913112613504,,logistic,market_only,logistic_market_only,2025_holdout,0,0.0259936019453595
2025-01-14,2025-01-15,0.0,0.5962888810521071,,logistic,market_only,logistic_market_only,2025_holdout,1,-0.0064359901121666
2025-01-15,2025-01-16,1.0,0.5527237253863292,,logistic,market_only,logistic_market_only,2025_holdout,1,0.0011452779603726
2025-01-16,2025-01-17,1.0,0.5575658718157345,,logistic,market_only,logistic_market_only,2025_holdout,1,0.0031421121070936
2025-01-17,2025-01-20,1.0,0.5529368395120238,,logistic,market_only,logistic_market_only,2025_holdout,1,0.0045380749483773
2025-01-20,2025-01-21,1.0,0.5445593502402964,,logistic,market_only,logistic_market_only,2025_holdout,1,0.0007647844555119
2025-01-21,2025-01-22,0.0,0.532821085083016,,logistic,market_only,logistic_market_only,2025_holdout,1,-0.009329484691561
2025-01-22,2025-01-23,1.0,0.5137036316383771,,logistic,market_only,logistic_market_only,2025_holdout,1,0.0017682446889377
2025-01-23,2025-01-24,1.0,0.5237198867015207,,logistic,market_only,logistic_market_only,2025_holdout,1,0.0076264675751237
2025-01-24,2025-01-27,0.0,0.5278950337044099,,logistic,market_only,logistic_market_only,2025_holdout,1,-0.0041255284044773
2025-01-27,2025-02-05,0.0,0.5093652621647745,,logistic,market_only,logistic_market_only,2025_holdout,1,-0.0057802414173679
2025-02-05,2025-02-06,1.0,0.5048759588905263,,logistic,market_only,logistic_market_only,2025_holdout,1,0.0125035833361977
2025-02-06,2025-02-07,1.0,0.5242542356050665,,logistic,market_only,logistic_market_only,2025_holdout,1,0.012893929936185
2025-02-07,2025-02-10,1.0,0.4376203630320062,,logistic,market_only,logistic_market_only,2025_holdout,0,0.0021453068111663
2025-02-10,2025-02-11,0.0,0.4162263902518788,,logistic,market_only,logistic_market_only,2025_holdout,0,-0.0046042063813207
2025-02-11,2025-02-12,1.0,0.4053707920793411,,logistic,market_only,logistic_market_only,2025_holdout,0,0.0094118341823465
2025-02-12,2025-02-13,0.0,0.41743093829613453,,logistic,market_only,logistic_market_only,2025_holdout,0,-0.0037623047574148
2025-02-13,2025-02-14,1.0,0.3965238165450976,,logistic,market_only,logistic_market_only,2025_holdout,0,0.0086357885794846
2025-02-14,2025-02-17,1.0,0.4107211418703565,,logistic,market_only,logistic_market_only,2025_holdout,0,0.0021277116369139
2025-02-17,2025-02-18,0.0,0.3982140165917198,,logistic,market_only,logistic_market_only,2025_holdout,0,-0.0088090155370787
2025-02-18,2025-02-19,1.0,0.3883197203357765,,logistic,market_only,logistic_market_only,2025_holdout,0,0.006973212821578
2025-02-19,2025-02-20,0.0,0.3958166745969636,,logistic,market_only,logistic_market_only,2025_holdout,0,-0.0028618431388465
2025-02-20,2025-02-21,1.0,0.38358705297237067,,logistic,market_only,logistic_market_only,2025_holdout,0,0.0125302941775078
2025-02-21,2025-02-24,0.0,0.4057783606474335,,logistic,market_only,logistic_market_only,2025_holdout,0,-0.0021942194164708
2025-02-24,2025-02-25,0.0,0.38936323725878375,,logistic,market_only,logistic_market_only,2025_holdout,0,-0.011163620625657
2025-02-25,2025-02-26,1.0,0.3834938595854256,,logistic,market_only,logistic_market_only,2025_holdout,0,0.0086969310175492
2025-02-26,2025-02-27,1.0,0.409814378827735,,logistic,market_only,logistic_market_only,2025_holdout,0,0.0020635572643798
2025-02-27,2025-02-28,0.0,0.399362779788139,,logistic,market_only,logistic_market_only,2025_holdout,0,-0.0198704198826452
2025-02-28,2025-03-03,0.0,0.3881027378872031,,logistic,market_only,logistic_market_only,2025_holdout,0,-0.0004062469523071
2025-03-03,2025-03-04,0.0,0.41942621836857474,,logistic,market_only,logistic_market_only,2025_holdout,0,-0.0008361537929487
2025-03-04,2025-03-05,1.0,0.42469678378451997,,logistic,market_only,logistic_market_only,2025_holdout,0,0.0044557001933801
2025-03-05,2025-03-06,1.0,0.43655551645835117,,logistic,market_only,logistic_market_only,2025_holdout,0,0.0136587687947141
2025-03-06,2025-03-07,0.0,0.4537611277441747,,logistic,market_only,logistic_market_only,2025_holdout,0,-0.0030961070268931
2025-03-07,2025-03-10,0.0,0.4297583352094668,,logistic,market_only,logistic_market_only,2025_holdout,0,-0.0038639364912342
2025-03-10,2025-03-11,1.0,0.42607394010759986,,logistic,market_only,logistic_market_only,2025_holdout,0,0.0032070287276403
2025-03-11,2025-03-12,0.0,0.4312562207903913,,logistic,market_only,logistic_market_only,2025_holdout,0,-0.0036067217076572
2025-03-12,2025-03-13,0.0,0.4187355564111011,,logistic,market_only,logistic_market_only,2025_holdout,0,-0.0039929583172082
2025-03-13,2025-03-14,1.0,0.41953537323304074,,logistic,market_only,logistic_market_only,2025_holdout,0,0.0239916333427265
2025-03-14,2025-03-17,0.0,0.5327341029659659,,logistic,market_only,logistic_market_only,2025_holdout,1,-0.0024414788440089
2025-03-17,2025-03-18,1.0,0.49505386835865056,,logistic,market_only,logistic_market_only,2025_holdout,0,0.0027309621183892
2025-03-18,2025-03-19,1.0,0.49566880746909137,,logistic,market_only,logistic_market_only,2025_holdout,0,0.00061113337206
2025-03-19,2025-03-20,0.0,0.4199011442139493,,logistic,market_only,logistic_market_only,2025_holdout,0,-0.0088114020549793
2025-03-20,2025-03-21,0.0,0.4723198901568391,,logistic,market_only,logistic_market_only,2025_holdout,0,-0.0152835342256865
2025-03-21,2025-03-24,1.0,0.4670315355396613,,logistic,market_only,logistic_market_only,2025_holdout,0,0.0051340635477135
2025-03-24,2025-03-25,0.0,0.49887879110177197,,logistic,market_only,logistic_market_only,2025_holdout,0,-0.0006482652775916
2025-03-25,2025-03-26,0.0,0.49480427905068997,,logistic,market_only,logistic_market_only,2025_holdout,0,-0.0032961212572778
2025-03-26,2025-03-27,1.0,0.42885451471419317,,logistic,market_only,logistic_market_only,2025_holdout,0,0.0033240943166804
2025-03-27,2025-03-28,0.0,0.44188212539168525,,logistic,market_only,logistic_market_only,2025_holdout,0,-0.0043937182505934
2025-03-28,2025-03-31,0.0,0.42580858491441703,,logistic,market_only,logistic_market_only,2025_holdout,0,-0.007141349520225
2025-03-31,2025-04-01,1.0,0.4259610719804271,,logistic,market_only,logistic_market_only,2025_holdout,0,9.517697136045976e-05
2025-04-01,2025-04-02,0.0,0.43881583584281586,,logistic,market_only,logistic_market_only,2025_holdout,0,-0.0008466213496568
2025-04-02,2025-04-03,0.0,0.44030285761229815,,logistic,market_only,logistic_market_only,2025_holdout,0,-0.0059102483074018
2025-04-03,2025-04-07,0.0,0.4330807998802373,,logistic,market_only,logistic_market_only,2025_holdout,0,-0.0730595075524599
2025-04-07,2025-04-08,1.0,0.5018992017220857,,logistic,market_only,logistic_market_only,2025_holdout,1,0.0169391636231564
2025-04-08,2025-04-09,1.0,0.6345098498090136,,logistic,market_only,logistic_market_only,2025_holdout,1,0.0098207956565165
2025-04-09,2025-04-10,1.0,0.6395726416495854,,logistic,market_only,logistic_market_only,2025_holdout,1,0.0130237858283326
2025-04-10,2025-04-11,1.0,0.6550423203812186,,logistic,market_only,logistic_market_only,2025_holdout,1,0.0041145504529254
2025-04-11,2025-04-14,1.0,0.6519326223594426,,logistic,market_only,logistic_market_only,2025_holdout,1,0.0022957108007082
2025-04-14,2025-04-15,1.0,0.6361198193486534,,logistic,market_only,logistic_market_only,2025_holdout,1,0.0005558237304301
2025-04-15,2025-04-16,1.0,0.6182997338661977,,logistic,market_only,logistic_market_only,2025_holdout,1,0.0030767008827025
2025-04-16,2025-04-17,0.0,0.6086122577887677,,logistic,market_only,logistic_market_only,2025_holdout,1,-0.0001590448828012
2025-04-17,2025-04-18,1.0,0.594800067166029,,logistic,market_only,logistic_market_only,2025_holdout,1,7.952560330999825e-05
2025-04-18,2025-04-21,1.0,0.5878119282379013,,logistic,market_only,logistic_market_only,2025_holdout,1,0.0032709691217122
2025-04-21,2025-04-22,0.0,0.5847989070431833,,logistic,market_only,logistic_market_only,2025_holdout,1,-0.0002457447200374
2025-04-22,2025-04-23,1.0,0.5749017530249897,,logistic,market_only,logistic_market_only,2025_holdout,1,0.0007740234944606
2025-04-23,2025-04-24,0.0,0.5714957023710888,,logistic,market_only,logistic_market_only,2025_holdout,1,-0.0006656769810641
2025-04-24,2025-04-25,1.0,0.5655433753545938,,logistic,market_only,logistic_market_only,2025_holdout,1,0.0006947242184759
2025-04-25,2025-04-28,0.0,0.5627977579659774,,logistic,market_only,logistic_market_only,2025_holdout,1,-0.0014190190539855
2025-04-28,2025-04-29,0.0,0.5566223093241679,,logistic,market_only,logistic_market_only,2025_holdout,1,-0.0017309147201439
2025-04-29,2025-04-30,0.0,0.5537782352811957,,logistic,market_only,logistic_market_only,2025_holdout,1,-0.0011953908641536
2025-04-30,2025-05-06,1.0,0.5530229446596868,,logistic,market_only,logistic_market_only,2025_holdout,1,0.0100197299329189
2025-05-06,2025-05-07,1.0,0.5657765046050882,,logistic,market_only,logistic_market_only,2025_holdout,1,0.0060443865250728
2025-05-07,2025-05-08,1.0,0.556763683583992,,logistic,market_only,logistic_market_only,2025_holdout,1,0.0055358113817248
2025-05-08,2025-05-09,0.0,0.39659084753954443,,logistic,market_only,logistic_market_only,2025_holdout,0,-0.0017508635396534
2025-05-09,2025-05-12,1.0,0.3802807900820726,,logistic,market_only,logistic_market_only,2025_holdout,0,0.0114907097105876
2025-05-12,2025-05-13,1.0,0.3933329739720698,,logistic,market_only,logistic_market_only,2025_holdout,0,0.0014511609906195
2025-05-13,2025-05-14,1.0,0.3717077286618986,,logistic,market_only,logistic_market_only,2025_holdout,0,0.0119779937506401
2025-05-14,2025-05-15,0.0,0.38361975394014575,,logistic,market_only,logistic_market_only,2025_holdout,0,-0.0091741074829282
2025-05-15,2025-05-16,0.0,0.3603329152915706,,logistic,market_only,logistic_market_only,2025_holdout,0,-0.0046458078324773
2025-05-16,2025-05-19,0.0,0.36593003861213613,,logistic,market_only,logistic_market_only,2025_holdout,0,-0.0030748494528689
2025-05-19,2025-05-20,1.0,0.3698023667846577,,logistic,market_only,logistic_market_only,2025_holdout,0,0.0054068645942602
2025-05-20,2025-05-21,1.0,0.38317064912494575,,logistic,market_only,logistic_market_only,2025_holdout,0,0.0046605455109063
2025-05-21,2025-05-22,0.0,0.386462177815005,,logistic,market_only,logistic_market_only,2025_holdout,0,-0.0006411034350041
2025-05-22,2025-05-23,0.0,0.3837734882284342,,logistic,market_only,logistic_market_only,2025_holdout,0,-0.0081066202134246
2025-05-23,2025-05-26,0.0,0.3800231041962003,,logistic,market_only,logistic_market_only,2025_holdout,0,-0.0057243536256176
2025-05-26,2025-05-27,0.0,0.3870607573693268,,logistic,market_only,logistic_market_only,2025_holdout,0,-0.0053795760886899
2025-05-27,2025-05-28,0.0,0.3931594953889462,,logistic,market_only,logistic_market_only,2025_holdout,0,-0.0008233841552053
2025-05-28,2025-05-29,1.0,0.40574048570249666,,logistic,market_only,logistic_market_only,2025_holdout,0,0.0058376189501768
2025-05-29,2025-05-30,0.0,0.4214922212813569,,logistic,market_only,logistic_market_only,2025_holdout,0,-0.0047980785470189
2025-05-30,2025-06-03,1.0,0.41465110052384463,,logistic,market_only,logistic_market_only,2025_holdout,0,0.0030628293472223
2025-06-03,2025-06-04,1.0,0.4279190344596579,,logistic,market_only,logistic_market_only,2025_holdout,0,0.0043337826467046
2025-06-04,2025-06-05,1.0,0.4278401714528777,,logistic,market_only,logistic_market_only,2025_holdout,0,0.0022772172034397
2025-06-05,2025-06-06,0.0,0.4225624495752973,,logistic,market_only,logistic_market_only,2025_holdout,0,-0.0009236874877862
2025-06-06,2025-06-09,1.0,0.4162558404429733,,logistic,market_only,logistic_market_only,2025_holdout,0,0.0029049294647187
2025-06-09,2025-06-10,0.0,0.4190305203567849,,logistic,market_only,logistic_market_only,2025_holdout,0,-0.0051040530276676
2025-06-10,2025-06-11,1.0,0.40364070918293116,,logistic,market_only,logistic_market_only,2025_holdout,0,0.0075154024431042
2025-06-11,2025-06-12,0.0,0.41903535263353425,,logistic,market_only,logistic_market_only,2025_holdout,0,-0.0006241307640932
2025-06-12,2025-06-13,0.0,0.4016165292013279,,logistic,market_only,logistic_market_only,2025_holdout,0,-0.0072250513487183
2025-06-13,2025-06-16,1.0,0.3914330118867505,,logistic,market_only,logistic_market_only,2025_holdout,0,0.0024864383097925
2025-06-16,2025-06-17,0.0,0.4031606922468705,,logistic,market_only,logistic_market_only,2025_holdout,0,-0.0008832439902828
2025-06-17,2025-06-18,1.0,0.3987346417957847,,logistic,market_only,logistic_market_only,2025_holdout,0,0.0011852274041385
2025-06-18,2025-06-19,0.0,0.40047964671954456,,logistic,market_only,logistic_market_only,2025_holdout,0,-0.0082611903276287
2025-06-19,2025-06-20,1.0,0.3921163105347423,,logistic,market_only,logistic_market_only,2025_holdout,0,0.0009233094665735
2025-07-18,2025-07-21,1.0,0.391242257369222,,logistic,market_only,logistic_market_only,2025_holdout,0,0.0066452770034147
2025-07-21,2025-07-22,1.0,0.3925088866186532,,logistic,market_only,logistic_market_only,2025_holdout,0,0.0081296603426505
2025-07-22,2025-07-23,1.0,0.39007996529042627,,logistic,market_only,logistic_market_only,2025_holdout,0,0.0001966322485651
2025-07-23,2025-07-24,1.0,0.37066204230118704,,logistic,market_only,logistic_market_only,2025_holdout,0,0.0070796456211479
2025-07-24,2025-07-25,0.0,0.3731600095698683,,logistic,market_only,logistic_market_only,2025_holdout,0,-0.005287463080977
2025-07-25,2025-07-28,1.0,0.35514215574874175,,logistic,market_only,logistic_market_only,2025_holdout,0,0.0020960968490133
2025-07-28,2025-07-29,1.0,0.36319522241184055,,logistic,market_only,logistic_market_only,2025_holdout,0,0.003909346858056
2025-07-29,2025-07-30,0.0,0.3662692956563807,,logistic,market_only,logistic_market_only,2025_holdout,0,-0.0001878780147304
2025-07-30,2025-07-31,0.0,0.36316316733959,,logistic,market_only,logistic_market_only,2025_holdout,0,-0.0183915633044165
2025-07-31,2025-08-01,0.0,0.3600755671677886,,logistic,market_only,logistic_market_only,2025_holdout,0,-0.0050820967088656
2025-08-01,2025-08-04,1.0,0.38412863215483684,,logistic,market_only,logistic_market_only,2025_holdout,0,0.0038815500582222
2025-08-04,2025-08-05,1.0,0.40155493765323225,,logistic,market_only,logistic_market_only,2025_holdout,0,0.0080131084551544
2025-08-05,2025-08-06,1.0,0.41305838317607524,,logistic,market_only,logistic_market_only,2025_holdout,0,0.0024437333110458
2025-08-06,2025-08-07,1.0,0.4116466339175295,,logistic,market_only,logistic_market_only,2025_holdout,0,0.0002868198985166
2025-08-07,2025-08-08,0.0,0.41063772823427314,,logistic,market_only,logistic_market_only,2025_holdout,0,-0.0023602017856895
2025-08-08,2025-08-11,1.0,0.4061125925250397,,logistic,market_only,logistic_market_only,2025_holdout,0,0.0042637664443205
2025-08-11,2025-08-12,1.0,0.4124112879944359,,logistic,market_only,logistic_market_only,2025_holdout,0,0.0051582797884577
2025-08-12,2025-08-13,1.0,0.41257359014283024,,logistic,market_only,logistic_market_only,2025_holdout,0,0.0078722488753719
2025-08-13,2025-08-14,0.0,0.41511086594431035,,logistic,market_only,logistic_market_only,2025_holdout,0,-0.0007832438911579
2025-08-14,2025-08-15,1.0,0.4022495034581262,,logistic,market_only,logistic_market_only,2025_holdout,0,0.006934406689865
2025-08-15,2025-08-18,1.0,0.4084895369903947,,logistic,market_only,logistic_market_only,2025_holdout,0,0.0087802159943145
2025-08-18,2025-08-19,0.0,0.4059441208234612,,logistic,market_only,logistic_market_only,2025_holdout,0,-0.00379072106502
2025-08-19,2025-08-20,1.0,0.3852735276999539,,logistic,market_only,logistic_market_only,2025_holdout,0,0.011308254802686
2025-08-20,2025-08-21,1.0,0.4018896343299497,,logistic,market_only,logistic_market_only,2025_holdout,0,0.0038951059063758
2025-08-21,2025-08-22,1.0,0.38693722237536854,,logistic,market_only,logistic_market_only,2025_holdout,0,0.02075525083855
2025-08-22,2025-08-25,1.0,0.4070530676671068,,logistic,market_only,logistic_market_only,2025_holdout,0,0.0206218976542001
2025-08-25,2025-08-26,0.0,0.403417158680575,,logistic,market_only,logistic_market_only,2025_holdout,0,-0.0037279474141999
2025-08-26,2025-08-27,0.0,0.364116234991706,,logistic,market_only,logistic_market_only,2025_holdout,0,-0.0150386600213421
2025-08-27,2025-08-28,1.0,0.414165334755958,,logistic,market_only,logistic_market_only,2025_holdout,0,0.017548651391104
2025-08-28,2025-08-29,1.0,0.37768802796452106,,logistic,market_only,logistic_market_only,2025_holdout,0,0.0073611967413575
2025-08-29,2025-09-01,1.0,0.36116459604208345,,logistic,market_only,logistic_market_only,2025_holdout,0,0.0059753161833233
2025-09-01,2025-09-02,0.0,0.3619567274466011,,logistic,market_only,logistic_market_only,2025_holdout,0,-0.0073795341857631
2025-09-02,2025-09-03,0.0,0.35374458908631684,,logistic,market_only,logistic_market_only,2025_holdout,0,-0.0068422707357624
2025-09-03,2025-09-04,0.0,0.42441608372316,,logistic,market_only,logistic_market_only,2025_holdout,0,-0.0214443506136347
2025-09-04,2025-09-05,1.0,0.4247651857018193,,logistic,market_only,logistic_market_only,2025_holdout,0,0.0215542142371146
2025-09-05,2025-09-08,1.0,0.49475984800276035,,logistic,market_only,logistic_market_only,2025_holdout,0,0.0016241243101468
2025-09-08,2025-09-09,0.0,0.4801857362578789,,logistic,market_only,logistic_market_only,2025_holdout,0,-0.0070329575150866
2025-09-09,2025-09-10,1.0,0.48149135283025574,,logistic,market_only,logistic_market_only,2025_holdout,0,0.0020491764305014
2025-09-10,2025-09-11,1.0,0.500643353601985,,logistic,market_only,logistic_market_only,2025_holdout,1,0.0228333166099722
2025-09-11,2025-09-12,0.0,0.531513556926921,,logistic,market_only,logistic_market_only,2025_holdout,1,-0.0057397983168245
2025-09-12,2025-09-15,1.0,0.4943389945575781,,logistic,market_only,logistic_market_only,2025_holdout,0,0.0024428342827081
2025-09-15,2025-09-16,0.0,0.5053676827038297,,logistic,market_only,logistic_market_only,2025_holdout,1,-0.0021465491215527
2025-09-16,2025-09-17,1.0,0.49909182583160283,,logistic,market_only,logistic_market_only,2025_holdout,0,0.0061007246464561
2025-09-17,2025-09-18,0.0,0.5069088882689862,,logistic,market_only,logistic_market_only,2025_holdout,1,-0.0116940751118193
2025-09-18,2025-09-19,1.0,0.49045131658995916,,logistic,market_only,logistic_market_only,2025_holdout,0,0.0008466638950307
2025-09-19,2025-09-22,1.0,0.5066849160357668,,logistic,market_only,logistic_market_only,2025_holdout,1,0.0045852883752098
2025-09-22,2025-09-23,0.0,0.5082242549972219,,logistic,market_only,logistic_market_only,2025_holdout,1,-0.0006259407285905
2025-09-23,2025-09-24,1.0,0.5029737372433501,,logistic,market_only,logistic_market_only,2025_holdout,1,0.0101895586020818
2025-09-24,2025-09-25,1.0,0.5153734701754362,,logistic,market_only,logistic_market_only,2025_holdout,1,0.0059872050424883
2025-09-25,2025-09-26,0.0,0.5044047416562983,,logistic,market_only,logistic_market_only,2025_holdout,1,-0.0095018618243211
2025-09-26,2025-09-29,1.0,0.48249290384507226,,logistic,market_only,logistic_market_only,2025_holdout,0,0.0152673056324377
2025-09-29,2025-09-30,1.0,0.5129520146913911,,logistic,market_only,logistic_market_only,2025_holdout,1,0.0044575345330339
2025-09-30,2025-10-09,1.0,0.4922572065505682,,logistic,market_only,logistic_market_only,2025_holdout,0,0.0147144364574539
2025-10-09,2025-10-10,0.0,0.5005413578797735,,logistic,market_only,logistic_market_only,2025_holdout,1,-0.0198691761356096
2025-10-10,2025-10-13,0.0,0.454476262073645,,logistic,market_only,logistic_market_only,2025_holdout,0,-0.0049615716479266
2025-10-13,2025-10-14,0.0,0.46836018094839543,,logistic,market_only,logistic_market_only,2025_holdout,0,-0.0120268085952429
2025-10-14,2025-10-15,1.0,0.46626048041103685,,logistic,market_only,logistic_market_only,2025_holdout,0,0.0147028186136493
2025-10-15,2025-10-16,1.0,0.5084934378668832,,logistic,market_only,logistic_market_only,2025_holdout,1,0.0026298944880156
2025-10-16,2025-10-17,0.0,0.5011890356320363,,logistic,market_only,logistic_market_only,2025_holdout,1,-0.02281802557004
2025-10-17,2025-10-20,1.0,0.47841405504989093,,logistic,market_only,logistic_market_only,2025_holdout,0,0.0053002349997063
2025-10-20,2025-10-21,1.0,0.5195555333567464,,logistic,market_only,logistic_market_only,2025_holdout,1,0.0152308465011269
2025-10-21,2025-10-22,0.0,0.5357085695139239,,logistic,market_only,logistic_market_only,2025_holdout,1,-0.0033259309563051
2025-10-22,2025-10-23,1.0,0.5119341442453053,,logistic,market_only,logistic_market_only,2025_holdout,1,0.0029938352011483
2025-10-23,2025-10-24,1.0,0.5216135542635547,,logistic,market_only,logistic_market_only,2025_holdout,1,0.01172774480373
2025-10-24,2025-10-27,1.0,0.5283940417801339,,logistic,market_only,logistic_market_only,2025_holdout,1,0.0118038633095883
2025-10-27,2025-10-28,0.0,0.5216007168360677,,logistic,market_only,logistic_market_only,2025_holdout,1,-0.0051126866393398
2025-10-28,2025-10-29,1.0,0.4951345918254628,,logistic,market_only,logistic_market_only,2025_holdout,0,0.0118372408713961
2025-10-29,2025-10-30,0.0,0.5127834094437359,,logistic,market_only,logistic_market_only,2025_holdout,1,-0.0080209782147857
2025-10-30,2025-10-31,0.0,0.4822552723119444,,logistic,market_only,logistic_market_only,2025_holdout,0,-0.0148100471997965
2025-10-31,2025-11-03,1.0,0.4762474784325848,,logistic,market_only,logistic_market_only,2025_holdout,0,0.0027393828453463
2025-11-03,2025-11-04,0.0,0.5014713749715412,,logistic,market_only,logistic_market_only,2025_holdout,1,-0.0074848549950598
2025-11-04,2025-11-05,1.0,0.49191198321267926,,logistic,market_only,logistic_market_only,2025_holdout,0,0.001851620047169
2025-11-05,2025-11-06,1.0,0.5105203415792096,,logistic,market_only,logistic_market_only,2025_holdout,1,0.0141923662431926
2025-11-06,2025-11-07,0.0,0.530250531624246,,logistic,market_only,logistic_market_only,2025_holdout,1,-0.003117737014389
2025-11-07,2025-11-10,1.0,0.5012298396936044,,logistic,market_only,logistic_market_only,2025_holdout,1,0.0034692327388138
2025-11-10,2025-11-11,0.0,0.5077166731011656,,logistic,market_only,logistic_market_only,2025_holdout,1,-0.009174984819875
2025-11-11,2025-11-12,0.0,0.4897512572221615,,logistic,market_only,logistic_market_only,2025_holdout,0,-0.0013465147526876
2025-11-12,2025-11-13,1.0,0.495724449280334,,logistic,market_only,logistic_market_only,2025_holdout,0,0.012015574630851
2025-11-13,2025-11-14,0.0,0.5151844373884312,,logistic,market_only,logistic_market_only,2025_holdout,1,-0.0158477777669541
2025-11-14,2025-11-17,0.0,0.47800582366832706,,logistic,market_only,logistic_market_only,2025_holdout,0,-0.0065227589470807
2025-11-17,2025-11-18,0.0,0.49754415256422246,,logistic,market_only,logistic_market_only,2025_holdout,0,-0.0065152353910493
2025-11-18,2025-11-19,1.0,0.43247625306838966,,logistic,market_only,logistic_market_only,2025_holdout,0,0.0043903404552326
2025-11-19,2025-11-20,0.0,0.45095071692066707,,logistic,market_only,logistic_market_only,2025_holdout,0,-0.0050998445547902
2025-11-20,2025-11-21,0.0,0.5142496142683427,,logistic,market_only,logistic_market_only,2025_holdout,1,-0.0246925578252606
2025-11-21,2025-11-24,0.0,0.5056375833293312,,logistic,market_only,logistic_market_only,2025_holdout,1,-0.0012492053668726
2025-11-24,2025-11-25,1.0,0.5388104263954716,,logistic,market_only,logistic_market_only,2025_holdout,1,0.0094759867535566
2025-11-25,2025-11-26,1.0,0.5587656932216845,,logistic,market_only,logistic_market_only,2025_holdout,1,0.0060457354027621
2025-11-26,2025-11-27,0.0,0.5535154776552216,,logistic,market_only,logistic_market_only,2025_holdout,1,-0.0004937435268793
2025-11-27,2025-11-28,1.0,0.5452924561481383,,logistic,market_only,logistic_market_only,2025_holdout,1,0.0024905841855706
2025-11-28,2025-12-01,1.0,0.47379175883371627,,logistic,market_only,logistic_market_only,2025_holdout,0,0.0109479680570724
2025-12-01,2025-12-02,0.0,0.5461176568677902,,logistic,market_only,logistic_market_only,2025_holdout,1,-0.0048538999800864
2025-12-02,2025-12-03,0.0,0.517550544664648,,logistic,market_only,logistic_market_only,2025_holdout,1,-0.0051247280685855
2025-12-03,2025-12-04,1.0,0.5132768832268788,,logistic,market_only,logistic_market_only,2025_holdout,1,0.0034194018084143
2025-12-04,2025-12-05,1.0,0.4475224660009683,,logistic,market_only,logistic_market_only,2025_holdout,0,0.0083166709974398
2025-12-05,2025-12-08,1.0,0.4500548884350503,,logistic,market_only,logistic_market_only,2025_holdout,0,0.0080836477288575
2025-12-08,2025-12-09,0.0,0.5139657483945147,,logistic,market_only,logistic_market_only,2025_holdout,1,-0.0051041491641017
2025-12-09,2025-12-10,0.0,0.4239519093785335,,logistic,market_only,logistic_market_only,2025_holdout,0,-0.0013906346602648
2025-12-10,2025-12-11,0.0,0.4237633806061104,,logistic,market_only,logistic_market_only,2025_holdout,0,-0.008672398325831
2025-12-11,2025-12-12,1.0,0.40834890981120686,,logistic,market_only,logistic_market_only,2025_holdout,0,0.0063001610973626
2025-12-12,2025-12-15,0.0,0.4215668168011109,,logistic,market_only,logistic_market_only,2025_holdout,0,-0.0063265224410897
2025-12-15,2025-12-16,0.0,0.4079658545370542,,logistic,market_only,logistic_market_only,2025_holdout,0,-0.0120470736883567
2025-12-16,2025-12-17,1.0,0.4081133974912881,,logistic,market_only,logistic_market_only,2025_holdout,0,0.0181399928413459
2025-12-17,2025-12-18,0.0,0.5235539697256465,,logistic,market_only,logistic_market_only,2025_holdout,1,-0.0059325650556533
2025-12-18,2025-12-19,1.0,0.493396072359261,,logistic,market_only,logistic_market_only,2025_holdout,0,0.0033746442769563
2025-12-19,2025-12-22,1.0,0.42518820537020413,,logistic,market_only,logistic_market_only,2025_holdout,0,0.0094643291260549
2025-12-22,2025-12-23,1.0,0.43469823491586684,,logistic,market_only,logistic_market_only,2025_holdout,0,0.0019734960127628
2025-12-23,2025-12-24,1.0,0.4197669811353484,,logistic,market_only,logistic_market_only,2025_holdout,0,0.0028806724340582
2025-12-24,2025-12-25,1.0,0.41649273554050165,,logistic,market_only,logistic_market_only,2025_holdout,0,0.0018282565513331
2025-12-25,2025-12-26,1.0,0.41207072112031945,,logistic,market_only,logistic_market_only,2025_holdout,0,0.0031613677405162
2025-12-26,2025-12-29,0.0,0.40971585487040735,,logistic,market_only,logistic_market_only,2025_holdout,0,-0.0038444168377923
2025-12-29,2025-12-30,1.0,0.3971069441885269,,logistic,market_only,logistic_market_only,2025_holdout,0,0.0025638693792414
2025-12-30,2025-12-31,0.0,0.40355991538399094,,logistic,market_only,logistic_market_only,2025_holdout,0,-0.0045985414860679
2025-12-31,2026-01-05,1.0,0.39560602826323954,,logistic,market_only,logistic_market_only,2026_robustness,0,0.0187880819761763
2026-01-05,2026-01-06,1.0,0.43109865794010427,,logistic,market_only,logistic_market_only,2026_robustness,0,0.0153424601259199
2026-01-06,2026-01-07,0.0,0.4256378427858334,,logistic,market_only,logistic_market_only,2026_robustness,0,-0.0029308001445543
2026-01-07,2026-01-08,0.0,0.39653339382489694,,logistic,market_only,logistic_market_only,2026_robustness,0,-0.0082024188319986
2026-01-08,2026-01-09,1.0,0.3862181470106691,,logistic,market_only,logistic_market_only,2026_robustness,0,0.0044795195669895
2026-01-09,2026-01-12,1.0,0.3966794374010226,,logistic,market_only,logistic_market_only,2026_robustness,0,0.0064929580785505
2026-01-12,2026-01-13,0.0,0.393913238544983,,logistic,market_only,logistic_market_only,2026_robustness,0,-0.0060496784322183
2026-01-13,2026-01-14,0.0,0.38237707551021133,,logistic,market_only,logistic_market_only,2026_robustness,0,-0.0040198055594202
2026-01-14,2026-01-15,1.0,0.38958256031013044,,logistic,market_only,logistic_market_only,2026_robustness,0,0.002001399540542
2026-01-15,2026-01-16,0.0,0.39678532535440536,,logistic,market_only,logistic_market_only,2026_robustness,0,-0.0041251521595873
2026-01-16,2026-01-19,1.0,0.388232186173599,,logistic,market_only,logistic_market_only,2026_robustness,0,0.0005472025726184
2026-01-19,2026-01-20,0.0,0.3982062545598397,,logistic,market_only,logistic_market_only,2026_robustness,0,-0.0032961924793225
2026-01-20,2026-01-21,1.0,0.40030116887139633,,logistic,market_only,logistic_market_only,2026_robustness,0,0.0008875285878533
2026-01-21,2026-01-22,1.0,0.40795656421280013,,logistic,market_only,logistic_market_only,2026_robustness,0,0.0001354959046318
2026-01-22,2026-01-23,0.0,0.410525697633837,,logistic,market_only,logistic_market_only,2026_robustness,0,-0.0045002256040236
2026-01-23,2026-01-26,1.0,0.4089503655158648,,logistic,market_only,logistic_market_only,2026_robustness,0,0.0009479822081193
2026-01-26,2026-01-27,0.0,0.41872492447885024,,logistic,market_only,logistic_market_only,2026_robustness,0,-0.000269849618908
2026-01-27,2026-01-28,1.0,0.4193914580269427,,logistic,market_only,logistic_market_only,2026_robustness,0,0.0026104466587982
2026-01-28,2026-01-29,1.0,0.42422885654364906,,logistic,market_only,logistic_market_only,2026_robustness,0,0.0075761617296989
2026-01-29,2026-01-30,0.0,0.4321229391282979,,logistic,market_only,logistic_market_only,2026_robustness,0,-0.0100484872815661
2026-01-30,2026-02-02,0.0,0.4130919411892671,,logistic,market_only,logistic_market_only,2026_robustness,0,-0.0215550766625216
2026-02-02,2026-02-03,1.0,0.4045697029019316,,logistic,market_only,logistic_market_only,2026_robustness,0,0.0116835937825024
2026-02-03,2026-02-04,1.0,0.4458555067938915,,logistic,market_only,logistic_market_only,2026_robustness,0,0.0082425651969655
2026-02-04,2026-02-05,0.0,0.44410129986221375,,logistic,market_only,logistic_market_only,2026_robustness,0,-0.0060326148091381
2026-02-05,2026-02-06,0.0,0.4281491371469226,,logistic,market_only,logistic_market_only,2026_robustness,0,-0.0057590759152554
2026-02-06,2026-02-09,1.0,0.4317408269866533,,logistic,market_only,logistic_market_only,2026_robustness,0,0.0161196997398466
2026-02-09,2026-02-10,1.0,0.46093682069258113,,logistic,market_only,logistic_market_only,2026_robustness,0,0.0011097746009467
2026-02-10,2026-02-11,0.0,0.4344757943072056,,logistic,market_only,logistic_market_only,2026_robustness,0,-0.002220782170002
2026-02-11,2026-02-12,1.0,0.42692495884267195,,logistic,market_only,logistic_market_only,2026_robustness,0,0.0012211929348548
2026-02-12,2026-02-13,0.0,0.42825073631283167,,logistic,market_only,logistic_market_only,2026_robustness,0,-0.0126163854874798
2026-02-13,2026-02-24,1.0,0.4109966843935402,,logistic,market_only,logistic_market_only,2026_robustness,0,0.0100620514922893
2026-02-24,2026-02-25,1.0,0.4405757685343937,,logistic,market_only,logistic_market_only,2026_robustness,0,0.0060041923684178
2026-02-25,2026-02-26,0.0,0.43592930678789266,,logistic,market_only,logistic_market_only,2026_robustness,0,-0.0019064211143237
2026-02-26,2026-02-27,0.0,0.4254642603569355,,logistic,market_only,logistic_market_only,2026_robustness,0,-0.0034373470933929
2026-02-27,2026-03-02,1.0,0.4236351669159028,,logistic,market_only,logistic_market_only,2026_robustness,0,0.0038180762789801
2026-03-02,2026-03-03,0.0,0.43032820058604804,,logistic,market_only,logistic_market_only,2026_robustness,0,-0.0155087464966227
2026-03-03,2026-03-04,0.0,0.478076461392001,,logistic,market_only,logistic_market_only,2026_robustness,0,-0.0115095259635223
2026-03-04,2026-03-05,1.0,0.49079925421475773,,logistic,market_only,logistic_market_only,2026_robustness,0,0.0097446154008003
2026-03-05,2026-03-06,1.0,0.525550399923606,,logistic,market_only,logistic_market_only,2026_robustness,1,0.0027395423085322
2026-03-06,2026-03-09,0.0,0.5186448558639281,,logistic,market_only,logistic_market_only,2026_robustness,1,-0.0096983263205585
2026-03-09,2026-03-10,1.0,0.5071813915508574,,logistic,market_only,logistic_market_only,2026_robustness,1,0.0127662865639611
2026-03-10,2026-03-11,1.0,0.46444331013300477,,logistic,market_only,logistic_market_only,2026_robustness,0,0.0063416729402122
2026-03-11,2026-03-12,0.0,0.45090494017184873,,logistic,market_only,logistic_market_only,2026_robustness,0,-0.0036073062500733
2026-03-12,2026-03-13,0.0,0.43282250022089547,,logistic,market_only,logistic_market_only,2026_robustness,0,-0.003937290667855
2026-03-13,2026-03-16,1.0,0.4302646888338114,,logistic,market_only,logistic_market_only,2026_robustness,0,0.0005181624619451
2026-03-16,2026-03-17,0.0,0.4328942903451388,,logistic,market_only,logistic_market_only,2026_robustness,0,-0.0073305731642343
2026-03-17,2026-03-18,1.0,0.41732290779952597,,logistic,market_only,logistic_market_only,2026_robustness,0,0.0044945249648249
2026-03-18,2026-03-19,0.0,0.4342342799168948,,logistic,market_only,logistic_market_only,2026_robustness,0,-0.0162486613482933
2026-03-19,2026-03-20,0.0,0.417293136545562,,logistic,market_only,logistic_market_only,2026_robustness,0,-0.0035474400253333
2026-03-20,2026-03-23,0.0,0.43775287299283533,,logistic,market_only,logistic_market_only,2026_robustness,0,-0.0331738084377388
2026-03-23,2026-03-24,1.0,0.4943375011712453,,logistic,market_only,logistic_market_only,2026_robustness,0,0.0127566749389173
2026-03-24,2026-03-25,1.0,0.5640471616561004,,logistic,market_only,logistic_market_only,2026_robustness,1,0.0139258080620218
2026-03-25,2026-03-26,0.0,0.5748818195033256,,logistic,market_only,logistic_market_only,2026_robustness,1,-0.0132980329010768
2026-03-26,2026-03-27,1.0,0.5468418004695815,,logistic,market_only,logistic_market_only,2026_robustness,1,0.0055767897677126
2026-03-27,2026-03-30,0.0,0.5734351852653177,,logistic,market_only,logistic_market_only,2026_robustness,1,-0.0023614389506294
2026-03-30,2026-03-31,0.0,0.5582425832828264,,logistic,market_only,logistic_market_only,2026_robustness,1,-0.0093715738447888
2026-03-31,2026-04-01,1.0,0.5421518095717317,,logistic,market_only,logistic_market_only,2026_robustness,1,0.0169386812169789
2026-04-01,2026-04-02,0.0,0.5776874138524095,,logistic,market_only,logistic_market_only,2026_robustness,1,-0.0104743000347116
2026-04-02,2026-04-03,0.0,0.5408869467791084,,logistic,market_only,logistic_market_only,2026_robustness,1,-0.0085474247075845
2026-04-03,2026-04-07,0.0,0.5424818987984436,,logistic,market_only,logistic_market_only,2026_robustness,1,-3.828220969884096e-05
2026-04-07,2026-04-08,1.0,0.5529681022001798,,logistic,market_only,logistic_market_only,2026_robustness,1,0.0342966136464091
2026-04-08,2026-04-09,0.0,0.6042740761524935,,logistic,market_only,logistic_market_only,2026_robustness,1,-0.006404890818215
2026-04-09,2026-04-10,1.0,0.5451572137874133,,logistic,market_only,logistic_market_only,2026_robustness,1,0.0152891395760846
2026-04-10,2026-04-13,1.0,0.5664459663870194,,logistic,market_only,logistic_market_only,2026_robustness,1,0.0020640509249754
2026-04-13,2026-04-14,1.0,0.5356811448489103,,logistic,market_only,logistic_market_only,2026_robustness,1,0.0117958923993025
2026-04-14,2026-04-15,0.0,0.5325045493122669,,logistic,market_only,logistic_market_only,2026_robustness,1,-0.0034155360039708
2026-04-15,2026-04-16,1.0,0.5010421197722135,,logistic,market_only,logistic_market_only,2026_robustness,1,0.0109024139036332
2026-04-16,2026-04-17,0.0,0.5116883379932546,,logistic,market_only,logistic_market_only,2026_robustness,1,-0.0016777109314044
2026-04-17,2026-04-20,1.0,0.48467767914323917,,logistic,market_only,logistic_market_only,2026_robustness,0,0.006065729410968
2026-04-20,2026-04-21,1.0,0.4900328004148756,,logistic,market_only,logistic_market_only,2026_robustness,0,0.0022172213201997
2026-04-21,2026-04-22,1.0,0.46523809322190485,,logistic,market_only,logistic_market_only,2026_robustness,0,0.0066119018463905
2026-04-22,2026-04-23,0.0,0.469176750980293,,logistic,market_only,logistic_market_only,2026_robustness,0,-0.0027748933928793
2026-04-23,2026-04-24,0.0,0.45555190608893575,,logistic,market_only,logistic_market_only,2026_robustness,0,-0.0035497175107411
2026-04-24,2026-04-27,1.0,0.45269974429256704,,logistic,market_only,logistic_market_only,2026_robustness,0,0.0003312257900039
2026-04-27,2026-04-28,0.0,0.46092228801820706,,logistic,market_only,logistic_market_only,2026_robustness,0,-0.0026738993973524
2026-04-28,2026-04-29,1.0,0.4620821795615134,,logistic,market_only,logistic_market_only,2026_robustness,0,0.0108982994447154
2026-04-29,2026-04-30,0.0,0.48313947556021375,,logistic,market_only,logistic_market_only,2026_robustness,0,-0.0006321704242491
2026-04-30,2026-05-06,1.0,0.47020701330695047,,logistic,market_only,logistic_market_only,2026_robustness,0,0.0144110544063099
2026-05-06,2026-05-07,1.0,0.4891246792676635,,logistic,market_only,logistic_market_only,2026_robustness,0,0.0047905508078704
2026-05-07,2026-05-08,0.0,0.47292784373895036,,logistic,market_only,logistic_market_only,2026_robustness,0,-0.0058532240025509
2026-05-08,2026-05-11,1.0,0.460716030482148,,logistic,market_only,logistic_market_only,2026_robustness,0,0.0162731673520383
2026-05-11,2026-05-12,0.0,0.4027572125505807,,logistic,market_only,logistic_market_only,2026_robustness,0,-0.0007656651104517
2026-05-12,2026-05-13,1.0,0.37700955680251685,,logistic,market_only,logistic_market_only,2026_robustness,0,0.010112297737747
2026-05-13,2026-05-14,0.0,0.385359967969922,,logistic,market_only,logistic_market_only,2026_robustness,0,-0.0168954905424248
2026-05-14,2026-05-15,0.0,0.3639879905312865,,logistic,market_only,logistic_market_only,2026_robustness,0,-0.0112562945536751
2026-05-15,2026-05-18,0.0,0.376063608219145,,logistic,market_only,logistic_market_only,2026_robustness,0,-0.0053790915114845
2026-05-18,2026-05-19,1.0,0.3907876975794535,,logistic,market_only,logistic_market_only,2026_robustness,0,0.0039973624420415
2026-05-19,2026-05-20,0.0,0.40967050649393455,,logistic,market_only,logistic_market_only,2026_robustness,0,-0.0004493187126146
2026-05-20,2026-05-21,0.0,0.4144303385326843,,logistic,market_only,logistic_market_only,2026_robustness,0,-0.0140341525718326
2026-05-21,2026-05-22,1.0,0.4123221226770122,,logistic,market_only,logistic_market_only,2026_robustness,0,0.0128790131047034
2026-05-22,2026-05-25,1.0,0.5226525638161984,,logistic,market_only,logistic_market_only,2026_robustness,1,0.0156657959245206
2026-05-25,2026-05-26,1.0,0.5286825007692023,,logistic,market_only,logistic_market_only,2026_robustness,1,0.0053194579026905
2026-05-26,2026-05-27,0.0,0.5116590786921226,,logistic,market_only,logistic_market_only,2026_robustness,1,-0.0080519752162036
2026-05-27,2026-05-28,1.0,0.4933960599633444,,logistic,market_only,logistic_market_only,2026_robustness,0,0.0012298446529864
2026-05-28,2026-05-29,0.0,0.5008598087827734,,logistic,market_only,logistic_market_only,2026_robustness,1,-0.0045052608598879
2026-05-29,2026-06-01,0.0,0.49045344288783327,,logistic,market_only,logistic_market_only,2026_robustness,0,-0.0098312484692546
2026-06-01,2026-06-02,1.0,0.4867627850225002,,logistic,market_only,logistic_market_only,2026_robustness,0,0.0144077288205232
2026-06-02,2026-06-03,1.0,0.5258235779741152,,logistic,market_only,logistic_market_only,2026_robustness,1,0.0049221837727627
2026-06-03,2026-06-04,0.0,0.5120615996650387,,logistic,market_only,logistic_market_only,2026_robustness,1,-0.0069202881739488
2026-06-04,2026-06-05,0.0,0.49757263677823266,,logistic,market_only,logistic_market_only,2026_robustness,0,-0.018069403655837
2026-06-05,2026-06-08,0.0,0.4911820286064317,,logistic,market_only,logistic_market_only,2026_robustness,0,-0.0216742863299724
2026-06-08,2026-06-09,1.0,0.49273948478680746,,logistic,market_only,logistic_market_only,2026_robustness,0,0.0185324968361344
2026-06-09,2026-06-10,0.0,0.5554419743485703,,logistic,market_only,logistic_market_only,2026_robustness,1,-0.0111451982941779
2026-06-10,2026-06-11,0.0,0.5242167134115009,,logistic,market_only,logistic_market_only,2026_robustness,1,-0.0055284693655091
2026-06-11,2026-06-12,1.0,0.5371351125432704,,logistic,market_only,logistic_market_only,2026_robustness,1,0.0115604573039653
2026-06-12,2026-06-15,1.0,0.5646729569974658,,logistic,market_only,logistic_market_only,2026_robustness,1,0.0236622157964752
2026-06-15,2026-06-16,0.0,0.5823815102156028,,logistic,market_only,logistic_market_only,2026_robustness,1,-0.0015302879231482
2026-06-16,2026-06-17,1.0,0.5429740305892271,,logistic,market_only,logistic_market_only,2026_robustness,1,0.0096092478898709
2026-06-17,2026-06-18,1.0,0.54973808765491,,logistic,market_only,logistic_market_only,2026_robustness,1,0.0020682698229499
2026-06-18,2026-06-22,1.0,0.5249789331681303,,logistic,market_only,logistic_market_only,2026_robustness,1,0.0236101219663361
2026-06-22,2026-06-23,0.0,0.5431602043717414,,logistic,market_only,logistic_market_only,2026_robustness,1,-0.0281147482881284
2026-06-23,2026-06-24,1.0,0.47819563973130874,,logistic,market_only,logistic_market_only,2026_robustness,0,0.004791941364711
2026-06-24,2026-06-25,1.0,0.5167075117463146,,logistic,market_only,logistic_market_only,2026_robustness,1,0.0154733733814848
2026-06-25,2026-06-26,0.0,0.5280314333796695,,logistic,market_only,logistic_market_only,2026_robustness,1,-0.0307214866220711
2026-06-26,2026-06-29,1.0,0.4816427457858856,,logistic,market_only,logistic_market_only,2026_robustness,0,0.0119856791670266
2026-06-29,2026-06-30,1.0,0.5443769816781456,,logistic,market_only,logistic_market_only,2026_robustness,1,0.0106013802855272
2026-06-30,2026-07-01,0.0,0.5458470011964737,,logistic,market_only,logistic_market_only,2026_robustness,1,-0.0041153522267587
2026-07-01,2026-07-02,0.0,0.5244934073894235,,logistic,market_only,logistic_market_only,2026_robustness,1,-0.0300249341189119
2026-07-02,2026-07-03,1.0,0.5075669943420863,,logistic,market_only,logistic_market_only,2026_robustness,1,0.0061878270496772
2026-07-03,2026-07-06,0.0,0.5592785285095303,,logistic,market_only,logistic_market_only,2026_robustness,1,-3.510884257870921e-05
2026-07-06,2026-07-07,0.0,0.5517440824284848,,logistic,market_only,logistic_market_only,2026_robustness,1,-0.0103257420794228
2026-07-07,2026-07-08,0.0,0.5451432312053601,,logistic,market_only,logistic_market_only,2026_robustness,1,-0.0076939650311269
2026-07-08,2026-07-09,1.0,0.5588077091619922,,logistic,market_only,logistic_market_only,2026_robustness,1,0.0250806348950103
2026-07-09,2026-07-10,0.0,0.6091068771076386,,logistic,market_only,logistic_market_only,2026_robustness,1,-0.0197829814863422
2026-07-10,2026-07-13,0.0,0.5597987289983954,,logistic,market_only,logistic_market_only,2026_robustness,1,-0.0180267582617953
2026-07-13,2026-07-14,1.0,0.5709162842728345,,logistic,market_only,logistic_market_only,2026_robustness,1,0.0213074387236755
2026-07-14,2026-07-15,0.0,0.620606294358013,,logistic,market_only,logistic_market_only,2026_robustness,1,-0.0020285337239669
2026-07-15,2026-07-16,0.0,0.5895313515866004,,logistic,market_only,logistic_market_only,2026_robustness,1,-0.0186295411937182
2026-07-16,2026-07-17,0.0,0.5734215248267222,,logistic,market_only,logistic_market_only,2026_robustness,1,-0.0367051660985169
2026-07-17,2026-07-20,1.0,0.5710413726714756,,logistic,market_only,logistic_market_only,2026_robustness,1,0.0151677751359679
2026-07-20,2026-07-21,1.0,0.6341399785832569,,logistic,market_only,logistic_market_only,2026_robustness,1,0.0301836558579852
2026-07-21,2026-07-22,0.0,0.6562165515318121,,logistic,market_only,logistic_market_only,2026_robustness,1,-0.0046507924493437
2026-07-22,2026-07-23,1.0,0.6158813603745399,,logistic,market_only,logistic_market_only,2026_robustness,1,0.0022783972995245
2026-07-23,2026-07-24,0.0,0.6181682791966384,,logistic,market_only,logistic_market_only,2026_robustness,1,-0.0168092692263775
2026-07-24,2026-07-27,1.0,0.5797144464127669,,logistic,market_only,logistic_market_only,2026_robustness,1,0.0113863855057396
2026-07-27,2026-07-28,0.0,0.6028396321819525,,logistic,market_only,logistic_market_only,2026_robustness,1,-0.0286712298161359
2026-07-28,2026-07-29,1.0,0.5554297879772834,,logistic,market_only,logistic_market_only,2026_robustness,1,0.0067046570698634
2026-07-29,2026-07-30,0.0,0.6034826362328622,,logistic,market_only,logistic_market_only,2026_robustness,1,-0.0110471310291346
2026-07-30,2026-07-31,1.0,0.5804153676367142,,logistic,market_only,logistic_market_only,2026_robustness,1,0.0084220976883456
2026-07-31,2026-08-03,0.0,0.6081874841451522,,logistic,market_only,logistic_market_only,2026_robustness,1,-0.0098605829081842
2026-08-03,2026-08-04,1.0,0.5894979506157784,,logistic,market_only,logistic_market_only,2026_robustness,1,0.0126312495857882
2026-08-04,2026-08-05,1.0,0.6182597521299502,,logistic,market_only,logistic_market_only,2026_robustness,1,0.0123599166320398
2026-08-05,2026-08-06,0.0,0.6139921869283843,,logistic,market_only,logistic_market_only,2026_robustness,1,-0.0014694732521176
2026-08-06,2026-08-07,1.0,0.5814203057296241,,logistic,market_only,logistic_market_only,2026_robustness,1,0.0092299293673293
2026-08-07,2026-08-10,1.0,0.5825065651196701,,logistic,market_only,logistic_market_only,2026_robustness,1,0.0016133738970235
2026-08-10,2026-08-11,0.0,0.5595501463770984,,logistic,market_only,logistic_market_only,2026_robustness,1,-0.0081637813124621
2026-08-11,2026-08-12,1.0,0.5335239307317267,,logistic,market_only,logistic_market_only,2026_robustness,1,0.005800302962323
2026-08-12,2026-08-13,0.0,0.5463250088253655,,logistic,market_only,logistic_market_only,2026_robustness,1,-0.0057659966887743
2026-08-13,2026-08-14,1.0,0.5255308628841139,,logistic,market_only,logistic_market_only,2026_robustness,1,0.000413726729754
2026-08-14,2026-08-17,1.0,0.5168894718095288,,logistic,market_only,logistic_market_only,2026_robustness,1,0.0159927209852169
2026-08-17,2026-08-18,0.0,0.5388607207895226,,logistic,market_only,logistic_market_only,2026_robustness,1,-0.003230201469098
2026-08-18,2026-08-19,0.0,0.498642411236582,,logistic,market_only,logistic_market_only,2026_robustness,0,-0.0294422152689592
2026-08-19,2026-08-20,1.0,0.47856981139839583,,logistic,market_only,logistic_market_only,2026_robustness,0,0.0008822136509324
2026-08-20,2026-08-21,1.0,0.5206487829425277,,logistic,market_only,logistic_market_only,2026_robustness,1,0.0056776082994715
2026-08-21,2026-08-24,0.0,0.5263886897974724,,logistic,market_only,logistic_market_only,2026_robustness,1,-0.0121477899384586
2026-08-24,2026-08-25,0.0,0.5103697003205405,,logistic,market_only,logistic_market_only,2026_robustness,1,-0.0024355042559438
2026-08-25,2026-08-26,1.0,0.5215668007248642,,logistic,market_only,logistic_market_only,2026_robustness,1,0.0084788352404425
2026-08-26,2026-08-27,1.0,0.5412202790734207,,logistic,market_only,logistic_market_only,2026_robustness,1,0.0085652188791596
2026-08-27,2026-08-28,0.0,0.5393787254267907,,logistic,market_only,logistic_market_only,2026_robustness,1,-0.0045673744310638
2026-08-28,2026-08-31,1.0,0.5221619206833107,,logistic,market_only,logistic_market_only,2026_robustness,1,0.0034458632339981
2026-08-31,2026-09-01,0.0,0.5293424659489581,,logistic,market_only,logistic_market_only,2026_robustness,1,-0.0029556575764056
2026-09-01,2026-09-02,0.0,0.5151260578852713,,logistic,market_only,logistic_market_only,2026_robustness,1,-0.013861391883255
2026-09-02,2026-09-03,1.0,0.5002460067871788,,logistic,market_only,logistic_market_only,2026_robustness,1,0.0010153244525907
2026-09-03,2026-09-04,0.0,0.5217998443235857,,logistic,market_only,logistic_market_only,2026_robustness,1,-0.0009955355561399
2026-09-04,2026-09-07,1.0,0.5198594769220577,,logistic,market_only,logistic_market_only,2026_robustness,1,0.0059125006313233
2026-09-07,2026-09-08,0.0,0.5310229806391831,,logistic,market_only,logistic_market_only,2026_robustness,1,-0.0035648007480493
2026-09-08,2026-09-09,1.0,0.5198894430643874,,logistic,market_only,logistic_market_only,2026_robustness,1,0.0030357013634103
2026-09-09,2026-09-10,0.0,0.5263854600688622,,logistic,market_only,logistic_market_only,2026_robustness,1,-0.005308646727299
2026-09-10,2026-09-11,0.0,0.5129888908650051,,logistic,market_only,logistic_market_only,2026_robustness,1,-0.0084406945869841
2026-09-11,2026-09-14,0.0,0.5090552612865754,,logistic,market_only,logistic_market_only,2026_robustness,1,-0.0066917261933925
2026-09-14,2026-09-15,0.0,0.4380290133832286,,logistic,market_only,logistic_market_only,2026_robustness,0,-0.0067278185085189
2026-09-15,2026-09-16,1.0,0.44087782860203906,,logistic,market_only,logistic_market_only,2026_robustness,0,0.0067702275662072
2026-09-16,2026-09-17,0.0,0.4456604382952932,,logistic,market_only,logistic_market_only,2026_robustness,0,-0.0044986726400401
2026-09-17,2026-09-18,1.0,0.4360768988256152,,logistic,market_only,logistic_market_only,2026_robustness,0,0.0105336321981042
2026-09-18,2026-09-21,1.0,0.4583006513466749,,logistic,market_only,logistic_market_only,2026_robustness,0,0.0071140218851807
2026-09-21,2026-09-22,1.0,0.4487110810803581,,logistic,market_only,logistic_market_only,2026_robustness,0,0.0011052206282144
2026-09-22,2026-09-23,0.0,0.4351045127856567,,logistic,market_only,logistic_market_only,2026_robustness,0,-0.0060274717430114
2026-09-23,2026-09-24,0.0,0.41955187489239676,,logistic,market_only,logistic_market_only,2026_robustness,0,-0.0174493788070566
2026-09-24,2026-09-28,0.0,0.4068258325439834,,logistic,market_only,logistic_market_only,2026_robustness,0,-0.0224112160005849
2026-09-28,2026-09-29,1.0,0.41293351111125354,,logistic,market_only,logistic_market_only,2026_robustness,0,0.0010246409760415
2026-09-29,2026-09-30,1.0,0.44981538003842886,,logistic,market_only,logistic_market_only,2026_robustness,0,0.0028519477943388
2024-12-31,2025-01-02,0.0,0.43159312162706825,,logistic,market_plus_sentiment,logistic_market_plus_sentiment,2025_holdout,0,-0.0295328807648115
2025-01-02,2025-01-03,0.0,0.5276403300245616,,logistic,market_plus_sentiment,logistic_market_plus_sentiment,2025_holdout,1,-0.011912363269678
2025-01-03,2025-01-06,0.0,0.5758107772625859,,logistic,market_plus_sentiment,logistic_market_plus_sentiment,2025_holdout,1,-0.0016410113264477
2025-01-06,2025-01-07,1.0,0.6052561347903883,,logistic,market_plus_sentiment,logistic_market_plus_sentiment,2025_holdout,1,0.0071751036169549
2025-01-07,2025-01-08,0.0,0.5954251469655599,,logistic,market_plus_sentiment,logistic_market_plus_sentiment,2025_holdout,1,-0.0018166650349836
2025-01-08,2025-01-09,0.0,0.5844686218214188,,logistic,market_plus_sentiment,logistic_market_plus_sentiment,2025_holdout,1,-0.0024679300684566
2025-01-09,2025-01-10,0.0,0.5714808023238283,,logistic,market_plus_sentiment,logistic_market_plus_sentiment,2025_holdout,1,-0.0126193710178968
2025-01-10,2025-01-13,0.0,0.5677368825271427,,logistic,market_plus_sentiment,logistic_market_plus_sentiment,2025_holdout,1,-0.0026747201388297
2025-01-13,2025-01-14,1.0,0.5018821973526782,,logistic,market_plus_sentiment,logistic_market_plus_sentiment,2025_holdout,1,0.0259936019453595
2025-01-14,2025-01-15,0.0,0.6018536324272669,,logistic,market_plus_sentiment,logistic_market_plus_sentiment,2025_holdout,1,-0.0064359901121666
2025-01-15,2025-01-16,1.0,0.5830016153852562,,logistic,market_plus_sentiment,logistic_market_plus_sentiment,2025_holdout,1,0.0011452779603726
2025-01-16,2025-01-17,1.0,0.5708018398384618,,logistic,market_plus_sentiment,logistic_market_plus_sentiment,2025_holdout,1,0.0031421121070936
2025-01-17,2025-01-20,1.0,0.5873255156108799,,logistic,market_plus_sentiment,logistic_market_plus_sentiment,2025_holdout,1,0.0045380749483773
2025-01-20,2025-01-21,1.0,0.5811178150877767,,logistic,market_plus_sentiment,logistic_market_plus_sentiment,2025_holdout,1,0.0007647844555119
2025-01-21,2025-01-22,0.0,0.5375482950109208,,logistic,market_plus_sentiment,logistic_market_plus_sentiment,2025_holdout,1,-0.009329484691561
2025-01-22,2025-01-23,1.0,0.5326566886922992,,logistic,market_plus_sentiment,logistic_market_plus_sentiment,2025_holdout,1,0.0017682446889377
2025-01-23,2025-01-24,1.0,0.5407649478174893,,logistic,market_plus_sentiment,logistic_market_plus_sentiment,2025_holdout,1,0.0076264675751237
2025-01-24,2025-01-27,0.0,0.534917858119028,,logistic,market_plus_sentiment,logistic_market_plus_sentiment,2025_holdout,1,-0.0041255284044773
2025-01-27,2025-02-05,0.0,0.5455912607805945,,logistic,market_plus_sentiment,logistic_market_plus_sentiment,2025_holdout,1,-0.0057802414173679
2025-02-05,2025-02-06,1.0,0.6893890088034508,,logistic,market_plus_sentiment,logistic_market_plus_sentiment,2025_holdout,1,0.0125035833361977
2025-02-06,2025-02-07,1.0,0.5349457634525799,,logistic,market_plus_sentiment,logistic_market_plus_sentiment,2025_holdout,1,0.012893929936185
2025-02-07,2025-02-10,1.0,0.409391029157938,,logistic,market_plus_sentiment,logistic_market_plus_sentiment,2025_holdout,0,0.0021453068111663
2025-02-10,2025-02-11,0.0,0.38637648310747535,,logistic,market_plus_sentiment,logistic_market_plus_sentiment,2025_holdout,0,-0.0046042063813207
2025-02-11,2025-02-12,1.0,0.3557451895145594,,logistic,market_plus_sentiment,logistic_market_plus_sentiment,2025_holdout,0,0.0094118341823465
2025-02-12,2025-02-13,0.0,0.38366838129946607,,logistic,market_plus_sentiment,logistic_market_plus_sentiment,2025_holdout,0,-0.0037623047574148
2025-02-13,2025-02-14,1.0,0.3583095792301478,,logistic,market_plus_sentiment,logistic_market_plus_sentiment,2025_holdout,0,0.0086357885794846
2025-02-14,2025-02-17,1.0,0.38560632024194574,,logistic,market_plus_sentiment,logistic_market_plus_sentiment,2025_holdout,0,0.0021277116369139
2025-02-17,2025-02-18,0.0,0.3801199934602591,,logistic,market_plus_sentiment,logistic_market_plus_sentiment,2025_holdout,0,-0.0088090155370787
2025-02-18,2025-02-19,1.0,0.3655266653287743,,logistic,market_plus_sentiment,logistic_market_plus_sentiment,2025_holdout,0,0.006973212821578
2025-02-19,2025-02-20,0.0,0.3881015308570467,,logistic,market_plus_sentiment,logistic_market_plus_sentiment,2025_holdout,0,-0.0028618431388465
2025-02-20,2025-02-21,1.0,0.3700605953120825,,logistic,market_plus_sentiment,logistic_market_plus_sentiment,2025_holdout,0,0.0125302941775078
2025-02-21,2025-02-24,0.0,0.3962738523007366,,logistic,market_plus_sentiment,logistic_market_plus_sentiment,2025_holdout,0,-0.0021942194164708
2025-02-24,2025-02-25,0.0,0.38556463063860025,,logistic,market_plus_sentiment,logistic_market_plus_sentiment,2025_holdout,0,-0.011163620625657
2025-02-25,2025-02-26,1.0,0.3941650731141526,,logistic,market_plus_sentiment,logistic_market_plus_sentiment,2025_holdout,0,0.0086969310175492
2025-02-26,2025-02-27,1.0,0.4018438769062441,,logistic,market_plus_sentiment,logistic_market_plus_sentiment,2025_holdout,0,0.0020635572643798
2025-02-27,2025-02-28,0.0,0.39123920963885106,,logistic,market_plus_sentiment,logistic_market_plus_sentiment,2025_holdout,0,-0.0198704198826452
2025-02-28,2025-03-03,0.0,0.39416539196543854,,logistic,market_plus_sentiment,logistic_market_plus_sentiment,2025_holdout,0,-0.0004062469523071
2025-03-03,2025-03-04,0.0,0.41244282027109497,,logistic,market_plus_sentiment,logistic_market_plus_sentiment,2025_holdout,0,-0.0008361537929487
2025-03-04,2025-03-05,1.0,0.44104740100833806,,logistic,market_plus_sentiment,logistic_market_plus_sentiment,2025_holdout,0,0.0044557001933801
2025-03-05,2025-03-06,1.0,0.4556647838997366,,logistic,market_plus_sentiment,logistic_market_plus_sentiment,2025_holdout,0,0.0136587687947141
2025-03-06,2025-03-07,0.0,0.43729673546200815,,logistic,market_plus_sentiment,logistic_market_plus_sentiment,2025_holdout,0,-0.0030961070268931
2025-03-07,2025-03-10,0.0,0.4437076573217457,,logistic,market_plus_sentiment,logistic_market_plus_sentiment,2025_holdout,0,-0.0038639364912342
2025-03-10,2025-03-11,1.0,0.4729946927721844,,logistic,market_plus_sentiment,logistic_market_plus_sentiment,2025_holdout,0,0.0032070287276403
2025-03-11,2025-03-12,0.0,0.45689097281640306,,logistic,market_plus_sentiment,logistic_market_plus_sentiment,2025_holdout,0,-0.0036067217076572
2025-03-12,2025-03-13,0.0,0.4176941854216265,,logistic,market_plus_sentiment,logistic_market_plus_sentiment,2025_holdout,0,-0.0039929583172082
2025-03-13,2025-03-14,1.0,0.3975242573169429,,logistic,market_plus_sentiment,logistic_market_plus_sentiment,2025_holdout,0,0.0239916333427265
2025-03-14,2025-03-17,0.0,0.5255296100249353,,logistic,market_plus_sentiment,logistic_market_plus_sentiment,2025_holdout,1,-0.0024414788440089
2025-03-17,2025-03-18,1.0,0.5002951479214761,,logistic,market_plus_sentiment,logistic_market_plus_sentiment,2025_holdout,1,0.0027309621183892
2025-03-18,2025-03-19,1.0,0.49489927876721873,,logistic,market_plus_sentiment,logistic_market_plus_sentiment,2025_holdout,0,0.00061113337206
2025-03-19,2025-03-20,0.0,0.43373003208072397,,logistic,market_plus_sentiment,logistic_market_plus_sentiment,2025_holdout,0,-0.0088114020549793
2025-03-20,2025-03-21,0.0,0.49707709930323196,,logistic,market_plus_sentiment,logistic_market_plus_sentiment,2025_holdout,0,-0.0152835342256865
2025-03-21,2025-03-24,1.0,0.4967216811680358,,logistic,market_plus_sentiment,logistic_market_plus_sentiment,2025_holdout,0,0.0051340635477135
2025-03-24,2025-03-25,0.0,0.527251476046137,,logistic,market_plus_sentiment,logistic_market_plus_sentiment,2025_holdout,1,-0.0006482652775916
2025-03-25,2025-03-26,0.0,0.5107295769751982,,logistic,market_plus_sentiment,logistic_market_plus_sentiment,2025_holdout,1,-0.0032961212572778
2025-03-26,2025-03-27,1.0,0.44136485381924495,,logistic,market_plus_sentiment,logistic_market_plus_sentiment,2025_holdout,0,0.0033240943166804
2025-03-27,2025-03-28,0.0,0.4619158534904434,,logistic,market_plus_sentiment,logistic_market_plus_sentiment,2025_holdout,0,-0.0043937182505934
2025-03-28,2025-03-31,0.0,0.42906876957830076,,logistic,market_plus_sentiment,logistic_market_plus_sentiment,2025_holdout,0,-0.007141349520225
2025-03-31,2025-04-01,1.0,0.42908992476147334,,logistic,market_plus_sentiment,logistic_market_plus_sentiment,2025_holdout,0,9.517697136045976e-05
2025-04-01,2025-04-02,0.0,0.435985520827353,,logistic,market_plus_sentiment,logistic_market_plus_sentiment,2025_holdout,0,-0.0008466213496568
2025-04-02,2025-04-03,0.0,0.4539707968614681,,logistic,market_plus_sentiment,logistic_market_plus_sentiment,2025_holdout,0,-0.0059102483074018
2025-04-03,2025-04-07,0.0,0.46014793508342966,,logistic,market_plus_sentiment,logistic_market_plus_sentiment,2025_holdout,0,-0.0730595075524599
2025-04-07,2025-04-08,1.0,0.6563832649906503,,logistic,market_plus_sentiment,logistic_market_plus_sentiment,2025_holdout,1,0.0169391636231564
2025-04-08,2025-04-09,1.0,0.6945790222858428,,logistic,market_plus_sentiment,logistic_market_plus_sentiment,2025_holdout,1,0.0098207956565165
2025-04-09,2025-04-10,1.0,0.6616714659509337,,logistic,market_plus_sentiment,logistic_market_plus_sentiment,2025_holdout,1,0.0130237858283326
2025-04-10,2025-04-11,1.0,0.6627071844026865,,logistic,market_plus_sentiment,logistic_market_plus_sentiment,2025_holdout,1,0.0041145504529254
2025-04-11,2025-04-14,1.0,0.6338436658805332,,logistic,market_plus_sentiment,logistic_market_plus_sentiment,2025_holdout,1,0.0022957108007082
2025-04-14,2025-04-15,1.0,0.5792597733701699,,logistic,market_plus_sentiment,logistic_market_plus_sentiment,2025_holdout,1,0.0005558237304301
2025-04-15,2025-04-16,1.0,0.546105415245826,,logistic,market_plus_sentiment,logistic_market_plus_sentiment,2025_holdout,1,0.0030767008827025
2025-04-16,2025-04-17,0.0,0.561319475826893,,logistic,market_plus_sentiment,logistic_market_plus_sentiment,2025_holdout,1,-0.0001590448828012
2025-04-17,2025-04-18,1.0,0.5273653362413966,,logistic,market_plus_sentiment,logistic_market_plus_sentiment,2025_holdout,1,7.952560330999825e-05
2025-04-18,2025-04-21,1.0,0.5302739149519042,,logistic,market_plus_sentiment,logistic_market_plus_sentiment,2025_holdout,1,0.0032709691217122
2025-04-21,2025-04-22,0.0,0.5336556650911732,,logistic,market_plus_sentiment,logistic_market_plus_sentiment,2025_holdout,1,-0.0002457447200374
2025-04-22,2025-04-23,1.0,0.5226499926900426,,logistic,market_plus_sentiment,logistic_market_plus_sentiment,2025_holdout,1,0.0007740234944606
2025-04-23,2025-04-24,0.0,0.510760497409737,,logistic,market_plus_sentiment,logistic_market_plus_sentiment,2025_holdout,1,-0.0006656769810641
2025-04-24,2025-04-25,1.0,0.49665209462040044,,logistic,market_plus_sentiment,logistic_market_plus_sentiment,2025_holdout,0,0.0006947242184759
2025-04-25,2025-04-28,0.0,0.4973961058175169,,logistic,market_plus_sentiment,logistic_market_plus_sentiment,2025_holdout,0,-0.0014190190539855
2025-04-28,2025-04-29,0.0,0.4775496663145194,,logistic,market_plus_sentiment,logistic_market_plus_sentiment,2025_holdout,0,-0.0017309147201439
2025-04-29,2025-04-30,0.0,0.48902883527719065,,logistic,market_plus_sentiment,logistic_market_plus_sentiment,2025_holdout,0,-0.0011953908641536
2025-04-30,2025-05-06,1.0,0.5024188342976919,,logistic,market_plus_sentiment,logistic_market_plus_sentiment,2025_holdout,1,0.0100197299329189
2025-05-06,2025-05-07,1.0,0.47846156092356135,,logistic,market_plus_sentiment,logistic_market_plus_sentiment,2025_holdout,0,0.0060443865250728
2025-05-07,2025-05-08,1.0,0.48529477035168345,,logistic,market_plus_sentiment,logistic_market_plus_sentiment,2025_holdout,0,0.0055358113817248
2025-05-08,2025-05-09,0.0,0.3367510156850147,,logistic,market_plus_sentiment,logistic_market_plus_sentiment,2025_holdout,0,-0.0017508635396534
2025-05-09,2025-05-12,1.0,0.3405742420668059,,logistic,market_plus_sentiment,logistic_market_plus_sentiment,2025_holdout,0,0.0114907097105876
2025-05-12,2025-05-13,1.0,0.321768256712248,,logistic,market_plus_sentiment,logistic_market_plus_sentiment,2025_holdout,0,0.0014511609906195
2025-05-13,2025-05-14,1.0,0.3056888660242,,logistic,market_plus_sentiment,logistic_market_plus_sentiment,2025_holdout,0,0.0119779937506401
2025-05-14,2025-05-15,0.0,0.3525620035273438,,logistic,market_plus_sentiment,logistic_market_plus_sentiment,2025_holdout,0,-0.0091741074829282
2025-05-15,2025-05-16,0.0,0.3447575291711605,,logistic,market_plus_sentiment,logistic_market_plus_sentiment,2025_holdout,0,-0.0046458078324773
2025-05-16,2025-05-19,0.0,0.3528324691264629,,logistic,market_plus_sentiment,logistic_market_plus_sentiment,2025_holdout,0,-0.0030748494528689
2025-05-19,2025-05-20,1.0,0.3415240248367276,,logistic,market_plus_sentiment,logistic_market_plus_sentiment,2025_holdout,0,0.0054068645942602
2025-05-20,2025-05-21,1.0,0.37627823971451063,,logistic,market_plus_sentiment,logistic_market_plus_sentiment,2025_holdout,0,0.0046605455109063
2025-05-21,2025-05-22,0.0,0.3596170078963009,,logistic,market_plus_sentiment,logistic_market_plus_sentiment,2025_holdout,0,-0.0006411034350041
2025-05-22,2025-05-23,0.0,0.3435486537237591,,logistic,market_plus_sentiment,logistic_market_plus_sentiment,2025_holdout,0,-0.0081066202134246
2025-05-23,2025-05-26,0.0,0.3228147751782594,,logistic,market_plus_sentiment,logistic_market_plus_sentiment,2025_holdout,0,-0.0057243536256176
2025-05-26,2025-05-27,0.0,0.33940420932565024,,logistic,market_plus_sentiment,logistic_market_plus_sentiment,2025_holdout,0,-0.0053795760886899
2025-05-27,2025-05-28,0.0,0.3815530069185707,,logistic,market_plus_sentiment,logistic_market_plus_sentiment,2025_holdout,0,-0.0008233841552053
2025-05-28,2025-05-29,1.0,0.40935340264392883,,logistic,market_plus_sentiment,logistic_market_plus_sentiment,2025_holdout,0,0.0058376189501768
2025-05-29,2025-05-30,0.0,0.42585357120401274,,logistic,market_plus_sentiment,logistic_market_plus_sentiment,2025_holdout,0,-0.0047980785470189
2025-05-30,2025-06-03,1.0,0.42405235842620564,,logistic,market_plus_sentiment,logistic_market_plus_sentiment,2025_holdout,0,0.0030628293472223
2025-06-03,2025-06-04,1.0,0.4464771531976691,,logistic,market_plus_sentiment,logistic_market_plus_sentiment,2025_holdout,0,0.0043337826467046
2025-06-04,2025-06-05,1.0,0.3974762776990037,,logistic,market_plus_sentiment,logistic_market_plus_sentiment,2025_holdout,0,0.0022772172034397
2025-06-05,2025-06-06,0.0,0.39450520576947506,,logistic,market_plus_sentiment,logistic_market_plus_sentiment,2025_holdout,0,-0.0009236874877862
2025-06-06,2025-06-09,1.0,0.36982044404566095,,logistic,market_plus_sentiment,logistic_market_plus_sentiment,2025_holdout,0,0.0029049294647187
2025-06-09,2025-06-10,0.0,0.3774243564275324,,logistic,market_plus_sentiment,logistic_market_plus_sentiment,2025_holdout,0,-0.0051040530276676
2025-06-10,2025-06-11,1.0,0.3812812819190143,,logistic,market_plus_sentiment,logistic_market_plus_sentiment,2025_holdout,0,0.0075154024431042
2025-06-11,2025-06-12,0.0,0.3826901825086743,,logistic,market_plus_sentiment,logistic_market_plus_sentiment,2025_holdout,0,-0.0006241307640932
2025-06-12,2025-06-13,0.0,0.37295773308080227,,logistic,market_plus_sentiment,logistic_market_plus_sentiment,2025_holdout,0,-0.0072250513487183
2025-06-13,2025-06-16,1.0,0.377036435055211,,logistic,market_plus_sentiment,logistic_market_plus_sentiment,2025_holdout,0,0.0024864383097925
2025-06-16,2025-06-17,0.0,0.39612514002799065,,logistic,market_plus_sentiment,logistic_market_plus_sentiment,2025_holdout,0,-0.0008832439902828
2025-06-17,2025-06-18,1.0,0.546508841753619,,logistic,market_plus_sentiment,logistic_market_plus_sentiment,2025_holdout,1,0.0011852274041385
2025-06-18,2025-06-19,0.0,0.2477086434989458,,logistic,market_plus_sentiment,logistic_market_plus_sentiment,2025_holdout,0,-0.0082611903276287
2025-06-19,2025-06-20,1.0,0.2929155309539071,,logistic,market_plus_sentiment,logistic_market_plus_sentiment,2025_holdout,0,0.0009233094665735
2025-07-18,2025-07-21,1.0,0.4329828693943203,,logistic,market_plus_sentiment,logistic_market_plus_sentiment,2025_holdout,0,0.0066452770034147
2025-07-21,2025-07-22,1.0,0.4678956395421002,,logistic,market_plus_sentiment,logistic_market_plus_sentiment,2025_holdout,0,0.0081296603426505
2025-07-22,2025-07-23,1.0,0.41614705170776073,,logistic,market_plus_sentiment,logistic_market_plus_sentiment,2025_holdout,0,0.0001966322485651
2025-07-23,2025-07-24,1.0,0.39232071767400273,,logistic,market_plus_sentiment,logistic_market_plus_sentiment,2025_holdout,0,0.0070796456211479
2025-07-24,2025-07-25,0.0,0.3825400425881556,,logistic,market_plus_sentiment,logistic_market_plus_sentiment,2025_holdout,0,-0.005287463080977
2025-07-25,2025-07-28,1.0,0.3624557961242365,,logistic,market_plus_sentiment,logistic_market_plus_sentiment,2025_holdout,0,0.0020960968490133
2025-07-28,2025-07-29,1.0,0.383535777645232,,logistic,market_plus_sentiment,logistic_market_plus_sentiment,2025_holdout,0,0.003909346858056
2025-07-29,2025-07-30,0.0,0.38770885352974443,,logistic,market_plus_sentiment,logistic_market_plus_sentiment,2025_holdout,0,-0.0001878780147304
2025-07-30,2025-07-31,0.0,0.38700022231099723,,logistic,market_plus_sentiment,logistic_market_plus_sentiment,2025_holdout,0,-0.0183915633044165
2025-07-31,2025-08-01,0.0,0.3893802373875439,,logistic,market_plus_sentiment,logistic_market_plus_sentiment,2025_holdout,0,-0.0050820967088656
2025-08-01,2025-08-04,1.0,0.4118447090732732,,logistic,market_plus_sentiment,logistic_market_plus_sentiment,2025_holdout,0,0.0038815500582222
2025-08-04,2025-08-05,1.0,0.40016988906475237,,logistic,market_plus_sentiment,logistic_market_plus_sentiment,2025_holdout,0,0.0080131084551544
2025-08-05,2025-08-06,1.0,0.3956747519954235,,logistic,market_plus_sentiment,logistic_market_plus_sentiment,2025_holdout,0,0.0024437333110458
2025-08-06,2025-08-07,1.0,0.40202164446906286,,logistic,market_plus_sentiment,logistic_market_plus_sentiment,2025_holdout,0,0.0002868198985166
2025-08-07,2025-08-08,0.0,0.41641334374245265,,logistic,market_plus_sentiment,logistic_market_plus_sentiment,2025_holdout,0,-0.0023602017856895
2025-08-08,2025-08-11,1.0,0.3940878476212539,,logistic,market_plus_sentiment,logistic_market_plus_sentiment,2025_holdout,0,0.0042637664443205
2025-08-11,2025-08-12,1.0,0.42764710454707033,,logistic,market_plus_sentiment,logistic_market_plus_sentiment,2025_holdout,0,0.0051582797884577
2025-08-12,2025-08-13,1.0,0.4351912639187386,,logistic,market_plus_sentiment,logistic_market_plus_sentiment,2025_holdout,0,0.0078722488753719
2025-08-13,2025-08-14,0.0,0.43248041053840297,,logistic,market_plus_sentiment,logistic_market_plus_sentiment,2025_holdout,0,-0.0007832438911579
2025-08-14,2025-08-15,1.0,0.4188033774435111,,logistic,market_plus_sentiment,logistic_market_plus_sentiment,2025_holdout,0,0.006934406689865
2025-08-15,2025-08-18,1.0,0.4281956383248756,,logistic,market_plus_sentiment,logistic_market_plus_sentiment,2025_holdout,0,0.0087802159943145
2025-08-18,2025-08-19,0.0,0.4278795455694525,,logistic,market_plus_sentiment,logistic_market_plus_sentiment,2025_holdout,0,-0.00379072106502
2025-08-19,2025-08-20,1.0,0.3428272402950748,,logistic,market_plus_sentiment,logistic_market_plus_sentiment,2025_holdout,0,0.011308254802686
2025-08-20,2025-08-21,1.0,0.3930437009135942,,logistic,market_plus_sentiment,logistic_market_plus_sentiment,2025_holdout,0,0.0038951059063758
2025-08-21,2025-08-22,1.0,0.3752637811471174,,logistic,market_plus_sentiment,logistic_market_plus_sentiment,2025_holdout,0,0.02075525083855
2025-08-22,2025-08-25,1.0,0.4106065015799802,,logistic,market_plus_sentiment,logistic_market_plus_sentiment,2025_holdout,0,0.0206218976542001
2025-08-25,2025-08-26,0.0,0.4371152247017556,,logistic,market_plus_sentiment,logistic_market_plus_sentiment,2025_holdout,0,-0.0037279474141999
2025-08-26,2025-08-27,0.0,0.38505025578783825,,logistic,market_plus_sentiment,logistic_market_plus_sentiment,2025_holdout,0,-0.0150386600213421
2025-08-27,2025-08-28,1.0,0.4235357575968632,,logistic,market_plus_sentiment,logistic_market_plus_sentiment,2025_holdout,0,0.017548651391104
2025-08-28,2025-08-29,1.0,0.3908940400590813,,logistic,market_plus_sentiment,logistic_market_plus_sentiment,2025_holdout,0,0.0073611967413575
2025-08-29,2025-09-01,1.0,0.36776723405172185,,logistic,market_plus_sentiment,logistic_market_plus_sentiment,2025_holdout,0,0.0059753161833233
2025-09-01,2025-09-02,0.0,0.40367249410546535,,logistic,market_plus_sentiment,logistic_market_plus_sentiment,2025_holdout,0,-0.0073795341857631
2025-09-02,2025-09-03,0.0,0.3548233413491705,,logistic,market_plus_sentiment,logistic_market_plus_sentiment,2025_holdout,0,-0.0068422707357624
2025-09-03,2025-09-04,0.0,0.4395678224069219,,logistic,market_plus_sentiment,logistic_market_plus_sentiment,2025_holdout,0,-0.0214443506136347
2025-09-04,2025-09-05,1.0,0.45092282197174,,logistic,market_plus_sentiment,logistic_market_plus_sentiment,2025_holdout,0,0.0215542142371146
2025-09-05,2025-09-08,1.0,0.5381806354486955,,logistic,market_plus_sentiment,logistic_market_plus_sentiment,2025_holdout,1,0.0016241243101468
2025-09-08,2025-09-09,0.0,0.5382328503954603,,logistic,market_plus_sentiment,logistic_market_plus_sentiment,2025_holdout,1,-0.0070329575150866
2025-09-09,2025-09-10,1.0,0.5192716109524587,,logistic,market_plus_sentiment,logistic_market_plus_sentiment,2025_holdout,1,0.0020491764305014
2025-09-10,2025-09-11,1.0,0.5129601444488361,,logistic,market_plus_sentiment,logistic_market_plus_sentiment,2025_holdout,1,0.0228333166099722
2025-09-11,2025-09-12,0.0,0.536772108507144,,logistic,market_plus_sentiment,logistic_market_plus_sentiment,2025_holdout,1,-0.0057397983168245
2025-09-12,2025-09-15,1.0,0.5066276684477139,,logistic,market_plus_sentiment,logistic_market_plus_sentiment,2025_holdout,1,0.0024428342827081
2025-09-15,2025-09-16,0.0,0.5788313860877365,,logistic,market_plus_sentiment,logistic_market_plus_sentiment,2025_holdout,1,-0.0021465491215527
2025-09-16,2025-09-17,1.0,0.545070982450366,,logistic,market_plus_sentiment,logistic_market_plus_sentiment,2025_holdout,1,0.0061007246464561
2025-09-17,2025-09-18,0.0,0.5153958520760288,,logistic,market_plus_sentiment,logistic_market_plus_sentiment,2025_holdout,1,-0.0116940751118193
2025-09-18,2025-09-19,1.0,0.5199586406934864,,logistic,market_plus_sentiment,logistic_market_plus_sentiment,2025_holdout,1,0.0008466638950307
2025-09-19,2025-09-22,1.0,0.5175463302239418,,logistic,market_plus_sentiment,logistic_market_plus_sentiment,2025_holdout,1,0.0045852883752098
2025-09-22,2025-09-23,0.0,0.5506444014209373,,logistic,market_plus_sentiment,logistic_market_plus_sentiment,2025_holdout,1,-0.0006259407285905
2025-09-23,2025-09-24,1.0,0.5245462593634764,,logistic,market_plus_sentiment,logistic_market_plus_sentiment,2025_holdout,1,0.0101895586020818
2025-09-24,2025-09-25,1.0,0.536258003553907,,logistic,market_plus_sentiment,logistic_market_plus_sentiment,2025_holdout,1,0.0059872050424883
2025-09-25,2025-09-26,0.0,0.5219093220368048,,logistic,market_plus_sentiment,logistic_market_plus_sentiment,2025_holdout,1,-0.0095018618243211
2025-09-26,2025-09-29,1.0,0.5089570259684653,,logistic,market_plus_sentiment,logistic_market_plus_sentiment,2025_holdout,1,0.0152673056324377
2025-09-29,2025-09-30,1.0,0.5456128713816314,,logistic,market_plus_sentiment,logistic_market_plus_sentiment,2025_holdout,1,0.0044575345330339
2025-09-30,2025-10-09,1.0,0.5407138594777978,,logistic,market_plus_sentiment,logistic_market_plus_sentiment,2025_holdout,1,0.0147144364574539
2025-10-09,2025-10-10,0.0,0.6245900612487086,,logistic,market_plus_sentiment,logistic_market_plus_sentiment,2025_holdout,1,-0.0198691761356096
2025-10-10,2025-10-13,0.0,0.48520274559676624,,logistic,market_plus_sentiment,logistic_market_plus_sentiment,2025_holdout,0,-0.0049615716479266
2025-10-13,2025-10-14,0.0,0.5902293088319572,,logistic,market_plus_sentiment,logistic_market_plus_sentiment,2025_holdout,1,-0.0120268085952429
2025-10-14,2025-10-15,1.0,0.4823871978607191,,logistic,market_plus_sentiment,logistic_market_plus_sentiment,2025_holdout,0,0.0147028186136493
2025-10-15,2025-10-16,1.0,0.5476278996768904,,logistic,market_plus_sentiment,logistic_market_plus_sentiment,2025_holdout,1,0.0026298944880156
2025-10-16,2025-10-17,0.0,0.4912120260311439,,logistic,market_plus_sentiment,logistic_market_plus_sentiment,2025_holdout,0,-0.02281802557004
2025-10-17,2025-10-20,1.0,0.45073817144181066,,logistic,market_plus_sentiment,logistic_market_plus_sentiment,2025_holdout,0,0.0053002349997063
2025-10-20,2025-10-21,1.0,0.5049100779742419,,logistic,market_plus_sentiment,logistic_market_plus_sentiment,2025_holdout,1,0.0152308465011269
2025-10-21,2025-10-22,0.0,0.4924388988577771,,logistic,market_plus_sentiment,logistic_market_plus_sentiment,2025_holdout,0,-0.0033259309563051
2025-10-22,2025-10-23,1.0,0.4755760891674141,,logistic,market_plus_sentiment,logistic_market_plus_sentiment,2025_holdout,0,0.0029938352011483
2025-10-23,2025-10-24,1.0,0.5019173696770018,,logistic,market_plus_sentiment,logistic_market_plus_sentiment,2025_holdout,1,0.01172774480373
2025-10-24,2025-10-27,1.0,0.49865270831117725,,logistic,market_plus_sentiment,logistic_market_plus_sentiment,2025_holdout,0,0.0118038633095883
2025-10-27,2025-10-28,0.0,0.4848571347226848,,logistic,market_plus_sentiment,logistic_market_plus_sentiment,2025_holdout,0,-0.0051126866393398
2025-10-28,2025-10-29,1.0,0.4715440831178557,,logistic,market_plus_sentiment,logistic_market_plus_sentiment,2025_holdout,0,0.0118372408713961
2025-10-29,2025-10-30,0.0,0.4912868494925165,,logistic,market_plus_sentiment,logistic_market_plus_sentiment,2025_holdout,0,-0.0080209782147857
2025-10-30,2025-10-31,0.0,0.48653973447747606,,logistic,market_plus_sentiment,logistic_market_plus_sentiment,2025_holdout,0,-0.0148100471997965
2025-10-31,2025-11-03,1.0,0.506503490106134,,logistic,market_plus_sentiment,logistic_market_plus_sentiment,2025_holdout,1,0.0027393828453463
2025-11-03,2025-11-04,0.0,0.5100262734745327,,logistic,market_plus_sentiment,logistic_market_plus_sentiment,2025_holdout,1,-0.0074848549950598
2025-11-04,2025-11-05,1.0,0.4890234209709351,,logistic,market_plus_sentiment,logistic_market_plus_sentiment,2025_holdout,0,0.001851620047169
2025-11-05,2025-11-06,1.0,0.49933606842881423,,logistic,market_plus_sentiment,logistic_market_plus_sentiment,2025_holdout,0,0.0141923662431926
2025-11-06,2025-11-07,0.0,0.5299649595332467,,logistic,market_plus_sentiment,logistic_market_plus_sentiment,2025_holdout,1,-0.003117737014389
2025-11-07,2025-11-10,1.0,0.5137545749063201,,logistic,market_plus_sentiment,logistic_market_plus_sentiment,2025_holdout,1,0.0034692327388138
2025-11-10,2025-11-11,0.0,0.5328472123854013,,logistic,market_plus_sentiment,logistic_market_plus_sentiment,2025_holdout,1,-0.009174984819875
2025-11-11,2025-11-12,0.0,0.49477069681035296,,logistic,market_plus_sentiment,logistic_market_plus_sentiment,2025_holdout,0,-0.0013465147526876
2025-11-12,2025-11-13,1.0,0.4878198527656727,,logistic,market_plus_sentiment,logistic_market_plus_sentiment,2025_holdout,0,0.012015574630851
2025-11-13,2025-11-14,0.0,0.5034184012191091,,logistic,market_plus_sentiment,logistic_market_plus_sentiment,2025_holdout,1,-0.0158477777669541
2025-11-14,2025-11-17,0.0,0.49465721060644535,,logistic,market_plus_sentiment,logistic_market_plus_sentiment,2025_holdout,0,-0.0065227589470807
2025-11-17,2025-11-18,0.0,0.5244207125885152,,logistic,market_plus_sentiment,logistic_market_plus_sentiment,2025_holdout,1,-0.0065152353910493
2025-11-18,2025-11-19,1.0,0.4334202640396794,,logistic,market_plus_sentiment,logistic_market_plus_sentiment,2025_holdout,0,0.0043903404552326
2025-11-19,2025-11-20,0.0,0.43886672673738775,,logistic,market_plus_sentiment,logistic_market_plus_sentiment,2025_holdout,0,-0.0050998445547902
2025-11-20,2025-11-21,0.0,0.526830318879083,,logistic,market_plus_sentiment,logistic_market_plus_sentiment,2025_holdout,1,-0.0246925578252606
2025-11-21,2025-11-24,0.0,0.5025187556509246,,logistic,market_plus_sentiment,logistic_market_plus_sentiment,2025_holdout,1,-0.0012492053668726
2025-11-24,2025-11-25,1.0,0.5513563233482421,,logistic,market_plus_sentiment,logistic_market_plus_sentiment,2025_holdout,1,0.0094759867535566
2025-11-25,2025-11-26,1.0,0.5588783059296342,,logistic,market_plus_sentiment,logistic_market_plus_sentiment,2025_holdout,1,0.0060457354027621
2025-11-26,2025-11-27,0.0,0.5438562721565551,,logistic,market_plus_sentiment,logistic_market_plus_sentiment,2025_holdout,1,-0.0004937435268793
2025-11-27,2025-11-28,1.0,0.5682415630284098,,logistic,market_plus_sentiment,logistic_market_plus_sentiment,2025_holdout,1,0.0024905841855706
2025-11-28,2025-12-01,1.0,0.4797576829282039,,logistic,market_plus_sentiment,logistic_market_plus_sentiment,2025_holdout,0,0.0109479680570724
2025-12-01,2025-12-02,0.0,0.5732794783248703,,logistic,market_plus_sentiment,logistic_market_plus_sentiment,2025_holdout,1,-0.0048538999800864
2025-12-02,2025-12-03,0.0,0.527413604287941,,logistic,market_plus_sentiment,logistic_market_plus_sentiment,2025_holdout,1,-0.0051247280685855
2025-12-03,2025-12-04,1.0,0.520290721208035,,logistic,market_plus_sentiment,logistic_market_plus_sentiment,2025_holdout,1,0.0034194018084143
2025-12-04,2025-12-05,1.0,0.4525965590245106,,logistic,market_plus_sentiment,logistic_market_plus_sentiment,2025_holdout,0,0.0083166709974398
2025-12-05,2025-12-08,1.0,0.4413441240682681,,logistic,market_plus_sentiment,logistic_market_plus_sentiment,2025_holdout,0,0.0080836477288575
2025-12-08,2025-12-09,0.0,0.5508735032075959,,logistic,market_plus_sentiment,logistic_market_plus_sentiment,2025_holdout,1,-0.0051041491641017
2025-12-09,2025-12-10,0.0,0.44133992668007166,,logistic,market_plus_sentiment,logistic_market_plus_sentiment,2025_holdout,0,-0.0013906346602648
2025-12-10,2025-12-11,0.0,0.47613594463795833,,logistic,market_plus_sentiment,logistic_market_plus_sentiment,2025_holdout,0,-0.008672398325831
2025-12-11,2025-12-12,1.0,0.412244994251177,,logistic,market_plus_sentiment,logistic_market_plus_sentiment,2025_holdout,0,0.0063001610973626
2025-12-12,2025-12-15,0.0,0.4436808948261924,,logistic,market_plus_sentiment,logistic_market_plus_sentiment,2025_holdout,0,-0.0063265224410897
2025-12-15,2025-12-16,0.0,0.4611830087768348,,logistic,market_plus_sentiment,logistic_market_plus_sentiment,2025_holdout,0,-0.0120470736883567
2025-12-16,2025-12-17,1.0,0.44585867482516467,,logistic,market_plus_sentiment,logistic_market_plus_sentiment,2025_holdout,0,0.0181399928413459
2025-12-17,2025-12-18,0.0,0.5404637690226878,,logistic,market_plus_sentiment,logistic_market_plus_sentiment,2025_holdout,1,-0.0059325650556533
2025-12-18,2025-12-19,1.0,0.5118050979677378,,logistic,market_plus_sentiment,logistic_market_plus_sentiment,2025_holdout,1,0.0033746442769563
2025-12-19,2025-12-22,1.0,0.4421713903218868,,logistic,market_plus_sentiment,logistic_market_plus_sentiment,2025_holdout,0,0.0094643291260549
2025-12-22,2025-12-23,1.0,0.4619322548416811,,logistic,market_plus_sentiment,logistic_market_plus_sentiment,2025_holdout,0,0.0019734960127628
2025-12-23,2025-12-24,1.0,0.4166127813029161,,logistic,market_plus_sentiment,logistic_market_plus_sentiment,2025_holdout,0,0.0028806724340582
2025-12-24,2025-12-25,1.0,0.43880943594083116,,logistic,market_plus_sentiment,logistic_market_plus_sentiment,2025_holdout,0,0.0018282565513331
2025-12-25,2025-12-26,1.0,0.4055120144905819,,logistic,market_plus_sentiment,logistic_market_plus_sentiment,2025_holdout,0,0.0031613677405162
2025-12-26,2025-12-29,0.0,0.413943450987042,,logistic,market_plus_sentiment,logistic_market_plus_sentiment,2025_holdout,0,-0.0038444168377923
2025-12-29,2025-12-30,1.0,0.4121747106819656,,logistic,market_plus_sentiment,logistic_market_plus_sentiment,2025_holdout,0,0.0025638693792414
2025-12-30,2025-12-31,0.0,0.4256862363556566,,logistic,market_plus_sentiment,logistic_market_plus_sentiment,2025_holdout,0,-0.0045985414860679
2025-12-31,2026-01-05,1.0,0.3992032378527983,,logistic,market_plus_sentiment,logistic_market_plus_sentiment,2026_robustness,0,0.0187880819761763
2026-01-05,2026-01-06,1.0,0.5021790793790615,,logistic,market_plus_sentiment,logistic_market_plus_sentiment,2026_robustness,1,0.0153424601259199
2026-01-06,2026-01-07,0.0,0.42630969579248384,,logistic,market_plus_sentiment,logistic_market_plus_sentiment,2026_robustness,0,-0.0029308001445543
2026-01-07,2026-01-08,0.0,0.44417185361301464,,logistic,market_plus_sentiment,logistic_market_plus_sentiment,2026_robustness,0,-0.0082024188319986
2026-01-08,2026-01-09,1.0,0.4241369346972478,,logistic,market_plus_sentiment,logistic_market_plus_sentiment,2026_robustness,0,0.0044795195669895
2026-01-09,2026-01-12,1.0,0.4132194609721988,,logistic,market_plus_sentiment,logistic_market_plus_sentiment,2026_robustness,0,0.0064929580785505
2026-01-12,2026-01-13,0.0,0.417919490565218,,logistic,market_plus_sentiment,logistic_market_plus_sentiment,2026_robustness,0,-0.0060496784322183
2026-01-13,2026-01-14,0.0,0.36891225044122855,,logistic,market_plus_sentiment,logistic_market_plus_sentiment,2026_robustness,0,-0.0040198055594202
2026-01-14,2026-01-15,1.0,0.3951520445160927,,logistic,market_plus_sentiment,logistic_market_plus_sentiment,2026_robustness,0,0.002001399540542
2026-01-15,2026-01-16,0.0,0.42634613214994965,,logistic,market_plus_sentiment,logistic_market_plus_sentiment,2026_robustness,0,-0.0041251521595873
2026-01-16,2026-01-19,1.0,0.41590219843093773,,logistic,market_plus_sentiment,logistic_market_plus_sentiment,2026_robustness,0,0.0005472025726184
2026-01-19,2026-01-20,0.0,0.4649448310556337,,logistic,market_plus_sentiment,logistic_market_plus_sentiment,2026_robustness,0,-0.0032961924793225
2026-01-20,2026-01-21,1.0,0.4265337068989283,,logistic,market_plus_sentiment,logistic_market_plus_sentiment,2026_robustness,0,0.0008875285878533
2026-01-21,2026-01-22,1.0,0.41998143544714917,,logistic,market_plus_sentiment,logistic_market_plus_sentiment,2026_robustness,0,0.0001354959046318
2026-01-22,2026-01-23,0.0,0.41928503368695275,,logistic,market_plus_sentiment,logistic_market_plus_sentiment,2026_robustness,0,-0.0045002256040236
2026-01-23,2026-01-26,1.0,0.41890562403334447,,logistic,market_plus_sentiment,logistic_market_plus_sentiment,2026_robustness,0,0.0009479822081193
2026-01-26,2026-01-27,0.0,0.5117251769968912,,logistic,market_plus_sentiment,logistic_market_plus_sentiment,2026_robustness,1,-0.000269849618908
2026-01-27,2026-01-28,1.0,0.42319977561004396,,logistic,market_plus_sentiment,logistic_market_plus_sentiment,2026_robustness,0,0.0026104466587982
2026-01-28,2026-01-29,1.0,0.41020798469253156,,logistic,market_plus_sentiment,logistic_market_plus_sentiment,2026_robustness,0,0.0075761617296989
2026-01-29,2026-01-30,0.0,0.4362481431346146,,logistic,market_plus_sentiment,logistic_market_plus_sentiment,2026_robustness,0,-0.0100484872815661
2026-01-30,2026-02-02,0.0,0.41894666237766903,,logistic,market_plus_sentiment,logistic_market_plus_sentiment,2026_robustness,0,-0.0215550766625216
2026-02-02,2026-02-03,1.0,0.44787063421180634,,logistic,market_plus_sentiment,logistic_market_plus_sentiment,2026_robustness,0,0.0116835937825024
2026-02-03,2026-02-04,1.0,0.47154129684647406,,logistic,market_plus_sentiment,logistic_market_plus_sentiment,2026_robustness,0,0.0082425651969655
2026-02-04,2026-02-05,0.0,0.45859543505530054,,logistic,market_plus_sentiment,logistic_market_plus_sentiment,2026_robustness,0,-0.0060326148091381
2026-02-05,2026-02-06,0.0,0.4353868835862857,,logistic,market_plus_sentiment,logistic_market_plus_sentiment,2026_robustness,0,-0.0057590759152554
2026-02-06,2026-02-09,1.0,0.4441401934244752,,logistic,market_plus_sentiment,logistic_market_plus_sentiment,2026_robustness,0,0.0161196997398466
2026-02-09,2026-02-10,1.0,0.47983244830307925,,logistic,market_plus_sentiment,logistic_market_plus_sentiment,2026_robustness,0,0.0011097746009467
2026-02-10,2026-02-11,0.0,0.4530492995933035,,logistic,market_plus_sentiment,logistic_market_plus_sentiment,2026_robustness,0,-0.002220782170002
2026-02-11,2026-02-12,1.0,0.4501748322042494,,logistic,market_plus_sentiment,logistic_market_plus_sentiment,2026_robustness,0,0.0012211929348548
2026-02-12,2026-02-13,0.0,0.4547148782857489,,logistic,market_plus_sentiment,logistic_market_plus_sentiment,2026_robustness,0,-0.0126163854874798
2026-02-13,2026-02-24,1.0,0.42649087346758174,,logistic,market_plus_sentiment,logistic_market_plus_sentiment,2026_robustness,0,0.0100620514922893
2026-02-24,2026-02-25,1.0,0.5350434810957316,,logistic,market_plus_sentiment,logistic_market_plus_sentiment,2026_robustness,1,0.0060041923684178
2026-02-25,2026-02-26,0.0,0.45285451185150977,,logistic,market_plus_sentiment,logistic_market_plus_sentiment,2026_robustness,0,-0.0019064211143237
2026-02-26,2026-02-27,0.0,0.40783057621252616,,logistic,market_plus_sentiment,logistic_market_plus_sentiment,2026_robustness,0,-0.0034373470933929
2026-02-27,2026-03-02,1.0,0.4297012153395042,,logistic,market_plus_sentiment,logistic_market_plus_sentiment,2026_robustness,0,0.0038180762789801
2026-03-02,2026-03-03,0.0,0.44792995571886157,,logistic,market_plus_sentiment,logistic_market_plus_sentiment,2026_robustness,0,-0.0155087464966227
2026-03-03,2026-03-04,0.0,0.4824426942569989,,logistic,market_plus_sentiment,logistic_market_plus_sentiment,2026_robustness,0,-0.0115095259635223
2026-03-04,2026-03-05,1.0,0.5135549592758017,,logistic,market_plus_sentiment,logistic_market_plus_sentiment,2026_robustness,1,0.0097446154008003
2026-03-05,2026-03-06,1.0,0.5657275013741541,,logistic,market_plus_sentiment,logistic_market_plus_sentiment,2026_robustness,1,0.0027395423085322
2026-03-06,2026-03-09,0.0,0.5456088556948719,,logistic,market_plus_sentiment,logistic_market_plus_sentiment,2026_robustness,1,-0.0096983263205585
2026-03-09,2026-03-10,1.0,0.5267900513276176,,logistic,market_plus_sentiment,logistic_market_plus_sentiment,2026_robustness,1,0.0127662865639611
2026-03-10,2026-03-11,1.0,0.4569388624127073,,logistic,market_plus_sentiment,logistic_market_plus_sentiment,2026_robustness,0,0.0063416729402122
2026-03-11,2026-03-12,0.0,0.44076298323013385,,logistic,market_plus_sentiment,logistic_market_plus_sentiment,2026_robustness,0,-0.0036073062500733
2026-03-12,2026-03-13,0.0,0.4596745435907898,,logistic,market_plus_sentiment,logistic_market_plus_sentiment,2026_robustness,0,-0.003937290667855
2026-03-13,2026-03-16,1.0,0.4698857721336722,,logistic,market_plus_sentiment,logistic_market_plus_sentiment,2026_robustness,0,0.0005181624619451
2026-03-16,2026-03-17,0.0,0.45612329650727446,,logistic,market_plus_sentiment,logistic_market_plus_sentiment,2026_robustness,0,-0.0073305731642343
2026-03-17,2026-03-18,1.0,0.41411029431141877,,logistic,market_plus_sentiment,logistic_market_plus_sentiment,2026_robustness,0,0.0044945249648249
2026-03-18,2026-03-19,0.0,0.4336643436795538,,logistic,market_plus_sentiment,logistic_market_plus_sentiment,2026_robustness,0,-0.0162486613482933
2026-03-19,2026-03-20,0.0,0.4033153006478209,,logistic,market_plus_sentiment,logistic_market_plus_sentiment,2026_robustness,0,-0.0035474400253333
2026-03-20,2026-03-23,0.0,0.45067195397357857,,logistic,market_plus_sentiment,logistic_market_plus_sentiment,2026_robustness,0,-0.0331738084377388
2026-03-23,2026-03-24,1.0,0.5308699317037884,,logistic,market_plus_sentiment,logistic_market_plus_sentiment,2026_robustness,1,0.0127566749389173
2026-03-24,2026-03-25,1.0,0.5826596871160077,,logistic,market_plus_sentiment,logistic_market_plus_sentiment,2026_robustness,1,0.0139258080620218
2026-03-25,2026-03-26,0.0,0.5873574896514383,,logistic,market_plus_sentiment,logistic_market_plus_sentiment,2026_robustness,1,-0.0132980329010768
2026-03-26,2026-03-27,1.0,0.566260659113333,,logistic,market_plus_sentiment,logistic_market_plus_sentiment,2026_robustness,1,0.0055767897677126
2026-03-27,2026-03-30,0.0,0.5892470608250009,,logistic,market_plus_sentiment,logistic_market_plus_sentiment,2026_robustness,1,-0.0023614389506294
2026-03-30,2026-03-31,0.0,0.5928414651276863,,logistic,market_plus_sentiment,logistic_market_plus_sentiment,2026_robustness,1,-0.0093715738447888
2026-03-31,2026-04-01,1.0,0.5537800363709793,,logistic,market_plus_sentiment,logistic_market_plus_sentiment,2026_robustness,1,0.0169386812169789
2026-04-01,2026-04-02,0.0,0.5962336966761583,,logistic,market_plus_sentiment,logistic_market_plus_sentiment,2026_robustness,1,-0.0104743000347116
2026-04-02,2026-04-03,0.0,0.5753590517031425,,logistic,market_plus_sentiment,logistic_market_plus_sentiment,2026_robustness,1,-0.0085474247075845
2026-04-03,2026-04-07,0.0,0.5850001123257937,,logistic,market_plus_sentiment,logistic_market_plus_sentiment,2026_robustness,1,-3.828220969884096e-05
2026-04-07,2026-04-08,1.0,0.5927947794960834,,logistic,market_plus_sentiment,logistic_market_plus_sentiment,2026_robustness,1,0.0342966136464091
2026-04-08,2026-04-09,0.0,0.6210170361892173,,logistic,market_plus_sentiment,logistic_market_plus_sentiment,2026_robustness,1,-0.006404890818215
2026-04-09,2026-04-10,1.0,0.5546736722434021,,logistic,market_plus_sentiment,logistic_market_plus_sentiment,2026_robustness,1,0.0152891395760846
2026-04-10,2026-04-13,1.0,0.5755519687583321,,logistic,market_plus_sentiment,logistic_market_plus_sentiment,2026_robustness,1,0.0020640509249754
2026-04-13,2026-04-14,1.0,0.5646243398984808,,logistic,market_plus_sentiment,logistic_market_plus_sentiment,2026_robustness,1,0.0117958923993025
2026-04-14,2026-04-15,0.0,0.5627881087592302,,logistic,market_plus_sentiment,logistic_market_plus_sentiment,2026_robustness,1,-0.0034155360039708
2026-04-15,2026-04-16,1.0,0.5363779027145313,,logistic,market_plus_sentiment,logistic_market_plus_sentiment,2026_robustness,1,0.0109024139036332
2026-04-16,2026-04-17,0.0,0.5399281224914666,,logistic,market_plus_sentiment,logistic_market_plus_sentiment,2026_robustness,1,-0.0016777109314044
2026-04-17,2026-04-20,1.0,0.4944100355582855,,logistic,market_plus_sentiment,logistic_market_plus_sentiment,2026_robustness,0,0.006065729410968
2026-04-20,2026-04-21,1.0,0.5418178653478689,,logistic,market_plus_sentiment,logistic_market_plus_sentiment,2026_robustness,1,0.0022172213201997
2026-04-21,2026-04-22,1.0,0.48709426990443394,,logistic,market_plus_sentiment,logistic_market_plus_sentiment,2026_robustness,0,0.0066119018463905
2026-04-22,2026-04-23,0.0,0.49770356925148485,,logistic,market_plus_sentiment,logistic_market_plus_sentiment,2026_robustness,0,-0.0027748933928793
2026-04-23,2026-04-24,0.0,0.503286770640055,,logistic,market_plus_sentiment,logistic_market_plus_sentiment,2026_robustness,1,-0.0035497175107411
2026-04-24,2026-04-27,1.0,0.47759079761587325,,logistic,market_plus_sentiment,logistic_market_plus_sentiment,2026_robustness,0,0.0003312257900039
2026-04-27,2026-04-28,0.0,0.5273340777324662,,logistic,market_plus_sentiment,logistic_market_plus_sentiment,2026_robustness,1,-0.0026738993973524
2026-04-28,2026-04-29,1.0,0.48780555578042073,,logistic,market_plus_sentiment,logistic_market_plus_sentiment,2026_robustness,0,0.0108982994447154
2026-04-29,2026-04-30,0.0,0.5110509566672697,,logistic,market_plus_sentiment,logistic_market_plus_sentiment,2026_robustness,1,-0.0006321704242491
2026-04-30,2026-05-06,1.0,0.4830807890342288,,logistic,market_plus_sentiment,logistic_market_plus_sentiment,2026_robustness,0,0.0144110544063099
2026-05-06,2026-05-07,1.0,0.5602786915129645,,logistic,market_plus_sentiment,logistic_market_plus_sentiment,2026_robustness,1,0.0047905508078704
2026-05-07,2026-05-08,0.0,0.4854267521707032,,logistic,market_plus_sentiment,logistic_market_plus_sentiment,2026_robustness,0,-0.0058532240025509
2026-05-08,2026-05-11,1.0,0.4738082269708589,,logistic,market_plus_sentiment,logistic_market_plus_sentiment,2026_robustness,0,0.0162731673520383
2026-05-11,2026-05-12,0.0,0.4340710010872764,,logistic,market_plus_sentiment,logistic_market_plus_sentiment,2026_robustness,0,-0.0007656651104517
2026-05-12,2026-05-13,1.0,0.39083485606639895,,logistic,market_plus_sentiment,logistic_market_plus_sentiment,2026_robustness,0,0.010112297737747
2026-05-13,2026-05-14,0.0,0.4026022507540208,,logistic,market_plus_sentiment,logistic_market_plus_sentiment,2026_robustness,0,-0.0168954905424248
2026-05-14,2026-05-15,0.0,0.38724908843280825,,logistic,market_plus_sentiment,logistic_market_plus_sentiment,2026_robustness,0,-0.0112562945536751
2026-05-15,2026-05-18,0.0,0.40196565564602554,,logistic,market_plus_sentiment,logistic_market_plus_sentiment,2026_robustness,0,-0.0053790915114845
2026-05-18,2026-05-19,1.0,0.4529456760208037,,logistic,market_plus_sentiment,logistic_market_plus_sentiment,2026_robustness,0,0.0039973624420415
2026-05-19,2026-05-20,0.0,0.42721018943780137,,logistic,market_plus_sentiment,logistic_market_plus_sentiment,2026_robustness,0,-0.0004493187126146
2026-05-20,2026-05-21,0.0,0.4194476271647818,,logistic,market_plus_sentiment,logistic_market_plus_sentiment,2026_robustness,0,-0.0140341525718326
2026-05-21,2026-05-22,1.0,0.4295184646600588,,logistic,market_plus_sentiment,logistic_market_plus_sentiment,2026_robustness,0,0.0128790131047034
2026-05-22,2026-05-25,1.0,0.5445182946696857,,logistic,market_plus_sentiment,logistic_market_plus_sentiment,2026_robustness,1,0.0156657959245206
2026-05-25,2026-05-26,1.0,0.5763803144156137,,logistic,market_plus_sentiment,logistic_market_plus_sentiment,2026_robustness,1,0.0053194579026905
2026-05-26,2026-05-27,0.0,0.5224914190830143,,logistic,market_plus_sentiment,logistic_market_plus_sentiment,2026_robustness,1,-0.0080519752162036
2026-05-27,2026-05-28,1.0,0.5077829295137607,,logistic,market_plus_sentiment,logistic_market_plus_sentiment,2026_robustness,1,0.0012298446529864
2026-05-28,2026-05-29,0.0,0.5141777052695545,,logistic,market_plus_sentiment,logistic_market_plus_sentiment,2026_robustness,1,-0.0045052608598879
2026-05-29,2026-06-01,0.0,0.49570403303693755,,logistic,market_plus_sentiment,logistic_market_plus_sentiment,2026_robustness,0,-0.0098312484692546
2026-06-01,2026-06-02,1.0,0.5494017833277837,,logistic,market_plus_sentiment,logistic_market_plus_sentiment,2026_robustness,1,0.0144077288205232
2026-06-02,2026-06-03,1.0,0.5601649861514763,,logistic,market_plus_sentiment,logistic_market_plus_sentiment,2026_robustness,1,0.0049221837727627
2026-06-03,2026-06-04,0.0,0.5243666280111491,,logistic,market_plus_sentiment,logistic_market_plus_sentiment,2026_robustness,1,-0.0069202881739488
2026-06-04,2026-06-05,0.0,0.4967805553847567,,logistic,market_plus_sentiment,logistic_market_plus_sentiment,2026_robustness,0,-0.018069403655837
2026-06-05,2026-06-08,0.0,0.502563725982594,,logistic,market_plus_sentiment,logistic_market_plus_sentiment,2026_robustness,1,-0.0216742863299724
2026-06-08,2026-06-09,1.0,0.5150271176389406,,logistic,market_plus_sentiment,logistic_market_plus_sentiment,2026_robustness,1,0.0185324968361344
2026-06-09,2026-06-10,0.0,0.5711770476529873,,logistic,market_plus_sentiment,logistic_market_plus_sentiment,2026_robustness,1,-0.0111451982941779
2026-06-10,2026-06-11,0.0,0.5636579292909268,,logistic,market_plus_sentiment,logistic_market_plus_sentiment,2026_robustness,1,-0.0055284693655091
2026-06-11,2026-06-12,1.0,0.5680723884066001,,logistic,market_plus_sentiment,logistic_market_plus_sentiment,2026_robustness,1,0.0115604573039653
2026-06-12,2026-06-15,1.0,0.6166758027892912,,logistic,market_plus_sentiment,logistic_market_plus_sentiment,2026_robustness,1,0.0236622157964752
2026-06-15,2026-06-16,0.0,0.6314612890488783,,logistic,market_plus_sentiment,logistic_market_plus_sentiment,2026_robustness,1,-0.0015302879231482
2026-06-16,2026-06-17,1.0,0.5706042735118346,,logistic,market_plus_sentiment,logistic_market_plus_sentiment,2026_robustness,1,0.0096092478898709
2026-06-17,2026-06-18,1.0,0.5750568131476669,,logistic,market_plus_sentiment,logistic_market_plus_sentiment,2026_robustness,1,0.0020682698229499
2026-06-18,2026-06-22,1.0,0.5436394036432272,,logistic,market_plus_sentiment,logistic_market_plus_sentiment,2026_robustness,1,0.0236101219663361
2026-06-22,2026-06-23,0.0,0.6135122871236207,,logistic,market_plus_sentiment,logistic_market_plus_sentiment,2026_robustness,1,-0.0281147482881284
2026-06-23,2026-06-24,1.0,0.5041293246356722,,logistic,market_plus_sentiment,logistic_market_plus_sentiment,2026_robustness,1,0.004791941364711
2026-06-24,2026-06-25,1.0,0.5269097631621754,,logistic,market_plus_sentiment,logistic_market_plus_sentiment,2026_robustness,1,0.0154733733814848
2026-06-25,2026-06-26,0.0,0.5168427432327215,,logistic,market_plus_sentiment,logistic_market_plus_sentiment,2026_robustness,1,-0.0307214866220711
2026-06-26,2026-06-29,1.0,0.5083427784390638,,logistic,market_plus_sentiment,logistic_market_plus_sentiment,2026_robustness,1,0.0119856791670266
2026-06-29,2026-06-30,1.0,0.6089648385913997,,logistic,market_plus_sentiment,logistic_market_plus_sentiment,2026_robustness,1,0.0106013802855272
2026-06-30,2026-07-01,0.0,0.5813646634769329,,logistic,market_plus_sentiment,logistic_market_plus_sentiment,2026_robustness,1,-0.0041153522267587
2026-07-01,2026-07-02,0.0,0.5522421147565322,,logistic,market_plus_sentiment,logistic_market_plus_sentiment,2026_robustness,1,-0.0300249341189119
2026-07-02,2026-07-03,1.0,0.5081939787890835,,logistic,market_plus_sentiment,logistic_market_plus_sentiment,2026_robustness,1,0.0061878270496772
2026-07-03,2026-07-06,0.0,0.5652060941069996,,logistic,market_plus_sentiment,logistic_market_plus_sentiment,2026_robustness,1,-3.510884257870921e-05
2026-07-06,2026-07-07,0.0,0.5953166289552422,,logistic,market_plus_sentiment,logistic_market_plus_sentiment,2026_robustness,1,-0.0103257420794228
2026-07-07,2026-07-08,0.0,0.5962606579449654,,logistic,market_plus_sentiment,logistic_market_plus_sentiment,2026_robustness,1,-0.0076939650311269
2026-07-08,2026-07-09,1.0,0.5975516107067109,,logistic,market_plus_sentiment,logistic_market_plus_sentiment,2026_robustness,1,0.0250806348950103
2026-07-09,2026-07-10,0.0,0.6431730828764788,,logistic,market_plus_sentiment,logistic_market_plus_sentiment,2026_robustness,1,-0.0197829814863422
2026-07-10,2026-07-13,0.0,0.5768426888821402,,logistic,market_plus_sentiment,logistic_market_plus_sentiment,2026_robustness,1,-0.0180267582617953
2026-07-13,2026-07-14,1.0,0.6326667738848223,,logistic,market_plus_sentiment,logistic_market_plus_sentiment,2026_robustness,1,0.0213074387236755
2026-07-14,2026-07-15,0.0,0.6376824008920632,,logistic,market_plus_sentiment,logistic_market_plus_sentiment,2026_robustness,1,-0.0020285337239669
2026-07-15,2026-07-16,0.0,0.6429100456640117,,logistic,market_plus_sentiment,logistic_market_plus_sentiment,2026_robustness,1,-0.0186295411937182
2026-07-16,2026-07-17,0.0,0.635284914754384,,logistic,market_plus_sentiment,logistic_market_plus_sentiment,2026_robustness,1,-0.0367051660985169
2026-07-17,2026-07-20,1.0,0.5950247897726645,,logistic,market_plus_sentiment,logistic_market_plus_sentiment,2026_robustness,1,0.0151677751359679
2026-07-20,2026-07-21,1.0,0.6895604408014188,,logistic,market_plus_sentiment,logistic_market_plus_sentiment,2026_robustness,1,0.0301836558579852
2026-07-21,2026-07-22,0.0,0.6839515016150344,,logistic,market_plus_sentiment,logistic_market_plus_sentiment,2026_robustness,1,-0.0046507924493437
2026-07-22,2026-07-23,1.0,0.636274335200849,,logistic,market_plus_sentiment,logistic_market_plus_sentiment,2026_robustness,1,0.0022783972995245
2026-07-23,2026-07-24,0.0,0.6393537496649992,,logistic,market_plus_sentiment,logistic_market_plus_sentiment,2026_robustness,1,-0.0168092692263775
2026-07-24,2026-07-27,1.0,0.5865463602037545,,logistic,market_plus_sentiment,logistic_market_plus_sentiment,2026_robustness,1,0.0113863855057396
2026-07-27,2026-07-28,0.0,0.6526160629354886,,logistic,market_plus_sentiment,logistic_market_plus_sentiment,2026_robustness,1,-0.0286712298161359
2026-07-28,2026-07-29,1.0,0.6093793232123611,,logistic,market_plus_sentiment,logistic_market_plus_sentiment,2026_robustness,1,0.0067046570698634
2026-07-29,2026-07-30,0.0,0.6602366595020803,,logistic,market_plus_sentiment,logistic_market_plus_sentiment,2026_robustness,1,-0.0110471310291346
2026-07-30,2026-07-31,1.0,0.6294522501772216,,logistic,market_plus_sentiment,logistic_market_plus_sentiment,2026_robustness,1,0.0084220976883456
2026-07-31,2026-08-03,0.0,0.6399516704282617,,logistic,market_plus_sentiment,logistic_market_plus_sentiment,2026_robustness,1,-0.0098605829081842
2026-08-03,2026-08-04,1.0,0.6466854467360353,,logistic,market_plus_sentiment,logistic_market_plus_sentiment,2026_robustness,1,0.0126312495857882
2026-08-04,2026-08-05,1.0,0.6378538940110944,,logistic,market_plus_sentiment,logistic_market_plus_sentiment,2026_robustness,1,0.0123599166320398
2026-08-05,2026-08-06,0.0,0.6311534706515864,,logistic,market_plus_sentiment,logistic_market_plus_sentiment,2026_robustness,1,-0.0014694732521176
2026-08-06,2026-08-07,1.0,0.6038197367365495,,logistic,market_plus_sentiment,logistic_market_plus_sentiment,2026_robustness,1,0.0092299293673293
2026-08-07,2026-08-10,1.0,0.5693316288373582,,logistic,market_plus_sentiment,logistic_market_plus_sentiment,2026_robustness,1,0.0016133738970235
2026-08-10,2026-08-11,0.0,0.573785505083079,,logistic,market_plus_sentiment,logistic_market_plus_sentiment,2026_robustness,1,-0.0081637813124621
2026-08-11,2026-08-12,1.0,0.5299126804990183,,logistic,market_plus_sentiment,logistic_market_plus_sentiment,2026_robustness,1,0.005800302962323
2026-08-12,2026-08-13,0.0,0.5506352599998401,,logistic,market_plus_sentiment,logistic_market_plus_sentiment,2026_robustness,1,-0.0057659966887743
2026-08-13,2026-08-14,1.0,0.5385962075928686,,logistic,market_plus_sentiment,logistic_market_plus_sentiment,2026_robustness,1,0.000413726729754
2026-08-14,2026-08-17,1.0,0.5296782268051726,,logistic,market_plus_sentiment,logistic_market_plus_sentiment,2026_robustness,1,0.0159927209852169
2026-08-17,2026-08-18,0.0,0.5629109333207766,,logistic,market_plus_sentiment,logistic_market_plus_sentiment,2026_robustness,1,-0.003230201469098
2026-08-18,2026-08-19,0.0,0.5327810571060604,,logistic,market_plus_sentiment,logistic_market_plus_sentiment,2026_robustness,1,-0.0294422152689592
2026-08-19,2026-08-20,1.0,0.48985035914396957,,logistic,market_plus_sentiment,logistic_market_plus_sentiment,2026_robustness,0,0.0008822136509324
2026-08-20,2026-08-21,1.0,0.5437357840080842,,logistic,market_plus_sentiment,logistic_market_plus_sentiment,2026_robustness,1,0.0056776082994715
2026-08-21,2026-08-24,0.0,0.560596393787981,,logistic,market_plus_sentiment,logistic_market_plus_sentiment,2026_robustness,1,-0.0121477899384586
2026-08-24,2026-08-25,0.0,0.5548919463807706,,logistic,market_plus_sentiment,logistic_market_plus_sentiment,2026_robustness,1,-0.0024355042559438
2026-08-25,2026-08-26,1.0,0.5591571826237741,,logistic,market_plus_sentiment,logistic_market_plus_sentiment,2026_robustness,1,0.0084788352404425
2026-08-26,2026-08-27,1.0,0.5768267036942133,,logistic,market_plus_sentiment,logistic_market_plus_sentiment,2026_robustness,1,0.0085652188791596
2026-08-27,2026-08-28,0.0,0.538533124611051,,logistic,market_plus_sentiment,logistic_market_plus_sentiment,2026_robustness,1,-0.0045673744310638
2026-08-28,2026-08-31,1.0,0.5406342232162857,,logistic,market_plus_sentiment,logistic_market_plus_sentiment,2026_robustness,1,0.0034458632339981
2026-08-31,2026-09-01,0.0,0.5510218993585514,,logistic,market_plus_sentiment,logistic_market_plus_sentiment,2026_robustness,1,-0.0029556575764056
2026-09-01,2026-09-02,0.0,0.5167291512205291,,logistic,market_plus_sentiment,logistic_market_plus_sentiment,2026_robustness,1,-0.013861391883255
2026-09-02,2026-09-03,1.0,0.5158589325296967,,logistic,market_plus_sentiment,logistic_market_plus_sentiment,2026_robustness,1,0.0010153244525907
2026-09-03,2026-09-04,0.0,0.5286580929800155,,logistic,market_plus_sentiment,logistic_market_plus_sentiment,2026_robustness,1,-0.0009955355561399
2026-09-04,2026-09-07,1.0,0.5185924325931025,,logistic,market_plus_sentiment,logistic_market_plus_sentiment,2026_robustness,1,0.0059125006313233
2026-09-07,2026-09-08,0.0,0.5733081174174988,,logistic,market_plus_sentiment,logistic_market_plus_sentiment,2026_robustness,1,-0.0035648007480493
2026-09-08,2026-09-09,1.0,0.5132397701293331,,logistic,market_plus_sentiment,logistic_market_plus_sentiment,2026_robustness,1,0.0030357013634103
2026-09-09,2026-09-10,0.0,0.5575036903058825,,logistic,market_plus_sentiment,logistic_market_plus_sentiment,2026_robustness,1,-0.005308646727299
2026-09-10,2026-09-11,0.0,0.5491735471558685,,logistic,market_plus_sentiment,logistic_market_plus_sentiment,2026_robustness,1,-0.0084406945869841
2026-09-11,2026-09-14,0.0,0.5340620998129598,,logistic,market_plus_sentiment,logistic_market_plus_sentiment,2026_robustness,1,-0.0066917261933925
2026-09-14,2026-09-15,0.0,0.519237659900389,,logistic,market_plus_sentiment,logistic_market_plus_sentiment,2026_robustness,1,-0.0067278185085189
2026-09-15,2026-09-16,1.0,0.480713967837554,,logistic,market_plus_sentiment,logistic_market_plus_sentiment,2026_robustness,0,0.0067702275662072
2026-09-16,2026-09-17,0.0,0.4640674814807271,,logistic,market_plus_sentiment,logistic_market_plus_sentiment,2026_robustness,0,-0.0044986726400401
2026-09-17,2026-09-18,1.0,0.45640413265023744,,logistic,market_plus_sentiment,logistic_market_plus_sentiment,2026_robustness,0,0.0105336321981042
2026-09-18,2026-09-21,1.0,0.4860880444646612,,logistic,market_plus_sentiment,logistic_market_plus_sentiment,2026_robustness,0,0.0071140218851807
2026-09-21,2026-09-22,1.0,0.5037621751987177,,logistic,market_plus_sentiment,logistic_market_plus_sentiment,2026_robustness,1,0.0011052206282144
2026-09-22,2026-09-23,0.0,0.4594536640143264,,logistic,market_plus_sentiment,logistic_market_plus_sentiment,2026_robustness,0,-0.0060274717430114
2026-09-23,2026-09-24,0.0,0.445200376113773,,logistic,market_plus_sentiment,logistic_market_plus_sentiment,2026_robustness,0,-0.0174493788070566
2026-09-24,2026-09-28,0.0,0.417372818247858,,logistic,market_plus_sentiment,logistic_market_plus_sentiment,2026_robustness,0,-0.0224112160005849
2026-09-28,2026-09-29,1.0,0.50098095458103,,logistic,market_plus_sentiment,logistic_market_plus_sentiment,2026_robustness,1,0.0010246409760415
2026-09-29,2026-09-30,1.0,0.4800390065469944,,logistic,market_plus_sentiment,logistic_market_plus_sentiment,2026_robustness,0,0.0028519477943388
2024-12-31,2025-01-02,0.0,0.4763897955417633,,xgboost,market_only,xgboost_market_only,2025_holdout,0,-0.0295328807648115
2025-01-02,2025-01-03,0.0,0.42757609486579895,,xgboost,market_only,xgboost_market_only,2025_holdout,0,-0.011912363269678
2025-01-03,2025-01-06,0.0,0.5445026755332947,,xgboost,market_only,xgboost_market_only,2025_holdout,1,-0.0016410113264477
2025-01-06,2025-01-07,1.0,0.45164215564727783,,xgboost,market_only,xgboost_market_only,2025_holdout,0,0.0071751036169549
2025-01-07,2025-01-08,0.0,0.6120101809501648,,xgboost,market_only,xgboost_market_only,2025_holdout,1,-0.0018166650349836
2025-01-08,2025-01-09,0.0,0.6506391763687134,,xgboost,market_only,xgboost_market_only,2025_holdout,1,-0.0024679300684566
2025-01-09,2025-01-10,0.0,0.5725148916244507,,xgboost,market_only,xgboost_market_only,2025_holdout,1,-0.0126193710178968
2025-01-10,2025-01-13,0.0,0.5798120498657227,,xgboost,market_only,xgboost_market_only,2025_holdout,1,-0.0026747201388297
2025-01-13,2025-01-14,1.0,0.6205406188964844,,xgboost,market_only,xgboost_market_only,2025_holdout,1,0.0259936019453595
2025-01-14,2025-01-15,0.0,0.6922968029975891,,xgboost,market_only,xgboost_market_only,2025_holdout,1,-0.0064359901121666
2025-01-15,2025-01-16,1.0,0.6883721947669983,,xgboost,market_only,xgboost_market_only,2025_holdout,1,0.0011452779603726
2025-01-16,2025-01-17,1.0,0.4226444363594055,,xgboost,market_only,xgboost_market_only,2025_holdout,0,0.0031421121070936
2025-01-17,2025-01-20,1.0,0.5182831883430481,,xgboost,market_only,xgboost_market_only,2025_holdout,1,0.0045380749483773
2025-01-20,2025-01-21,1.0,0.5078166127204895,,xgboost,market_only,xgboost_market_only,2025_holdout,1,0.0007647844555119
2025-01-21,2025-01-22,0.0,0.4007088541984558,,xgboost,market_only,xgboost_market_only,2025_holdout,0,-0.009329484691561
2025-01-22,2025-01-23,1.0,0.3464851677417755,,xgboost,market_only,xgboost_market_only,2025_holdout,0,0.0017682446889377
2025-01-23,2025-01-24,1.0,0.32631173729896545,,xgboost,market_only,xgboost_market_only,2025_holdout,0,0.0076264675751237
2025-01-24,2025-01-27,0.0,0.5420624017715454,,xgboost,market_only,xgboost_market_only,2025_holdout,1,-0.0041255284044773
2025-01-27,2025-02-05,0.0,0.4170113205909729,,xgboost,market_only,xgboost_market_only,2025_holdout,0,-0.0057802414173679
2025-02-05,2025-02-06,1.0,0.37135496735572815,,xgboost,market_only,xgboost_market_only,2025_holdout,0,0.0125035833361977
2025-02-06,2025-02-07,1.0,0.5271496176719666,,xgboost,market_only,xgboost_market_only,2025_holdout,1,0.012893929936185
2025-02-07,2025-02-10,1.0,0.4971679151058197,,xgboost,market_only,xgboost_market_only,2025_holdout,0,0.0021453068111663
2025-02-10,2025-02-11,0.0,0.3527110815048218,,xgboost,market_only,xgboost_market_only,2025_holdout,0,-0.0046042063813207
2025-02-11,2025-02-12,1.0,0.36442527174949646,,xgboost,market_only,xgboost_market_only,2025_holdout,0,0.0094118341823465
2025-02-12,2025-02-13,0.0,0.5020659565925598,,xgboost,market_only,xgboost_market_only,2025_holdout,1,-0.0037623047574148
2025-02-13,2025-02-14,1.0,0.34044283628463745,,xgboost,market_only,xgboost_market_only,2025_holdout,0,0.0086357885794846
2025-02-14,2025-02-17,1.0,0.42839789390563965,,xgboost,market_only,xgboost_market_only,2025_holdout,0,0.0021277116369139
2025-02-17,2025-02-18,0.0,0.3433886766433716,,xgboost,market_only,xgboost_market_only,2025_holdout,0,-0.0088090155370787
2025-02-18,2025-02-19,1.0,0.46376243233680725,,xgboost,market_only,xgboost_market_only,2025_holdout,0,0.006973212821578
2025-02-19,2025-02-20,0.0,0.4354180693626404,,xgboost,market_only,xgboost_market_only,2025_holdout,0,-0.0028618431388465
2025-02-20,2025-02-21,1.0,0.4107793867588043,,xgboost,market_only,xgboost_market_only,2025_holdout,0,0.0125302941775078
2025-02-21,2025-02-24,0.0,0.4417046010494232,,xgboost,market_only,xgboost_market_only,2025_holdout,0,-0.0021942194164708
2025-02-24,2025-02-25,0.0,0.3873400390148163,,xgboost,market_only,xgboost_market_only,2025_holdout,0,-0.011163620625657
2025-02-25,2025-02-26,1.0,0.43388038873672485,,xgboost,market_only,xgboost_market_only,2025_holdout,0,0.0086969310175492
2025-02-26,2025-02-27,1.0,0.44508206844329834,,xgboost,market_only,xgboost_market_only,2025_holdout,0,0.0020635572643798
2025-02-27,2025-02-28,0.0,0.3271152973175049,,xgboost,market_only,xgboost_market_only,2025_holdout,0,-0.0198704198826452
2025-02-28,2025-03-03,0.0,0.495972216129303,,xgboost,market_only,xgboost_market_only,2025_holdout,0,-0.0004062469523071
2025-03-03,2025-03-04,0.0,0.3983463943004608,,xgboost,market_only,xgboost_market_only,2025_holdout,0,-0.0008361537929487
2025-03-04,2025-03-05,1.0,0.35991281270980835,,xgboost,market_only,xgboost_market_only,2025_holdout,0,0.0044557001933801
2025-03-05,2025-03-06,1.0,0.4473855197429657,,xgboost,market_only,xgboost_market_only,2025_holdout,0,0.0136587687947141
2025-03-06,2025-03-07,0.0,0.4856795072555542,,xgboost,market_only,xgboost_market_only,2025_holdout,0,-0.0030961070268931
2025-03-07,2025-03-10,0.0,0.36222341656684875,,xgboost,market_only,xgboost_market_only,2025_holdout,0,-0.0038639364912342
2025-03-10,2025-03-11,1.0,0.3428554832935333,,xgboost,market_only,xgboost_market_only,2025_holdout,0,0.0032070287276403
2025-03-11,2025-03-12,0.0,0.3932192325592041,,xgboost,market_only,xgboost_market_only,2025_holdout,0,-0.0036067217076572
2025-03-12,2025-03-13,0.0,0.3124973773956299,,xgboost,market_only,xgboost_market_only,2025_holdout,0,-0.0039929583172082
2025-03-13,2025-03-14,1.0,0.45007404685020447,,xgboost,market_only,xgboost_market_only,2025_holdout,0,0.0239916333427265
2025-03-14,2025-03-17,0.0,0.44585108757019043,,xgboost,market_only,xgboost_market_only,2025_holdout,0,-0.0024414788440089
2025-03-17,2025-03-18,1.0,0.3451821506023407,,xgboost,market_only,xgboost_market_only,2025_holdout,0,0.0027309621183892
2025-03-18,2025-03-19,1.0,0.4215761721134186,,xgboost,market_only,xgboost_market_only,2025_holdout,0,0.00061113337206
2025-03-19,2025-03-20,0.0,0.32929491996765137,,xgboost,market_only,xgboost_market_only,2025_holdout,0,-0.0088114020549793
2025-03-20,2025-03-21,0.0,0.3374437391757965,,xgboost,market_only,xgboost_market_only,2025_holdout,0,-0.0152835342256865
2025-03-21,2025-03-24,1.0,0.427707314491272,,xgboost,market_only,xgboost_market_only,2025_holdout,0,0.0051340635477135
2025-03-24,2025-03-25,0.0,0.4227682054042816,,xgboost,market_only,xgboost_market_only,2025_holdout,0,-0.0006482652775916
2025-03-25,2025-03-26,0.0,0.3629087507724762,,xgboost,market_only,xgboost_market_only,2025_holdout,0,-0.0032961212572778
2025-03-26,2025-03-27,1.0,0.43529877066612244,,xgboost,market_only,xgboost_market_only,2025_holdout,0,0.0033240943166804
2025-03-27,2025-03-28,0.0,0.4391132891178131,,xgboost,market_only,xgboost_market_only,2025_holdout,0,-0.0043937182505934
2025-03-28,2025-03-31,0.0,0.43607503175735474,,xgboost,market_only,xgboost_market_only,2025_holdout,0,-0.007141349520225
2025-03-31,2025-04-01,1.0,0.47179535031318665,,xgboost,market_only,xgboost_market_only,2025_holdout,0,9.517697136045976e-05
2025-04-01,2025-04-02,0.0,0.3304564654827118,,xgboost,market_only,xgboost_market_only,2025_holdout,0,-0.0008466213496568
2025-04-02,2025-04-03,0.0,0.35816577076911926,,xgboost,market_only,xgboost_market_only,2025_holdout,0,-0.0059102483074018
2025-04-03,2025-04-07,0.0,0.44896575808525085,,xgboost,market_only,xgboost_market_only,2025_holdout,0,-0.0730595075524599
2025-04-07,2025-04-08,1.0,0.5865515470504761,,xgboost,market_only,xgboost_market_only,2025_holdout,1,0.0169391636231564
2025-04-08,2025-04-09,1.0,0.6445924043655396,,xgboost,market_only,xgboost_market_only,2025_holdout,1,0.0098207956565165
2025-04-09,2025-04-10,1.0,0.6542043089866638,,xgboost,market_only,xgboost_market_only,2025_holdout,1,0.0130237858283326
2025-04-10,2025-04-11,1.0,0.6794615983963013,,xgboost,market_only,xgboost_market_only,2025_holdout,1,0.0041145504529254
2025-04-11,2025-04-14,1.0,0.6571044921875,,xgboost,market_only,xgboost_market_only,2025_holdout,1,0.0022957108007082
2025-04-14,2025-04-15,1.0,0.663212239742279,,xgboost,market_only,xgboost_market_only,2025_holdout,1,0.0005558237304301
2025-04-15,2025-04-16,1.0,0.6019113063812256,,xgboost,market_only,xgboost_market_only,2025_holdout,1,0.0030767008827025
2025-04-16,2025-04-17,0.0,0.521786630153656,,xgboost,market_only,xgboost_market_only,2025_holdout,1,-0.0001590448828012
2025-04-17,2025-04-18,1.0,0.4827257990837097,,xgboost,market_only,xgboost_market_only,2025_holdout,0,7.952560330999825e-05
2025-04-18,2025-04-21,1.0,0.42162105441093445,,xgboost,market_only,xgboost_market_only,2025_holdout,0,0.0032709691217122
2025-04-21,2025-04-22,0.0,0.4959130883216858,,xgboost,market_only,xgboost_market_only,2025_holdout,0,-0.0002457447200374
2025-04-22,2025-04-23,1.0,0.42139527201652527,,xgboost,market_only,xgboost_market_only,2025_holdout,0,0.0007740234944606
2025-04-23,2025-04-24,0.0,0.4523012936115265,,xgboost,market_only,xgboost_market_only,2025_holdout,0,-0.0006656769810641
2025-04-24,2025-04-25,1.0,0.4484891891479492,,xgboost,market_only,xgboost_market_only,2025_holdout,0,0.0006947242184759
2025-04-25,2025-04-28,0.0,0.44601917266845703,,xgboost,market_only,xgboost_market_only,2025_holdout,0,-0.0014190190539855
2025-04-28,2025-04-29,0.0,0.4409845471382141,,xgboost,market_only,xgboost_market_only,2025_holdout,0,-0.0017309147201439
2025-04-29,2025-04-30,0.0,0.4567410349845886,,xgboost,market_only,xgboost_market_only,2025_holdout,0,-0.0011953908641536
2025-04-30,2025-05-06,1.0,0.4406825006008148,,xgboost,market_only,xgboost_market_only,2025_holdout,0,0.0100197299329189
2025-05-06,2025-05-07,1.0,0.6087573170661926,,xgboost,market_only,xgboost_market_only,2025_holdout,1,0.0060443865250728
2025-05-07,2025-05-08,1.0,0.5551475286483765,,xgboost,market_only,xgboost_market_only,2025_holdout,1,0.0055358113817248
2025-05-08,2025-05-09,0.0,0.3782828748226166,,xgboost,market_only,xgboost_market_only,2025_holdout,0,-0.0017508635396534
2025-05-09,2025-05-12,1.0,0.3246121108531952,,xgboost,market_only,xgboost_market_only,2025_holdout,0,0.0114907097105876
2025-05-12,2025-05-13,1.0,0.4852021634578705,,xgboost,market_only,xgboost_market_only,2025_holdout,0,0.0014511609906195
2025-05-13,2025-05-14,1.0,0.3375660479068756,,xgboost,market_only,xgboost_market_only,2025_holdout,0,0.0119779937506401
2025-05-14,2025-05-15,0.0,0.47939395904541016,,xgboost,market_only,xgboost_market_only,2025_holdout,0,-0.0091741074829282
2025-05-15,2025-05-16,0.0,0.321766197681427,,xgboost,market_only,xgboost_market_only,2025_holdout,0,-0.0046458078324773
2025-05-16,2025-05-19,0.0,0.3306157886981964,,xgboost,market_only,xgboost_market_only,2025_holdout,0,-0.0030748494528689
2025-05-19,2025-05-20,1.0,0.4168667495250702,,xgboost,market_only,xgboost_market_only,2025_holdout,0,0.0054068645942602
2025-05-20,2025-05-21,1.0,0.44234684109687805,,xgboost,market_only,xgboost_market_only,2025_holdout,0,0.0046605455109063
2025-05-21,2025-05-22,0.0,0.44288909435272217,,xgboost,market_only,xgboost_market_only,2025_holdout,0,-0.0006411034350041
2025-05-22,2025-05-23,0.0,0.34893324971199036,,xgboost,market_only,xgboost_market_only,2025_holdout,0,-0.0081066202134246
2025-05-23,2025-05-26,0.0,0.46867817640304565,,xgboost,market_only,xgboost_market_only,2025_holdout,0,-0.0057243536256176
2025-05-26,2025-05-27,0.0,0.4662322402000427,,xgboost,market_only,xgboost_market_only,2025_holdout,0,-0.0053795760886899
2025-05-27,2025-05-28,0.0,0.4921647310256958,,xgboost,market_only,xgboost_market_only,2025_holdout,0,-0.0008233841552053
2025-05-28,2025-05-29,1.0,0.3992430865764618,,xgboost,market_only,xgboost_market_only,2025_holdout,0,0.0058376189501768
2025-05-29,2025-05-30,0.0,0.47580382227897644,,xgboost,market_only,xgboost_market_only,2025_holdout,0,-0.0047980785470189
2025-05-30,2025-06-03,1.0,0.49365392327308655,,xgboost,market_only,xgboost_market_only,2025_holdout,0,0.0030628293472223
2025-06-03,2025-06-04,1.0,0.413318008184433,,xgboost,market_only,xgboost_market_only,2025_holdout,0,0.0043337826467046
2025-06-04,2025-06-05,1.0,0.38150498270988464,,xgboost,market_only,xgboost_market_only,2025_holdout,0,0.0022772172034397
2025-06-05,2025-06-06,0.0,0.37044844031333923,,xgboost,market_only,xgboost_market_only,2025_holdout,0,-0.0009236874877862
2025-06-06,2025-06-09,1.0,0.33823487162590027,,xgboost,market_only,xgboost_market_only,2025_holdout,0,0.0029049294647187
2025-06-09,2025-06-10,0.0,0.4098466634750366,,xgboost,market_only,xgboost_market_only,2025_holdout,0,-0.0051040530276676
2025-06-10,2025-06-11,1.0,0.33493152260780334,,xgboost,market_only,xgboost_market_only,2025_holdout,0,0.0075154024431042
2025-06-11,2025-06-12,0.0,0.41403478384017944,,xgboost,market_only,xgboost_market_only,2025_holdout,0,-0.0006241307640932
2025-06-12,2025-06-13,0.0,0.3033495545387268,,xgboost,market_only,xgboost_market_only,2025_holdout,0,-0.0072250513487183
2025-06-13,2025-06-16,1.0,0.42948877811431885,,xgboost,market_only,xgboost_market_only,2025_holdout,0,0.0024864383097925
2025-06-16,2025-06-17,0.0,0.42036184668540955,,xgboost,market_only,xgboost_market_only,2025_holdout,0,-0.0008832439902828
2025-06-17,2025-06-18,1.0,0.33054471015930176,,xgboost,market_only,xgboost_market_only,2025_holdout,0,0.0011852274041385
2025-06-18,2025-06-19,0.0,0.354883074760437,,xgboost,market_only,xgboost_market_only,2025_holdout,0,-0.0082611903276287
2025-06-19,2025-06-20,1.0,0.4881492853164673,,xgboost,market_only,xgboost_market_only,2025_holdout,0,0.0009233094665735
2025-07-18,2025-07-21,1.0,0.43116384744644165,,xgboost,market_only,xgboost_market_only,2025_holdout,0,0.0066452770034147
2025-07-21,2025-07-22,1.0,0.37620407342910767,,xgboost,market_only,xgboost_market_only,2025_holdout,0,0.0081296603426505
2025-07-22,2025-07-23,1.0,0.4905908405780792,,xgboost,market_only,xgboost_market_only,2025_holdout,0,0.0001966322485651
2025-07-23,2025-07-24,1.0,0.33109766244888306,,xgboost,market_only,xgboost_market_only,2025_holdout,0,0.0070796456211479
2025-07-24,2025-07-25,0.0,0.4254496097564697,,xgboost,market_only,xgboost_market_only,2025_holdout,0,-0.005287463080977
2025-07-25,2025-07-28,1.0,0.3170390725135803,,xgboost,market_only,xgboost_market_only,2025_holdout,0,0.0020960968490133
2025-07-28,2025-07-29,1.0,0.3427494168281555,,xgboost,market_only,xgboost_market_only,2025_holdout,0,0.003909346858056
2025-07-29,2025-07-30,0.0,0.42136454582214355,,xgboost,market_only,xgboost_market_only,2025_holdout,0,-0.0001878780147304
2025-07-30,2025-07-31,0.0,0.3407531678676605,,xgboost,market_only,xgboost_market_only,2025_holdout,0,-0.0183915633044165
2025-07-31,2025-08-01,0.0,0.47547027468681335,,xgboost,market_only,xgboost_market_only,2025_holdout,0,-0.0050820967088656
2025-08-01,2025-08-04,1.0,0.46947935223579407,,xgboost,market_only,xgboost_market_only,2025_holdout,0,0.0038815500582222
2025-08-04,2025-08-05,1.0,0.4644053280353546,,xgboost,market_only,xgboost_market_only,2025_holdout,0,0.0080131084551544
2025-08-05,2025-08-06,1.0,0.49023929238319397,,xgboost,market_only,xgboost_market_only,2025_holdout,0,0.0024437333110458
2025-08-06,2025-08-07,1.0,0.43201637268066406,,xgboost,market_only,xgboost_market_only,2025_holdout,0,0.0002868198985166
2025-08-07,2025-08-08,0.0,0.2960416078567505,,xgboost,market_only,xgboost_market_only,2025_holdout,0,-0.0023602017856895
2025-08-08,2025-08-11,1.0,0.34912192821502686,,xgboost,market_only,xgboost_market_only,2025_holdout,0,0.0042637664443205
2025-08-11,2025-08-12,1.0,0.3989695906639099,,xgboost,market_only,xgboost_market_only,2025_holdout,0,0.0051582797884577
2025-08-12,2025-08-13,1.0,0.40848878026008606,,xgboost,market_only,xgboost_market_only,2025_holdout,0,0.0078722488753719
2025-08-13,2025-08-14,0.0,0.4299776554107666,,xgboost,market_only,xgboost_market_only,2025_holdout,0,-0.0007832438911579
2025-08-14,2025-08-15,1.0,0.30962154269218445,,xgboost,market_only,xgboost_market_only,2025_holdout,0,0.006934406689865
2025-08-15,2025-08-18,1.0,0.4531535506248474,,xgboost,market_only,xgboost_market_only,2025_holdout,0,0.0087802159943145
2025-08-18,2025-08-19,0.0,0.49413204193115234,,xgboost,market_only,xgboost_market_only,2025_holdout,0,-0.00379072106502
2025-08-19,2025-08-20,1.0,0.3692348301410675,,xgboost,market_only,xgboost_market_only,2025_holdout,0,0.011308254802686
2025-08-20,2025-08-21,1.0,0.4971332252025604,,xgboost,market_only,xgboost_market_only,2025_holdout,0,0.0038951059063758
2025-08-21,2025-08-22,1.0,0.4213518500328064,,xgboost,market_only,xgboost_market_only,2025_holdout,0,0.02075525083855
2025-08-22,2025-08-25,1.0,0.5504813194274902,,xgboost,market_only,xgboost_market_only,2025_holdout,1,0.0206218976542001
2025-08-25,2025-08-26,0.0,0.5353276133537292,,xgboost,market_only,xgboost_market_only,2025_holdout,1,-0.0037279474141999
2025-08-26,2025-08-27,0.0,0.43878984451293945,,xgboost,market_only,xgboost_market_only,2025_holdout,0,-0.0150386600213421
2025-08-27,2025-08-28,1.0,0.38059887290000916,,xgboost,market_only,xgboost_market_only,2025_holdout,0,0.017548651391104
2025-08-28,2025-08-29,1.0,0.5258806943893433,,xgboost,market_only,xgboost_market_only,2025_holdout,1,0.0073611967413575
2025-08-29,2025-09-01,1.0,0.4411343038082123,,xgboost,market_only,xgboost_market_only,2025_holdout,0,0.0059753161833233
2025-09-01,2025-09-02,0.0,0.4845433235168457,,xgboost,market_only,xgboost_market_only,2025_holdout,0,-0.0073795341857631
2025-09-02,2025-09-03,0.0,0.5300554037094116,,xgboost,market_only,xgboost_market_only,2025_holdout,1,-0.0068422707357624
2025-09-03,2025-09-04,0.0,0.5147661566734314,,xgboost,market_only,xgboost_market_only,2025_holdout,1,-0.0214443506136347
2025-09-04,2025-09-05,1.0,0.48971784114837646,,xgboost,market_only,xgboost_market_only,2025_holdout,0,0.0215542142371146
2025-09-05,2025-09-08,1.0,0.6183173060417175,,xgboost,market_only,xgboost_market_only,2025_holdout,1,0.0016241243101468
2025-09-08,2025-09-09,0.0,0.4505171775817871,,xgboost,market_only,xgboost_market_only,2025_holdout,0,-0.0070329575150866
2025-09-09,2025-09-10,1.0,0.584247350692749,,xgboost,market_only,xgboost_market_only,2025_holdout,1,0.0020491764305014
2025-09-10,2025-09-11,1.0,0.4453091025352478,,xgboost,market_only,xgboost_market_only,2025_holdout,0,0.0228333166099722
2025-09-11,2025-09-12,0.0,0.5840701460838318,,xgboost,market_only,xgboost_market_only,2025_holdout,1,-0.0057397983168245
2025-09-12,2025-09-15,1.0,0.5893747210502625,,xgboost,market_only,xgboost_market_only,2025_holdout,1,0.0024428342827081
2025-09-15,2025-09-16,0.0,0.532707929611206,,xgboost,market_only,xgboost_market_only,2025_holdout,1,-0.0021465491215527
2025-09-16,2025-09-17,1.0,0.4607652723789215,,xgboost,market_only,xgboost_market_only,2025_holdout,0,0.0061007246464561
2025-09-17,2025-09-18,0.0,0.48711684346199036,,xgboost,market_only,xgboost_market_only,2025_holdout,0,-0.0116940751118193
2025-09-18,2025-09-19,1.0,0.5811399221420288,,xgboost,market_only,xgboost_market_only,2025_holdout,1,0.0008466638950307
2025-09-19,2025-09-22,1.0,0.46285340189933777,,xgboost,market_only,xgboost_market_only,2025_holdout,0,0.0045852883752098
2025-09-22,2025-09-23,0.0,0.5532916784286499,,xgboost,market_only,xgboost_market_only,2025_holdout,1,-0.0006259407285905
2025-09-23,2025-09-24,1.0,0.44772765040397644,,xgboost,market_only,xgboost_market_only,2025_holdout,0,0.0101895586020818
2025-09-24,2025-09-25,1.0,0.4493672549724579,,xgboost,market_only,xgboost_market_only,2025_holdout,0,0.0059872050424883
2025-09-25,2025-09-26,0.0,0.4033585786819458,,xgboost,market_only,xgboost_market_only,2025_holdout,0,-0.0095018618243211
2025-09-26,2025-09-29,1.0,0.30433422327041626,,xgboost,market_only,xgboost_market_only,2025_holdout,0,0.0152673056324377
2025-09-29,2025-09-30,1.0,0.45273542404174805,,xgboost,market_only,xgboost_market_only,2025_holdout,0,0.0044575345330339
2025-09-30,2025-10-09,1.0,0.38428112864494324,,xgboost,market_only,xgboost_market_only,2025_holdout,0,0.0147144364574539
2025-10-09,2025-10-10,0.0,0.45036739110946655,,xgboost,market_only,xgboost_market_only,2025_holdout,0,-0.0198691761356096
2025-10-10,2025-10-13,0.0,0.416848361492157,,xgboost,market_only,xgboost_market_only,2025_holdout,0,-0.0049615716479266
2025-10-13,2025-10-14,0.0,0.3076305389404297,,xgboost,market_only,xgboost_market_only,2025_holdout,0,-0.0120268085952429
2025-10-14,2025-10-15,1.0,0.4299603998661041,,xgboost,market_only,xgboost_market_only,2025_holdout,0,0.0147028186136493
2025-10-15,2025-10-16,1.0,0.42515885829925537,,xgboost,market_only,xgboost_market_only,2025_holdout,0,0.0026298944880156
2025-10-16,2025-10-17,0.0,0.42739781737327576,,xgboost,market_only,xgboost_market_only,2025_holdout,0,-0.02281802557004
2025-10-17,2025-10-20,1.0,0.4186812937259674,,xgboost,market_only,xgboost_market_only,2025_holdout,0,0.0053002349997063
2025-10-20,2025-10-21,1.0,0.416747123003006,,xgboost,market_only,xgboost_market_only,2025_holdout,0,0.0152308465011269
2025-10-21,2025-10-22,0.0,0.5700372457504272,,xgboost,market_only,xgboost_market_only,2025_holdout,1,-0.0033259309563051
2025-10-22,2025-10-23,1.0,0.5273032784461975,,xgboost,market_only,xgboost_market_only,2025_holdout,1,0.0029938352011483
2025-10-23,2025-10-24,1.0,0.5163002014160156,,xgboost,market_only,xgboost_market_only,2025_holdout,1,0.01172774480373
2025-10-24,2025-10-27,1.0,0.5958423614501953,,xgboost,market_only,xgboost_market_only,2025_holdout,1,0.0118038633095883
2025-10-27,2025-10-28,0.0,0.6127697825431824,,xgboost,market_only,xgboost_market_only,2025_holdout,1,-0.0051126866393398
2025-10-28,2025-10-29,1.0,0.44514575600624084,,xgboost,market_only,xgboost_market_only,2025_holdout,0,0.0118372408713961
2025-10-29,2025-10-30,0.0,0.5635249018669128,,xgboost,market_only,xgboost_market_only,2025_holdout,1,-0.0080209782147857
2025-10-30,2025-10-31,0.0,0.4658738374710083,,xgboost,market_only,xgboost_market_only,2025_holdout,0,-0.0148100471997965
2025-10-31,2025-11-03,1.0,0.5510978102684021,,xgboost,market_only,xgboost_market_only,2025_holdout,1,0.0027393828453463
2025-11-03,2025-11-04,0.0,0.49891307950019836,,xgboost,market_only,xgboost_market_only,2025_holdout,0,-0.0074848549950598
2025-11-04,2025-11-05,1.0,0.5778869986534119,,xgboost,market_only,xgboost_market_only,2025_holdout,1,0.001851620047169
2025-11-05,2025-11-06,1.0,0.5031982064247131,,xgboost,market_only,xgboost_market_only,2025_holdout,1,0.0141923662431926
2025-11-06,2025-11-07,0.0,0.5644246935844421,,xgboost,market_only,xgboost_market_only,2025_holdout,1,-0.003117737014389
2025-11-07,2025-11-10,1.0,0.2963983714580536,,xgboost,market_only,xgboost_market_only,2025_holdout,0,0.0034692327388138
2025-11-10,2025-11-11,0.0,0.33570292592048645,,xgboost,market_only,xgboost_market_only,2025_holdout,0,-0.009174984819875
2025-11-11,2025-11-12,0.0,0.3289335370063782,,xgboost,market_only,xgboost_market_only,2025_holdout,0,-0.0013465147526876
2025-11-12,2025-11-13,1.0,0.308114618062973,,xgboost,market_only,xgboost_market_only,2025_holdout,0,0.012015574630851
2025-11-13,2025-11-14,0.0,0.4381362795829773,,xgboost,market_only,xgboost_market_only,2025_holdout,0,-0.0158477777669541
2025-11-14,2025-11-17,0.0,0.42176011204719543,,xgboost,market_only,xgboost_market_only,2025_holdout,0,-0.0065227589470807
2025-11-17,2025-11-18,0.0,0.471692830324173,,xgboost,market_only,xgboost_market_only,2025_holdout,0,-0.0065152353910493
2025-11-18,2025-11-19,1.0,0.4878988564014435,,xgboost,market_only,xgboost_market_only,2025_holdout,0,0.0043903404552326
2025-11-19,2025-11-20,0.0,0.4341500401496887,,xgboost,market_only,xgboost_market_only,2025_holdout,0,-0.0050998445547902
2025-11-20,2025-11-21,0.0,0.49301761388778687,,xgboost,market_only,xgboost_market_only,2025_holdout,0,-0.0246925578252606
2025-11-21,2025-11-24,0.0,0.5446454882621765,,xgboost,market_only,xgboost_market_only,2025_holdout,1,-0.0012492053668726
2025-11-24,2025-11-25,1.0,0.4179627597332001,,xgboost,market_only,xgboost_market_only,2025_holdout,0,0.0094759867535566
2025-11-25,2025-11-26,1.0,0.428925096988678,,xgboost,market_only,xgboost_market_only,2025_holdout,0,0.0060457354027621
2025-11-26,2025-11-27,0.0,0.4032723605632782,,xgboost,market_only,xgboost_market_only,2025_holdout,0,-0.0004937435268793
2025-11-27,2025-11-28,1.0,0.35377970337867737,,xgboost,market_only,xgboost_market_only,2025_holdout,0,0.0024905841855706
2025-11-28,2025-12-01,1.0,0.4467698633670807,,xgboost,market_only,xgboost_market_only,2025_holdout,0,0.0109479680570724
2025-12-01,2025-12-02,0.0,0.43132930994033813,,xgboost,market_only,xgboost_market_only,2025_holdout,0,-0.0048538999800864
2025-12-02,2025-12-03,0.0,0.31447553634643555,,xgboost,market_only,xgboost_market_only,2025_holdout,0,-0.0051247280685855
2025-12-03,2025-12-04,1.0,0.2852555811405182,,xgboost,market_only,xgboost_market_only,2025_holdout,0,0.0034194018084143
2025-12-04,2025-12-05,1.0,0.41926077008247375,,xgboost,market_only,xgboost_market_only,2025_holdout,0,0.0083166709974398
2025-12-05,2025-12-08,1.0,0.5011534094810486,,xgboost,market_only,xgboost_market_only,2025_holdout,1,0.0080836477288575
2025-12-08,2025-12-09,0.0,0.5018762350082397,,xgboost,market_only,xgboost_market_only,2025_holdout,1,-0.0051041491641017
2025-12-09,2025-12-10,0.0,0.38626888394355774,,xgboost,market_only,xgboost_market_only,2025_holdout,0,-0.0013906346602648
2025-12-10,2025-12-11,0.0,0.37999990582466125,,xgboost,market_only,xgboost_market_only,2025_holdout,0,-0.008672398325831
2025-12-11,2025-12-12,1.0,0.39329248666763306,,xgboost,market_only,xgboost_market_only,2025_holdout,0,0.0063001610973626
2025-12-12,2025-12-15,0.0,0.3815169334411621,,xgboost,market_only,xgboost_market_only,2025_holdout,0,-0.0063265224410897
2025-12-15,2025-12-16,0.0,0.46674296259880066,,xgboost,market_only,xgboost_market_only,2025_holdout,0,-0.0120470736883567
2025-12-16,2025-12-17,1.0,0.4730466306209564,,xgboost,market_only,xgboost_market_only,2025_holdout,0,0.0181399928413459
2025-12-17,2025-12-18,0.0,0.41971927881240845,,xgboost,market_only,xgboost_market_only,2025_holdout,0,-0.0059325650556533
2025-12-18,2025-12-19,1.0,0.3168352544307709,,xgboost,market_only,xgboost_market_only,2025_holdout,0,0.0033746442769563
2025-12-19,2025-12-22,1.0,0.42116373777389526,,xgboost,market_only,xgboost_market_only,2025_holdout,0,0.0094643291260549
2025-12-22,2025-12-23,1.0,0.4259730875492096,,xgboost,market_only,xgboost_market_only,2025_holdout,0,0.0019734960127628
2025-12-23,2025-12-24,1.0,0.3658240735530853,,xgboost,market_only,xgboost_market_only,2025_holdout,0,0.0028806724340582
2025-12-24,2025-12-25,1.0,0.3537288010120392,,xgboost,market_only,xgboost_market_only,2025_holdout,0,0.0018282565513331
2025-12-25,2025-12-26,1.0,0.3591468334197998,,xgboost,market_only,xgboost_market_only,2025_holdout,0,0.0031613677405162
2025-12-26,2025-12-29,0.0,0.3919260501861572,,xgboost,market_only,xgboost_market_only,2025_holdout,0,-0.0038444168377923
2025-12-29,2025-12-30,1.0,0.3151853084564209,,xgboost,market_only,xgboost_market_only,2025_holdout,0,0.0025638693792414
2025-12-30,2025-12-31,0.0,0.34575602412223816,,xgboost,market_only,xgboost_market_only,2025_holdout,0,-0.0045985414860679
2025-12-31,2026-01-05,1.0,0.44777384400367737,,xgboost,market_only,xgboost_market_only,2026_robustness,0,0.0187880819761763
2026-01-05,2026-01-06,1.0,0.416643887758255,,xgboost,market_only,xgboost_market_only,2026_robustness,0,0.0153424601259199
2026-01-06,2026-01-07,0.0,0.4598532021045685,,xgboost,market_only,xgboost_market_only,2026_robustness,0,-0.0029308001445543
2026-01-07,2026-01-08,0.0,0.3447745740413666,,xgboost,market_only,xgboost_market_only,2026_robustness,0,-0.0082024188319986
2026-01-08,2026-01-09,1.0,0.3690476417541504,,xgboost,market_only,xgboost_market_only,2026_robustness,0,0.0044795195669895
2026-01-09,2026-01-12,1.0,0.4156492352485657,,xgboost,market_only,xgboost_market_only,2026_robustness,0,0.0064929580785505
2026-01-12,2026-01-13,0.0,0.42355361580848694,,xgboost,market_only,xgboost_market_only,2026_robustness,0,-0.0060496784322183
2026-01-13,2026-01-14,0.0,0.4461902976036072,,xgboost,market_only,xgboost_market_only,2026_robustness,0,-0.0040198055594202
2026-01-14,2026-01-15,1.0,0.42899090051651,,xgboost,market_only,xgboost_market_only,2026_robustness,0,0.002001399540542
2026-01-15,2026-01-16,0.0,0.35294386744499207,,xgboost,market_only,xgboost_market_only,2026_robustness,0,-0.0041251521595873
2026-01-16,2026-01-19,1.0,0.4274705946445465,,xgboost,market_only,xgboost_market_only,2026_robustness,0,0.0005472025726184
2026-01-19,2026-01-20,0.0,0.3554059863090515,,xgboost,market_only,xgboost_market_only,2026_robustness,0,-0.0032961924793225
2026-01-20,2026-01-21,1.0,0.4178110957145691,,xgboost,market_only,xgboost_market_only,2026_robustness,0,0.0008875285878533
2026-01-21,2026-01-22,1.0,0.38183295726776123,,xgboost,market_only,xgboost_market_only,2026_robustness,0,0.0001354959046318
2026-01-22,2026-01-23,0.0,0.37807363271713257,,xgboost,market_only,xgboost_market_only,2026_robustness,0,-0.0045002256040236
2026-01-23,2026-01-26,1.0,0.4881714880466461,,xgboost,market_only,xgboost_market_only,2026_robustness,0,0.0009479822081193
2026-01-26,2026-01-27,0.0,0.3832402527332306,,xgboost,market_only,xgboost_market_only,2026_robustness,0,-0.000269849618908
2026-01-27,2026-01-28,1.0,0.3711339831352234,,xgboost,market_only,xgboost_market_only,2026_robustness,0,0.0026104466587982
2026-01-28,2026-01-29,1.0,0.43763267993927,,xgboost,market_only,xgboost_market_only,2026_robustness,0,0.0075761617296989
2026-01-29,2026-01-30,0.0,0.42076700925827026,,xgboost,market_only,xgboost_market_only,2026_robustness,0,-0.0100484872815661
2026-01-30,2026-02-02,0.0,0.45848599076271057,,xgboost,market_only,xgboost_market_only,2026_robustness,0,-0.0215550766625216
2026-02-02,2026-02-03,1.0,0.42522549629211426,,xgboost,market_only,xgboost_market_only,2026_robustness,0,0.0116835937825024
2026-02-03,2026-02-04,1.0,0.4317232072353363,,xgboost,market_only,xgboost_market_only,2026_robustness,0,0.0082425651969655
2026-02-04,2026-02-05,0.0,0.42149877548217773,,xgboost,market_only,xgboost_market_only,2026_robustness,0,-0.0060326148091381
2026-02-05,2026-02-06,0.0,0.44119518995285034,,xgboost,market_only,xgboost_market_only,2026_robustness,0,-0.0057590759152554
2026-02-06,2026-02-09,1.0,0.4416874349117279,,xgboost,market_only,xgboost_market_only,2026_robustness,0,0.0161196997398466
2026-02-09,2026-02-10,1.0,0.4748617708683014,,xgboost,market_only,xgboost_market_only,2026_robustness,0,0.0011097746009467
2026-02-10,2026-02-11,0.0,0.3510374128818512,,xgboost,market_only,xgboost_market_only,2026_robustness,0,-0.002220782170002
2026-02-11,2026-02-12,1.0,0.33783015608787537,,xgboost,market_only,xgboost_market_only,2026_robustness,0,0.0012211929348548
2026-02-12,2026-02-13,0.0,0.34320712089538574,,xgboost,market_only,xgboost_market_only,2026_robustness,0,-0.0126163854874798
2026-02-13,2026-02-24,1.0,0.3260892927646637,,xgboost,market_only,xgboost_market_only,2026_robustness,0,0.0100620514922893
2026-02-24,2026-02-25,1.0,0.46860271692276,,xgboost,market_only,xgboost_market_only,2026_robustness,0,0.0060041923684178
2026-02-25,2026-02-26,0.0,0.39373886585235596,,xgboost,market_only,xgboost_market_only,2026_robustness,0,-0.0019064211143237
2026-02-26,2026-02-27,0.0,0.35543546080589294,,xgboost,market_only,xgboost_market_only,2026_robustness,0,-0.0034373470933929
2026-02-27,2026-03-02,1.0,0.4056703746318817,,xgboost,market_only,xgboost_market_only,2026_robustness,0,0.0038180762789801
2026-03-02,2026-03-03,0.0,0.43344613909721375,,xgboost,market_only,xgboost_market_only,2026_robustness,0,-0.0155087464966227
2026-03-03,2026-03-04,0.0,0.42730414867401123,,xgboost,market_only,xgboost_market_only,2026_robustness,0,-0.0115095259635223
2026-03-04,2026-03-05,1.0,0.44364240765571594,,xgboost,market_only,xgboost_market_only,2026_robustness,0,0.0097446154008003
2026-03-05,2026-03-06,1.0,0.4347054362297058,,xgboost,market_only,xgboost_market_only,2026_robustness,0,0.0027395423085322
2026-03-06,2026-03-09,0.0,0.3884029686450958,,xgboost,market_only,xgboost_market_only,2026_robustness,0,-0.0096983263205585
2026-03-09,2026-03-10,1.0,0.4179080128669739,,xgboost,market_only,xgboost_market_only,2026_robustness,0,0.0127662865639611
2026-03-10,2026-03-11,1.0,0.4244179129600525,,xgboost,market_only,xgboost_market_only,2026_robustness,0,0.0063416729402122
2026-03-11,2026-03-12,0.0,0.4325914680957794,,xgboost,market_only,xgboost_market_only,2026_robustness,0,-0.0036073062500733
2026-03-12,2026-03-13,0.0,0.3627178966999054,,xgboost,market_only,xgboost_market_only,2026_robustness,0,-0.003937290667855
2026-03-13,2026-03-16,1.0,0.3530910909175873,,xgboost,market_only,xgboost_market_only,2026_robustness,0,0.0005181624619451
2026-03-16,2026-03-17,0.0,0.337045818567276,,xgboost,market_only,xgboost_market_only,2026_robustness,0,-0.0073305731642343
2026-03-17,2026-03-18,1.0,0.45715174078941345,,xgboost,market_only,xgboost_market_only,2026_robustness,0,0.0044945249648249
2026-03-18,2026-03-19,0.0,0.4535130262374878,,xgboost,market_only,xgboost_market_only,2026_robustness,0,-0.0162486613482933
2026-03-19,2026-03-20,0.0,0.4683709442615509,,xgboost,market_only,xgboost_market_only,2026_robustness,0,-0.0035474400253333
2026-03-20,2026-03-23,0.0,0.3993125557899475,,xgboost,market_only,xgboost_market_only,2026_robustness,0,-0.0331738084377388
2026-03-23,2026-03-24,1.0,0.5414796471595764,,xgboost,market_only,xgboost_market_only,2026_robustness,1,0.0127566749389173
2026-03-24,2026-03-25,1.0,0.523159921169281,,xgboost,market_only,xgboost_market_only,2026_robustness,1,0.0139258080620218
2026-03-25,2026-03-26,0.0,0.6740975975990295,,xgboost,market_only,xgboost_market_only,2026_robustness,1,-0.0132980329010768
2026-03-26,2026-03-27,1.0,0.7607229948043823,,xgboost,market_only,xgboost_market_only,2026_robustness,1,0.0055767897677126
2026-03-27,2026-03-30,0.0,0.6789904236793518,,xgboost,market_only,xgboost_market_only,2026_robustness,1,-0.0023614389506294
2026-03-30,2026-03-31,0.0,0.5440834760665894,,xgboost,market_only,xgboost_market_only,2026_robustness,1,-0.0093715738447888
2026-03-31,2026-04-01,1.0,0.49378299713134766,,xgboost,market_only,xgboost_market_only,2026_robustness,0,0.0169386812169789
2026-04-01,2026-04-02,0.0,0.5097883343696594,,xgboost,market_only,xgboost_market_only,2026_robustness,1,-0.0104743000347116
2026-04-02,2026-04-03,0.0,0.5530762672424316,,xgboost,market_only,xgboost_market_only,2026_robustness,1,-0.0085474247075845
2026-04-03,2026-04-07,0.0,0.6235304474830627,,xgboost,market_only,xgboost_market_only,2026_robustness,1,-3.828220969884096e-05
2026-04-07,2026-04-08,1.0,0.46140846610069275,,xgboost,market_only,xgboost_market_only,2026_robustness,0,0.0342966136464091
2026-04-08,2026-04-09,0.0,0.5692479014396667,,xgboost,market_only,xgboost_market_only,2026_robustness,1,-0.006404890818215
2026-04-09,2026-04-10,1.0,0.4852743148803711,,xgboost,market_only,xgboost_market_only,2026_robustness,0,0.0152891395760846
2026-04-10,2026-04-13,1.0,0.6199095845222473,,xgboost,market_only,xgboost_market_only,2026_robustness,1,0.0020640509249754
2026-04-13,2026-04-14,1.0,0.5123215317726135,,xgboost,market_only,xgboost_market_only,2026_robustness,1,0.0117958923993025
2026-04-14,2026-04-15,0.0,0.6052653789520264,,xgboost,market_only,xgboost_market_only,2026_robustness,1,-0.0034155360039708
2026-04-15,2026-04-16,1.0,0.45792075991630554,,xgboost,market_only,xgboost_market_only,2026_robustness,0,0.0109024139036332
2026-04-16,2026-04-17,0.0,0.6644654870033264,,xgboost,market_only,xgboost_market_only,2026_robustness,1,-0.0016777109314044
2026-04-17,2026-04-20,1.0,0.5480358600616455,,xgboost,market_only,xgboost_market_only,2026_robustness,1,0.006065729410968
2026-04-20,2026-04-21,1.0,0.5988142490386963,,xgboost,market_only,xgboost_market_only,2026_robustness,1,0.0022172213201997
2026-04-21,2026-04-22,1.0,0.5647128820419312,,xgboost,market_only,xgboost_market_only,2026_robustness,1,0.0066119018463905
2026-04-22,2026-04-23,0.0,0.5328936576843262,,xgboost,market_only,xgboost_market_only,2026_robustness,1,-0.0027748933928793
2026-04-23,2026-04-24,0.0,0.5527433156967163,,xgboost,market_only,xgboost_market_only,2026_robustness,1,-0.0035497175107411
2026-04-24,2026-04-27,1.0,0.44099849462509155,,xgboost,market_only,xgboost_market_only,2026_robustness,0,0.0003312257900039
2026-04-27,2026-04-28,0.0,0.37728339433670044,,xgboost,market_only,xgboost_market_only,2026_robustness,0,-0.0026738993973524
2026-04-28,2026-04-29,1.0,0.43541184067726135,,xgboost,market_only,xgboost_market_only,2026_robustness,0,0.0108982994447154
2026-04-29,2026-04-30,0.0,0.42282363772392273,,xgboost,market_only,xgboost_market_only,2026_robustness,0,-0.0006321704242491
2026-04-30,2026-05-06,1.0,0.3174169063568115,,xgboost,market_only,xgboost_market_only,2026_robustness,0,0.0144110544063099
2026-05-06,2026-05-07,1.0,0.38932812213897705,,xgboost,market_only,xgboost_market_only,2026_robustness,0,0.0047905508078704
2026-05-07,2026-05-08,0.0,0.3463887870311737,,xgboost,market_only,xgboost_market_only,2026_robustness,0,-0.0058532240025509
2026-05-08,2026-05-11,1.0,0.3076305389404297,,xgboost,market_only,xgboost_market_only,2026_robustness,0,0.0162731673520383
2026-05-11,2026-05-12,0.0,0.46502384543418884,,xgboost,market_only,xgboost_market_only,2026_robustness,0,-0.0007656651104517
2026-05-12,2026-05-13,1.0,0.3628319799900055,,xgboost,market_only,xgboost_market_only,2026_robustness,0,0.010112297737747
2026-05-13,2026-05-14,0.0,0.49749526381492615,,xgboost,market_only,xgboost_market_only,2026_robustness,0,-0.0168954905424248
2026-05-14,2026-05-15,0.0,0.43610161542892456,,xgboost,market_only,xgboost_market_only,2026_robustness,0,-0.0112562945536751
2026-05-15,2026-05-18,0.0,0.4571959674358368,,xgboost,market_only,xgboost_market_only,2026_robustness,0,-0.0053790915114845
2026-05-18,2026-05-19,1.0,0.45140036940574646,,xgboost,market_only,xgboost_market_only,2026_robustness,0,0.0039973624420415
2026-05-19,2026-05-20,0.0,0.4519335627555847,,xgboost,market_only,xgboost_market_only,2026_robustness,0,-0.0004493187126146
2026-05-20,2026-05-21,0.0,0.355074018239975,,xgboost,market_only,xgboost_market_only,2026_robustness,0,-0.0140341525718326
2026-05-21,2026-05-22,1.0,0.503382682800293,,xgboost,market_only,xgboost_market_only,2026_robustness,1,0.0128790131047034
2026-05-22,2026-05-25,1.0,0.49268779158592224,,xgboost,market_only,xgboost_market_only,2026_robustness,0,0.0156657959245206
2026-05-25,2026-05-26,1.0,0.4450448155403137,,xgboost,market_only,xgboost_market_only,2026_robustness,0,0.0053194579026905
2026-05-26,2026-05-27,0.0,0.3966078460216522,,xgboost,market_only,xgboost_market_only,2026_robustness,0,-0.0080519752162036
2026-05-27,2026-05-28,1.0,0.3035142719745636,,xgboost,market_only,xgboost_market_only,2026_robustness,0,0.0012298446529864
2026-05-28,2026-05-29,0.0,0.31790459156036377,,xgboost,market_only,xgboost_market_only,2026_robustness,0,-0.0045052608598879
2026-05-29,2026-06-01,0.0,0.32194748520851135,,xgboost,market_only,xgboost_market_only,2026_robustness,0,-0.0098312484692546
2026-06-01,2026-06-02,1.0,0.44049662351608276,,xgboost,market_only,xgboost_market_only,2026_robustness,0,0.0144077288205232
2026-06-02,2026-06-03,1.0,0.4403012990951538,,xgboost,market_only,xgboost_market_only,2026_robustness,0,0.0049221837727627
2026-06-03,2026-06-04,0.0,0.34644463658332825,,xgboost,market_only,xgboost_market_only,2026_robustness,0,-0.0069202881739488
2026-06-04,2026-06-05,0.0,0.4191036522388458,,xgboost,market_only,xgboost_market_only,2026_robustness,0,-0.018069403655837
2026-06-05,2026-06-08,0.0,0.4276912212371826,,xgboost,market_only,xgboost_market_only,2026_robustness,0,-0.0216742863299724
2026-06-08,2026-06-09,1.0,0.5183652639389038,,xgboost,market_only,xgboost_market_only,2026_robustness,1,0.0185324968361344
2026-06-09,2026-06-10,0.0,0.5164389610290527,,xgboost,market_only,xgboost_market_only,2026_robustness,1,-0.0111451982941779
2026-06-10,2026-06-11,0.0,0.5802950859069824,,xgboost,market_only,xgboost_market_only,2026_robustness,1,-0.0055284693655091
2026-06-11,2026-06-12,1.0,0.6521831750869751,,xgboost,market_only,xgboost_market_only,2026_robustness,1,0.0115604573039653
2026-06-12,2026-06-15,1.0,0.5490856170654297,,xgboost,market_only,xgboost_market_only,2026_robustness,1,0.0236622157964752
2026-06-15,2026-06-16,0.0,0.5868023633956909,,xgboost,market_only,xgboost_market_only,2026_robustness,1,-0.0015302879231482
2026-06-16,2026-06-17,1.0,0.4758811295032501,,xgboost,market_only,xgboost_market_only,2026_robustness,0,0.0096092478898709
2026-06-17,2026-06-18,1.0,0.6479307413101196,,xgboost,market_only,xgboost_market_only,2026_robustness,1,0.0020682698229499
2026-06-18,2026-06-22,1.0,0.511744499206543,,xgboost,market_only,xgboost_market_only,2026_robustness,1,0.0236101219663361
2026-06-22,2026-06-23,0.0,0.6187763214111328,,xgboost,market_only,xgboost_market_only,2026_robustness,1,-0.0281147482881284
2026-06-23,2026-06-24,1.0,0.4178761839866638,,xgboost,market_only,xgboost_market_only,2026_robustness,0,0.004791941364711
2026-06-24,2026-06-25,1.0,0.5406930446624756,,xgboost,market_only,xgboost_market_only,2026_robustness,1,0.0154733733814848
2026-06-25,2026-06-26,0.0,0.5749117732048035,,xgboost,market_only,xgboost_market_only,2026_robustness,1,-0.0307214866220711
2026-06-26,2026-06-29,1.0,0.560254693031311,,xgboost,market_only,xgboost_market_only,2026_robustness,1,0.0119856791670266
2026-06-29,2026-06-30,1.0,0.5811040997505188,,xgboost,market_only,xgboost_market_only,2026_robustness,1,0.0106013802855272
2026-06-30,2026-07-01,0.0,0.5267713069915771,,xgboost,market_only,xgboost_market_only,2026_robustness,1,-0.0041153522267587
2026-07-01,2026-07-02,0.0,0.4367210566997528,,xgboost,market_only,xgboost_market_only,2026_robustness,0,-0.0300249341189119
2026-07-02,2026-07-03,1.0,0.5648649334907532,,xgboost,market_only,xgboost_market_only,2026_robustness,1,0.0061878270496772
2026-07-03,2026-07-06,0.0,0.5654312372207642,,xgboost,market_only,xgboost_market_only,2026_robustness,1,-3.510884257870921e-05
2026-07-06,2026-07-07,0.0,0.44366586208343506,,xgboost,market_only,xgboost_market_only,2026_robustness,0,-0.0103257420794228
2026-07-07,2026-07-08,0.0,0.5551570653915405,,xgboost,market_only,xgboost_market_only,2026_robustness,1,-0.0076939650311269
2026-07-08,2026-07-09,1.0,0.552211344242096,,xgboost,market_only,xgboost_market_only,2026_robustness,1,0.0250806348950103
2026-07-09,2026-07-10,0.0,0.49940574169158936,,xgboost,market_only,xgboost_market_only,2026_robustness,0,-0.0197829814863422
2026-07-10,2026-07-13,0.0,0.6380921006202698,,xgboost,market_only,xgboost_market_only,2026_robustness,1,-0.0180267582617953
2026-07-13,2026-07-14,1.0,0.628864586353302,,xgboost,market_only,xgboost_market_only,2026_robustness,1,0.0213074387236755
2026-07-14,2026-07-15,0.0,0.5258102416992188,,xgboost,market_only,xgboost_market_only,2026_robustness,1,-0.0020285337239669
2026-07-15,2026-07-16,0.0,0.553001880645752,,xgboost,market_only,xgboost_market_only,2026_robustness,1,-0.0186295411937182
2026-07-16,2026-07-17,0.0,0.613833487033844,,xgboost,market_only,xgboost_market_only,2026_robustness,1,-0.0367051660985169
2026-07-17,2026-07-20,1.0,0.744603157043457,,xgboost,market_only,xgboost_market_only,2026_robustness,1,0.0151677751359679
2026-07-20,2026-07-21,1.0,0.6410151124000549,,xgboost,market_only,xgboost_market_only,2026_robustness,1,0.0301836558579852
2026-07-21,2026-07-22,0.0,0.654911458492279,,xgboost,market_only,xgboost_market_only,2026_robustness,1,-0.0046507924493437
2026-07-22,2026-07-23,1.0,0.7280983328819275,,xgboost,market_only,xgboost_market_only,2026_robustness,1,0.0022783972995245
2026-07-23,2026-07-24,0.0,0.6551910042762756,,xgboost,market_only,xgboost_market_only,2026_robustness,1,-0.0168092692263775
2026-07-24,2026-07-27,1.0,0.5506163835525513,,xgboost,market_only,xgboost_market_only,2026_robustness,1,0.0113863855057396
2026-07-27,2026-07-28,0.0,0.5752782821655273,,xgboost,market_only,xgboost_market_only,2026_robustness,1,-0.0286712298161359
2026-07-28,2026-07-29,1.0,0.5481626987457275,,xgboost,market_only,xgboost_market_only,2026_robustness,1,0.0067046570698634
2026-07-29,2026-07-30,0.0,0.5712056756019592,,xgboost,market_only,xgboost_market_only,2026_robustness,1,-0.0110471310291346
2026-07-30,2026-07-31,1.0,0.6487991213798523,,xgboost,market_only,xgboost_market_only,2026_robustness,1,0.0084220976883456
2026-07-31,2026-08-03,0.0,0.5417822003364563,,xgboost,market_only,xgboost_market_only,2026_robustness,1,-0.0098605829081842
2026-08-03,2026-08-04,1.0,0.6055477261543274,,xgboost,market_only,xgboost_market_only,2026_robustness,1,0.0126312495857882
2026-08-04,2026-08-05,1.0,0.5681355595588684,,xgboost,market_only,xgboost_market_only,2026_robustness,1,0.0123599166320398
2026-08-05,2026-08-06,0.0,0.5806319117546082,,xgboost,market_only,xgboost_market_only,2026_robustness,1,-0.0014694732521176
2026-08-06,2026-08-07,1.0,0.4799349904060364,,xgboost,market_only,xgboost_market_only,2026_robustness,0,0.0092299293673293
2026-08-07,2026-08-10,1.0,0.6230284571647644,,xgboost,market_only,xgboost_market_only,2026_robustness,1,0.0016133738970235
2026-08-10,2026-08-11,0.0,0.49366822838783264,,xgboost,market_only,xgboost_market_only,2026_robustness,0,-0.0081637813124621
2026-08-11,2026-08-12,1.0,0.5002152919769287,,xgboost,market_only,xgboost_market_only,2026_robustness,1,0.005800302962323
2026-08-12,2026-08-13,0.0,0.5625516176223755,,xgboost,market_only,xgboost_market_only,2026_robustness,1,-0.0057659966887743
2026-08-13,2026-08-14,1.0,0.4509711265563965,,xgboost,market_only,xgboost_market_only,2026_robustness,0,0.000413726729754
2026-08-14,2026-08-17,1.0,0.49467116594314575,,xgboost,market_only,xgboost_market_only,2026_robustness,0,0.0159927209852169
2026-08-17,2026-08-18,0.0,0.5664969086647034,,xgboost,market_only,xgboost_market_only,2026_robustness,1,-0.003230201469098
2026-08-18,2026-08-19,0.0,0.46248728036880493,,xgboost,market_only,xgboost_market_only,2026_robustness,0,-0.0294422152689592
2026-08-19,2026-08-20,1.0,0.6007587313652039,,xgboost,market_only,xgboost_market_only,2026_robustness,1,0.0008822136509324
2026-08-20,2026-08-21,1.0,0.5003442764282227,,xgboost,market_only,xgboost_market_only,2026_robustness,1,0.0056776082994715
2026-08-21,2026-08-24,0.0,0.5688598155975342,,xgboost,market_only,xgboost_market_only,2026_robustness,1,-0.0121477899384586
2026-08-24,2026-08-25,0.0,0.6136064529418945,,xgboost,market_only,xgboost_market_only,2026_robustness,1,-0.0024355042559438
2026-08-25,2026-08-26,1.0,0.3624841272830963,,xgboost,market_only,xgboost_market_only,2026_robustness,0,0.0084788352404425
2026-08-26,2026-08-27,1.0,0.3575302064418793,,xgboost,market_only,xgboost_market_only,2026_robustness,0,0.0085652188791596
2026-08-27,2026-08-28,0.0,0.35188785195350647,,xgboost,market_only,xgboost_market_only,2026_robustness,0,-0.0045673744310638
2026-08-28,2026-08-31,1.0,0.39016053080558777,,xgboost,market_only,xgboost_market_only,2026_robustness,0,0.0034458632339981
2026-08-31,2026-09-01,0.0,0.3267154395580292,,xgboost,market_only,xgboost_market_only,2026_robustness,0,-0.0029556575764056
2026-09-01,2026-09-02,0.0,0.33137017488479614,,xgboost,market_only,xgboost_market_only,2026_robustness,0,-0.013861391883255
2026-09-02,2026-09-03,1.0,0.3844927251338959,,xgboost,market_only,xgboost_market_only,2026_robustness,0,0.0010153244525907
2026-09-03,2026-09-04,0.0,0.3042903542518616,,xgboost,market_only,xgboost_market_only,2026_robustness,0,-0.0009955355561399
2026-09-04,2026-09-07,1.0,0.3206089735031128,,xgboost,market_only,xgboost_market_only,2026_robustness,0,0.0059125006313233
2026-09-07,2026-09-08,0.0,0.3718774914741516,,xgboost,market_only,xgboost_market_only,2026_robustness,0,-0.0035648007480493
2026-09-08,2026-09-09,1.0,0.36286136507987976,,xgboost,market_only,xgboost_market_only,2026_robustness,0,0.0030357013634103
2026-09-09,2026-09-10,0.0,0.3418997526168823,,xgboost,market_only,xgboost_market_only,2026_robustness,0,-0.005308646727299
2026-09-10,2026-09-11,0.0,0.2782094180583954,,xgboost,market_only,xgboost_market_only,2026_robustness,0,-0.0084406945869841
2026-09-11,2026-09-14,0.0,0.3776428997516632,,xgboost,market_only,xgboost_market_only,2026_robustness,0,-0.0066917261933925
2026-09-14,2026-09-15,0.0,0.46778395771980286,,xgboost,market_only,xgboost_market_only,2026_robustness,0,-0.0067278185085189
2026-09-15,2026-09-16,1.0,0.46778395771980286,,xgboost,market_only,xgboost_market_only,2026_robustness,0,0.0067702275662072
2026-09-16,2026-09-17,0.0,0.4320201575756073,,xgboost,market_only,xgboost_market_only,2026_robustness,0,-0.0044986726400401
2026-09-17,2026-09-18,1.0,0.5939325094223022,,xgboost,market_only,xgboost_market_only,2026_robustness,1,0.0105336321981042
2026-09-18,2026-09-21,1.0,0.46703729033470154,,xgboost,market_only,xgboost_market_only,2026_robustness,0,0.0071140218851807
2026-09-21,2026-09-22,1.0,0.41916558146476746,,xgboost,market_only,xgboost_market_only,2026_robustness,0,0.0011052206282144
2026-09-22,2026-09-23,0.0,0.3393212854862213,,xgboost,market_only,xgboost_market_only,2026_robustness,0,-0.0060274717430114
2026-09-23,2026-09-24,0.0,0.3743327260017395,,xgboost,market_only,xgboost_market_only,2026_robustness,0,-0.0174493788070566
2026-09-24,2026-09-28,0.0,0.32052814960479736,,xgboost,market_only,xgboost_market_only,2026_robustness,0,-0.0224112160005849
2026-09-28,2026-09-29,1.0,0.42594340443611145,,xgboost,market_only,xgboost_market_only,2026_robustness,0,0.0010246409760415
2026-09-29,2026-09-30,1.0,0.43384677171707153,,xgboost,market_only,xgboost_market_only,2026_robustness,0,0.0028519477943388
2024-12-31,2025-01-02,0.0,0.40964481234550476,,xgboost,market_plus_sentiment,xgboost_market_plus_sentiment,2025_holdout,0,-0.0295328807648115
2025-01-02,2025-01-03,0.0,0.4655870795249939,,xgboost,market_plus_sentiment,xgboost_market_plus_sentiment,2025_holdout,0,-0.011912363269678
2025-01-03,2025-01-06,0.0,0.5159870982170105,,xgboost,market_plus_sentiment,xgboost_market_plus_sentiment,2025_holdout,1,-0.0016410113264477
2025-01-06,2025-01-07,1.0,0.5547139644622803,,xgboost,market_plus_sentiment,xgboost_market_plus_sentiment,2025_holdout,1,0.0071751036169549
2025-01-07,2025-01-08,0.0,0.6469572186470032,,xgboost,market_plus_sentiment,xgboost_market_plus_sentiment,2025_holdout,1,-0.0018166650349836
2025-01-08,2025-01-09,0.0,0.6633485555648804,,xgboost,market_plus_sentiment,xgboost_market_plus_sentiment,2025_holdout,1,-0.0024679300684566
2025-01-09,2025-01-10,0.0,0.5767989158630371,,xgboost,market_plus_sentiment,xgboost_market_plus_sentiment,2025_holdout,1,-0.0126193710178968
2025-01-10,2025-01-13,0.0,0.6499050855636597,,xgboost,market_plus_sentiment,xgboost_market_plus_sentiment,2025_holdout,1,-0.0026747201388297
2025-01-13,2025-01-14,1.0,0.6133654713630676,,xgboost,market_plus_sentiment,xgboost_market_plus_sentiment,2025_holdout,1,0.0259936019453595
2025-01-14,2025-01-15,0.0,0.6873055100440979,,xgboost,market_plus_sentiment,xgboost_market_plus_sentiment,2025_holdout,1,-0.0064359901121666
2025-01-15,2025-01-16,1.0,0.7108775973320007,,xgboost,market_plus_sentiment,xgboost_market_plus_sentiment,2025_holdout,1,0.0011452779603726
2025-01-16,2025-01-17,1.0,0.39775463938713074,,xgboost,market_plus_sentiment,xgboost_market_plus_sentiment,2025_holdout,0,0.0031421121070936
2025-01-17,2025-01-20,1.0,0.4953671097755432,,xgboost,market_plus_sentiment,xgboost_market_plus_sentiment,2025_holdout,0,0.0045380749483773
2025-01-20,2025-01-21,1.0,0.38835299015045166,,xgboost,market_plus_sentiment,xgboost_market_plus_sentiment,2025_holdout,0,0.0007647844555119
2025-01-21,2025-01-22,0.0,0.42975759506225586,,xgboost,market_plus_sentiment,xgboost_market_plus_sentiment,2025_holdout,0,-0.009329484691561
2025-01-22,2025-01-23,1.0,0.3345007598400116,,xgboost,market_plus_sentiment,xgboost_market_plus_sentiment,2025_holdout,0,0.0017682446889377
2025-01-23,2025-01-24,1.0,0.43375059962272644,,xgboost,market_plus_sentiment,xgboost_market_plus_sentiment,2025_holdout,0,0.0076264675751237
2025-01-24,2025-01-27,0.0,0.5137944221496582,,xgboost,market_plus_sentiment,xgboost_market_plus_sentiment,2025_holdout,1,-0.0041255284044773
2025-01-27,2025-02-05,0.0,0.41714486479759216,,xgboost,market_plus_sentiment,xgboost_market_plus_sentiment,2025_holdout,0,-0.0057802414173679
2025-02-05,2025-02-06,1.0,0.43194136023521423,,xgboost,market_plus_sentiment,xgboost_market_plus_sentiment,2025_holdout,0,0.0125035833361977
2025-02-06,2025-02-07,1.0,0.5078516006469727,,xgboost,market_plus_sentiment,xgboost_market_plus_sentiment,2025_holdout,1,0.012893929936185
2025-02-07,2025-02-10,1.0,0.4590873420238495,,xgboost,market_plus_sentiment,xgboost_market_plus_sentiment,2025_holdout,0,0.0021453068111663
2025-02-10,2025-02-11,0.0,0.3644380569458008,,xgboost,market_plus_sentiment,xgboost_market_plus_sentiment,2025_holdout,0,-0.0046042063813207
2025-02-11,2025-02-12,1.0,0.3656935691833496,,xgboost,market_plus_sentiment,xgboost_market_plus_sentiment,2025_holdout,0,0.0094118341823465
2025-02-12,2025-02-13,0.0,0.48074379563331604,,xgboost,market_plus_sentiment,xgboost_market_plus_sentiment,2025_holdout,0,-0.0037623047574148
2025-02-13,2025-02-14,1.0,0.33604392409324646,,xgboost,market_plus_sentiment,xgboost_market_plus_sentiment,2025_holdout,0,0.0086357885794846
2025-02-14,2025-02-17,1.0,0.4614561200141907,,xgboost,market_plus_sentiment,xgboost_market_plus_sentiment,2025_holdout,0,0.0021277116369139
2025-02-17,2025-02-18,0.0,0.3735200762748718,,xgboost,market_plus_sentiment,xgboost_market_plus_sentiment,2025_holdout,0,-0.0088090155370787
2025-02-18,2025-02-19,1.0,0.3940388560295105,,xgboost,market_plus_sentiment,xgboost_market_plus_sentiment,2025_holdout,0,0.006973212821578
2025-02-19,2025-02-20,0.0,0.48075050115585327,,xgboost,market_plus_sentiment,xgboost_market_plus_sentiment,2025_holdout,0,-0.0028618431388465
2025-02-20,2025-02-21,1.0,0.3973751366138458,,xgboost,market_plus_sentiment,xgboost_market_plus_sentiment,2025_holdout,0,0.0125302941775078
2025-02-21,2025-02-24,0.0,0.44469311833381653,,xgboost,market_plus_sentiment,xgboost_market_plus_sentiment,2025_holdout,0,-0.0021942194164708
2025-02-24,2025-02-25,0.0,0.41583967208862305,,xgboost,market_plus_sentiment,xgboost_market_plus_sentiment,2025_holdout,0,-0.011163620625657
2025-02-25,2025-02-26,1.0,0.5180996060371399,,xgboost,market_plus_sentiment,xgboost_market_plus_sentiment,2025_holdout,1,0.0086969310175492
2025-02-26,2025-02-27,1.0,0.44771650433540344,,xgboost,market_plus_sentiment,xgboost_market_plus_sentiment,2025_holdout,0,0.0020635572643798
2025-02-27,2025-02-28,0.0,0.38492491841316223,,xgboost,market_plus_sentiment,xgboost_market_plus_sentiment,2025_holdout,0,-0.0198704198826452
2025-02-28,2025-03-03,0.0,0.5377348065376282,,xgboost,market_plus_sentiment,xgboost_market_plus_sentiment,2025_holdout,1,-0.0004062469523071
2025-03-03,2025-03-04,0.0,0.4102259874343872,,xgboost,market_plus_sentiment,xgboost_market_plus_sentiment,2025_holdout,0,-0.0008361537929487
2025-03-04,2025-03-05,1.0,0.40863850712776184,,xgboost,market_plus_sentiment,xgboost_market_plus_sentiment,2025_holdout,0,0.0044557001933801
2025-03-05,2025-03-06,1.0,0.4297468066215515,,xgboost,market_plus_sentiment,xgboost_market_plus_sentiment,2025_holdout,0,0.0136587687947141
2025-03-06,2025-03-07,0.0,0.5248137712478638,,xgboost,market_plus_sentiment,xgboost_market_plus_sentiment,2025_holdout,1,-0.0030961070268931
2025-03-07,2025-03-10,0.0,0.3472837507724762,,xgboost,market_plus_sentiment,xgboost_market_plus_sentiment,2025_holdout,0,-0.0038639364912342
2025-03-10,2025-03-11,1.0,0.46994882822036743,,xgboost,market_plus_sentiment,xgboost_market_plus_sentiment,2025_holdout,0,0.0032070287276403
2025-03-11,2025-03-12,0.0,0.4585849344730377,,xgboost,market_plus_sentiment,xgboost_market_plus_sentiment,2025_holdout,0,-0.0036067217076572
2025-03-12,2025-03-13,0.0,0.41765499114990234,,xgboost,market_plus_sentiment,xgboost_market_plus_sentiment,2025_holdout,0,-0.0039929583172082
2025-03-13,2025-03-14,1.0,0.39954137802124023,,xgboost,market_plus_sentiment,xgboost_market_plus_sentiment,2025_holdout,0,0.0239916333427265
2025-03-14,2025-03-17,0.0,0.44752445816993713,,xgboost,market_plus_sentiment,xgboost_market_plus_sentiment,2025_holdout,0,-0.0024414788440089
2025-03-17,2025-03-18,1.0,0.31730520725250244,,xgboost,market_plus_sentiment,xgboost_market_plus_sentiment,2025_holdout,0,0.0027309621183892
2025-03-18,2025-03-19,1.0,0.4539470970630646,,xgboost,market_plus_sentiment,xgboost_market_plus_sentiment,2025_holdout,0,0.00061113337206
2025-03-19,2025-03-20,0.0,0.3366885185241699,,xgboost,market_plus_sentiment,xgboost_market_plus_sentiment,2025_holdout,0,-0.0088114020549793
2025-03-20,2025-03-21,0.0,0.46943432092666626,,xgboost,market_plus_sentiment,xgboost_market_plus_sentiment,2025_holdout,0,-0.0152835342256865
2025-03-21,2025-03-24,1.0,0.45569339394569397,,xgboost,market_plus_sentiment,xgboost_market_plus_sentiment,2025_holdout,0,0.0051340635477135
2025-03-24,2025-03-25,0.0,0.426235169172287,,xgboost,market_plus_sentiment,xgboost_market_plus_sentiment,2025_holdout,0,-0.0006482652775916
2025-03-25,2025-03-26,0.0,0.3668689727783203,,xgboost,market_plus_sentiment,xgboost_market_plus_sentiment,2025_holdout,0,-0.0032961212572778
2025-03-26,2025-03-27,1.0,0.4018303453922272,,xgboost,market_plus_sentiment,xgboost_market_plus_sentiment,2025_holdout,0,0.0033240943166804
2025-03-27,2025-03-28,0.0,0.40361008048057556,,xgboost,market_plus_sentiment,xgboost_market_plus_sentiment,2025_holdout,0,-0.0043937182505934
2025-03-28,2025-03-31,0.0,0.4217776656150818,,xgboost,market_plus_sentiment,xgboost_market_plus_sentiment,2025_holdout,0,-0.007141349520225
2025-03-31,2025-04-01,1.0,0.45262354612350464,,xgboost,market_plus_sentiment,xgboost_market_plus_sentiment,2025_holdout,0,9.517697136045976e-05
2025-04-01,2025-04-02,0.0,0.3043442666530609,,xgboost,market_plus_sentiment,xgboost_market_plus_sentiment,2025_holdout,0,-0.0008466213496568
2025-04-02,2025-04-03,0.0,0.35833609104156494,,xgboost,market_plus_sentiment,xgboost_market_plus_sentiment,2025_holdout,0,-0.0059102483074018
2025-04-03,2025-04-07,0.0,0.4005277454853058,,xgboost,market_plus_sentiment,xgboost_market_plus_sentiment,2025_holdout,0,-0.0730595075524599
2025-04-07,2025-04-08,1.0,0.6002322435379028,,xgboost,market_plus_sentiment,xgboost_market_plus_sentiment,2025_holdout,1,0.0169391636231564
2025-04-08,2025-04-09,1.0,0.6920146346092224,,xgboost,market_plus_sentiment,xgboost_market_plus_sentiment,2025_holdout,1,0.0098207956565165
2025-04-09,2025-04-10,1.0,0.7044029235839844,,xgboost,market_plus_sentiment,xgboost_market_plus_sentiment,2025_holdout,1,0.0130237858283326
2025-04-10,2025-04-11,1.0,0.7173308730125427,,xgboost,market_plus_sentiment,xgboost_market_plus_sentiment,2025_holdout,1,0.0041145504529254
2025-04-11,2025-04-14,1.0,0.6918317079544067,,xgboost,market_plus_sentiment,xgboost_market_plus_sentiment,2025_holdout,1,0.0022957108007082
2025-04-14,2025-04-15,1.0,0.753718912601471,,xgboost,market_plus_sentiment,xgboost_market_plus_sentiment,2025_holdout,1,0.0005558237304301
2025-04-15,2025-04-16,1.0,0.7251660823822021,,xgboost,market_plus_sentiment,xgboost_market_plus_sentiment,2025_holdout,1,0.0030767008827025
2025-04-16,2025-04-17,0.0,0.5138216614723206,,xgboost,market_plus_sentiment,xgboost_market_plus_sentiment,2025_holdout,1,-0.0001590448828012
2025-04-17,2025-04-18,1.0,0.5440503358840942,,xgboost,market_plus_sentiment,xgboost_market_plus_sentiment,2025_holdout,1,7.952560330999825e-05
2025-04-18,2025-04-21,1.0,0.46614623069763184,,xgboost,market_plus_sentiment,xgboost_market_plus_sentiment,2025_holdout,0,0.0032709691217122
2025-04-21,2025-04-22,0.0,0.4385190010070801,,xgboost,market_plus_sentiment,xgboost_market_plus_sentiment,2025_holdout,0,-0.0002457447200374
2025-04-22,2025-04-23,1.0,0.3910773992538452,,xgboost,market_plus_sentiment,xgboost_market_plus_sentiment,2025_holdout,0,0.0007740234944606
2025-04-23,2025-04-24,0.0,0.41454780101776123,,xgboost,market_plus_sentiment,xgboost_market_plus_sentiment,2025_holdout,0,-0.0006656769810641
2025-04-24,2025-04-25,1.0,0.42346176505088806,,xgboost,market_plus_sentiment,xgboost_market_plus_sentiment,2025_holdout,0,0.0006947242184759
2025-04-25,2025-04-28,0.0,0.4206063449382782,,xgboost,market_plus_sentiment,xgboost_market_plus_sentiment,2025_holdout,0,-0.0014190190539855
2025-04-28,2025-04-29,0.0,0.39227038621902466,,xgboost,market_plus_sentiment,xgboost_market_plus_sentiment,2025_holdout,0,-0.0017309147201439
2025-04-29,2025-04-30,0.0,0.4143106937408447,,xgboost,market_plus_sentiment,xgboost_market_plus_sentiment,2025_holdout,0,-0.0011953908641536
2025-04-30,2025-05-06,1.0,0.48573800921440125,,xgboost,market_plus_sentiment,xgboost_market_plus_sentiment,2025_holdout,0,0.0100197299329189
2025-05-06,2025-05-07,1.0,0.47950324416160583,,xgboost,market_plus_sentiment,xgboost_market_plus_sentiment,2025_holdout,0,0.0060443865250728
2025-05-07,2025-05-08,1.0,0.47184789180755615,,xgboost,market_plus_sentiment,xgboost_market_plus_sentiment,2025_holdout,0,0.0055358113817248
2025-05-08,2025-05-09,0.0,0.3784450888633728,,xgboost,market_plus_sentiment,xgboost_market_plus_sentiment,2025_holdout,0,-0.0017508635396534
2025-05-09,2025-05-12,1.0,0.38911911845207214,,xgboost,market_plus_sentiment,xgboost_market_plus_sentiment,2025_holdout,0,0.0114907097105876
2025-05-12,2025-05-13,1.0,0.3645854592323303,,xgboost,market_plus_sentiment,xgboost_market_plus_sentiment,2025_holdout,0,0.0014511609906195
2025-05-13,2025-05-14,1.0,0.33009469509124756,,xgboost,market_plus_sentiment,xgboost_market_plus_sentiment,2025_holdout,0,0.0119779937506401
2025-05-14,2025-05-15,0.0,0.4040152132511139,,xgboost,market_plus_sentiment,xgboost_market_plus_sentiment,2025_holdout,0,-0.0091741074829282
2025-05-15,2025-05-16,0.0,0.3630017042160034,,xgboost,market_plus_sentiment,xgboost_market_plus_sentiment,2025_holdout,0,-0.0046458078324773
2025-05-16,2025-05-19,0.0,0.3658831715583801,,xgboost,market_plus_sentiment,xgboost_market_plus_sentiment,2025_holdout,0,-0.0030748494528689
2025-05-19,2025-05-20,1.0,0.40374621748924255,,xgboost,market_plus_sentiment,xgboost_market_plus_sentiment,2025_holdout,0,0.0054068645942602
2025-05-20,2025-05-21,1.0,0.4311092495918274,,xgboost,market_plus_sentiment,xgboost_market_plus_sentiment,2025_holdout,0,0.0046605455109063
2025-05-21,2025-05-22,0.0,0.457148939371109,,xgboost,market_plus_sentiment,xgboost_market_plus_sentiment,2025_holdout,0,-0.0006411034350041
2025-05-22,2025-05-23,0.0,0.37443190813064575,,xgboost,market_plus_sentiment,xgboost_market_plus_sentiment,2025_holdout,0,-0.0081066202134246
2025-05-23,2025-05-26,0.0,0.3609375059604645,,xgboost,market_plus_sentiment,xgboost_market_plus_sentiment,2025_holdout,0,-0.0057243536256176
2025-05-26,2025-05-27,0.0,0.3822211027145386,,xgboost,market_plus_sentiment,xgboost_market_plus_sentiment,2025_holdout,0,-0.0053795760886899
2025-05-27,2025-05-28,0.0,0.4903446137905121,,xgboost,market_plus_sentiment,xgboost_market_plus_sentiment,2025_holdout,0,-0.0008233841552053
2025-05-28,2025-05-29,1.0,0.397256076335907,,xgboost,market_plus_sentiment,xgboost_market_plus_sentiment,2025_holdout,0,0.0058376189501768
2025-05-29,2025-05-30,0.0,0.4377027750015259,,xgboost,market_plus_sentiment,xgboost_market_plus_sentiment,2025_holdout,0,-0.0047980785470189
2025-05-30,2025-06-03,1.0,0.455801397562027,,xgboost,market_plus_sentiment,xgboost_market_plus_sentiment,2025_holdout,0,0.0030628293472223
2025-06-03,2025-06-04,1.0,0.47583550214767456,,xgboost,market_plus_sentiment,xgboost_market_plus_sentiment,2025_holdout,0,0.0043337826467046
2025-06-04,2025-06-05,1.0,0.37339159846305847,,xgboost,market_plus_sentiment,xgboost_market_plus_sentiment,2025_holdout,0,0.0022772172034397
2025-06-05,2025-06-06,0.0,0.3508635461330414,,xgboost,market_plus_sentiment,xgboost_market_plus_sentiment,2025_holdout,0,-0.0009236874877862
2025-06-06,2025-06-09,1.0,0.43852129578590393,,xgboost,market_plus_sentiment,xgboost_market_plus_sentiment,2025_holdout,0,0.0029049294647187
2025-06-09,2025-06-10,0.0,0.36295604705810547,,xgboost,market_plus_sentiment,xgboost_market_plus_sentiment,2025_holdout,0,-0.0051040530276676
2025-06-10,2025-06-11,1.0,0.3579123020172119,,xgboost,market_plus_sentiment,xgboost_market_plus_sentiment,2025_holdout,0,0.0075154024431042
2025-06-11,2025-06-12,0.0,0.31084680557250977,,xgboost,market_plus_sentiment,xgboost_market_plus_sentiment,2025_holdout,0,-0.0006241307640932
2025-06-12,2025-06-13,0.0,0.31799936294555664,,xgboost,market_plus_sentiment,xgboost_market_plus_sentiment,2025_holdout,0,-0.0072250513487183
2025-06-13,2025-06-16,1.0,0.4740067720413208,,xgboost,market_plus_sentiment,xgboost_market_plus_sentiment,2025_holdout,0,0.0024864383097925
2025-06-16,2025-06-17,0.0,0.37738269567489624,,xgboost,market_plus_sentiment,xgboost_market_plus_sentiment,2025_holdout,0,-0.0008832439902828
2025-06-17,2025-06-18,1.0,0.41270527243614197,,xgboost,market_plus_sentiment,xgboost_market_plus_sentiment,2025_holdout,0,0.0011852274041385
2025-06-18,2025-06-19,0.0,0.388352632522583,,xgboost,market_plus_sentiment,xgboost_market_plus_sentiment,2025_holdout,0,-0.0082611903276287
2025-06-19,2025-06-20,1.0,0.4508517384529114,,xgboost,market_plus_sentiment,xgboost_market_plus_sentiment,2025_holdout,0,0.0009233094665735
2025-07-18,2025-07-21,1.0,0.3599393963813782,,xgboost,market_plus_sentiment,xgboost_market_plus_sentiment,2025_holdout,0,0.0066452770034147
2025-07-21,2025-07-22,1.0,0.3599509596824646,,xgboost,market_plus_sentiment,xgboost_market_plus_sentiment,2025_holdout,0,0.0081296603426505
2025-07-22,2025-07-23,1.0,0.4266822934150696,,xgboost,market_plus_sentiment,xgboost_market_plus_sentiment,2025_holdout,0,0.0001966322485651
2025-07-23,2025-07-24,1.0,0.33002111315727234,,xgboost,market_plus_sentiment,xgboost_market_plus_sentiment,2025_holdout,0,0.0070796456211479
2025-07-24,2025-07-25,0.0,0.40513670444488525,,xgboost,market_plus_sentiment,xgboost_market_plus_sentiment,2025_holdout,0,-0.005287463080977
2025-07-25,2025-07-28,1.0,0.369579017162323,,xgboost,market_plus_sentiment,xgboost_market_plus_sentiment,2025_holdout,0,0.0020960968490133
2025-07-28,2025-07-29,1.0,0.3938326835632324,,xgboost,market_plus_sentiment,xgboost_market_plus_sentiment,2025_holdout,0,0.003909346858056
2025-07-29,2025-07-30,0.0,0.5079860091209412,,xgboost,market_plus_sentiment,xgboost_market_plus_sentiment,2025_holdout,1,-0.0001878780147304
2025-07-30,2025-07-31,0.0,0.370416522026062,,xgboost,market_plus_sentiment,xgboost_market_plus_sentiment,2025_holdout,0,-0.0183915633044165
2025-07-31,2025-08-01,0.0,0.45857736468315125,,xgboost,market_plus_sentiment,xgboost_market_plus_sentiment,2025_holdout,0,-0.0050820967088656
2025-08-01,2025-08-04,1.0,0.4262107014656067,,xgboost,market_plus_sentiment,xgboost_market_plus_sentiment,2025_holdout,0,0.0038815500582222
2025-08-04,2025-08-05,1.0,0.4059441387653351,,xgboost,market_plus_sentiment,xgboost_market_plus_sentiment,2025_holdout,0,0.0080131084551544
2025-08-05,2025-08-06,1.0,0.41776835918426514,,xgboost,market_plus_sentiment,xgboost_market_plus_sentiment,2025_holdout,0,0.0024437333110458
2025-08-06,2025-08-07,1.0,0.3887312114238739,,xgboost,market_plus_sentiment,xgboost_market_plus_sentiment,2025_holdout,0,0.0002868198985166
2025-08-07,2025-08-08,0.0,0.3561271131038666,,xgboost,market_plus_sentiment,xgboost_market_plus_sentiment,2025_holdout,0,-0.0023602017856895
2025-08-08,2025-08-11,1.0,0.3333074152469635,,xgboost,market_plus_sentiment,xgboost_market_plus_sentiment,2025_holdout,0,0.0042637664443205
2025-08-11,2025-08-12,1.0,0.36978092789649963,,xgboost,market_plus_sentiment,xgboost_market_plus_sentiment,2025_holdout,0,0.0051582797884577
2025-08-12,2025-08-13,1.0,0.4299631714820862,,xgboost,market_plus_sentiment,xgboost_market_plus_sentiment,2025_holdout,0,0.0078722488753719
2025-08-13,2025-08-14,0.0,0.39445337653160095,,xgboost,market_plus_sentiment,xgboost_market_plus_sentiment,2025_holdout,0,-0.0007832438911579
2025-08-14,2025-08-15,1.0,0.3834627568721771,,xgboost,market_plus_sentiment,xgboost_market_plus_sentiment,2025_holdout,0,0.006934406689865
2025-08-15,2025-08-18,1.0,0.4077737033367157,,xgboost,market_plus_sentiment,xgboost_market_plus_sentiment,2025_holdout,0,0.0087802159943145
2025-08-18,2025-08-19,0.0,0.4481702148914337,,xgboost,market_plus_sentiment,xgboost_market_plus_sentiment,2025_holdout,0,-0.00379072106502
2025-08-19,2025-08-20,1.0,0.4152071475982666,,xgboost,market_plus_sentiment,xgboost_market_plus_sentiment,2025_holdout,0,0.011308254802686
2025-08-20,2025-08-21,1.0,0.3596424460411072,,xgboost,market_plus_sentiment,xgboost_market_plus_sentiment,2025_holdout,0,0.0038951059063758
2025-08-21,2025-08-22,1.0,0.31491076946258545,,xgboost,market_plus_sentiment,xgboost_market_plus_sentiment,2025_holdout,0,0.02075525083855
2025-08-22,2025-08-25,1.0,0.4240744709968567,,xgboost,market_plus_sentiment,xgboost_market_plus_sentiment,2025_holdout,0,0.0206218976542001
2025-08-25,2025-08-26,0.0,0.4526429772377014,,xgboost,market_plus_sentiment,xgboost_market_plus_sentiment,2025_holdout,0,-0.0037279474141999
2025-08-26,2025-08-27,0.0,0.4162462055683136,,xgboost,market_plus_sentiment,xgboost_market_plus_sentiment,2025_holdout,0,-0.0150386600213421
2025-08-27,2025-08-28,1.0,0.3760637640953064,,xgboost,market_plus_sentiment,xgboost_market_plus_sentiment,2025_holdout,0,0.017548651391104
2025-08-28,2025-08-29,1.0,0.4567926526069641,,xgboost,market_plus_sentiment,xgboost_market_plus_sentiment,2025_holdout,0,0.0073611967413575
2025-08-29,2025-09-01,1.0,0.42412933707237244,,xgboost,market_plus_sentiment,xgboost_market_plus_sentiment,2025_holdout,0,0.0059753161833233
2025-09-01,2025-09-02,0.0,0.4676206707954407,,xgboost,market_plus_sentiment,xgboost_market_plus_sentiment,2025_holdout,0,-0.0073795341857631
2025-09-02,2025-09-03,0.0,0.45918673276901245,,xgboost,market_plus_sentiment,xgboost_market_plus_sentiment,2025_holdout,0,-0.0068422707357624
2025-09-03,2025-09-04,0.0,0.45768460631370544,,xgboost,market_plus_sentiment,xgboost_market_plus_sentiment,2025_holdout,0,-0.0214443506136347
2025-09-04,2025-09-05,1.0,0.42798250913619995,,xgboost,market_plus_sentiment,xgboost_market_plus_sentiment,2025_holdout,0,0.0215542142371146
2025-09-05,2025-09-08,1.0,0.554067075252533,,xgboost,market_plus_sentiment,xgboost_market_plus_sentiment,2025_holdout,1,0.0016241243101468
2025-09-08,2025-09-09,0.0,0.43672916293144226,,xgboost,market_plus_sentiment,xgboost_market_plus_sentiment,2025_holdout,0,-0.0070329575150866
2025-09-09,2025-09-10,1.0,0.4780176877975464,,xgboost,market_plus_sentiment,xgboost_market_plus_sentiment,2025_holdout,0,0.0020491764305014
2025-09-10,2025-09-11,1.0,0.4254474937915802,,xgboost,market_plus_sentiment,xgboost_market_plus_sentiment,2025_holdout,0,0.0228333166099722
2025-09-11,2025-09-12,0.0,0.4970754086971283,,xgboost,market_plus_sentiment,xgboost_market_plus_sentiment,2025_holdout,0,-0.0057397983168245
2025-09-12,2025-09-15,1.0,0.49028709530830383,,xgboost,market_plus_sentiment,xgboost_market_plus_sentiment,2025_holdout,0,0.0024428342827081
2025-09-15,2025-09-16,0.0,0.4423182010650635,,xgboost,market_plus_sentiment,xgboost_market_plus_sentiment,2025_holdout,0,-0.0021465491215527
2025-09-16,2025-09-17,1.0,0.4176425039768219,,xgboost,market_plus_sentiment,xgboost_market_plus_sentiment,2025_holdout,0,0.0061007246464561
2025-09-17,2025-09-18,0.0,0.42740488052368164,,xgboost,market_plus_sentiment,xgboost_market_plus_sentiment,2025_holdout,0,-0.0116940751118193
2025-09-18,2025-09-19,1.0,0.5039127469062805,,xgboost,market_plus_sentiment,xgboost_market_plus_sentiment,2025_holdout,1,0.0008466638950307
2025-09-19,2025-09-22,1.0,0.40892288088798523,,xgboost,market_plus_sentiment,xgboost_market_plus_sentiment,2025_holdout,0,0.0045852883752098
2025-09-22,2025-09-23,0.0,0.4484497606754303,,xgboost,market_plus_sentiment,xgboost_market_plus_sentiment,2025_holdout,0,-0.0006259407285905
2025-09-23,2025-09-24,1.0,0.3912317156791687,,xgboost,market_plus_sentiment,xgboost_market_plus_sentiment,2025_holdout,0,0.0101895586020818
2025-09-24,2025-09-25,1.0,0.46998435258865356,,xgboost,market_plus_sentiment,xgboost_market_plus_sentiment,2025_holdout,0,0.0059872050424883
2025-09-25,2025-09-26,0.0,0.4426811635494232,,xgboost,market_plus_sentiment,xgboost_market_plus_sentiment,2025_holdout,0,-0.0095018618243211
2025-09-26,2025-09-29,1.0,0.3215624690055847,,xgboost,market_plus_sentiment,xgboost_market_plus_sentiment,2025_holdout,0,0.0152673056324377
2025-09-29,2025-09-30,1.0,0.45903030037879944,,xgboost,market_plus_sentiment,xgboost_market_plus_sentiment,2025_holdout,0,0.0044575345330339
2025-09-30,2025-10-09,1.0,0.37019583582878113,,xgboost,market_plus_sentiment,xgboost_market_plus_sentiment,2025_holdout,0,0.0147144364574539
2025-10-09,2025-10-10,0.0,0.4063594341278076,,xgboost,market_plus_sentiment,xgboost_market_plus_sentiment,2025_holdout,0,-0.0198691761356096
2025-10-10,2025-10-13,0.0,0.39997854828834534,,xgboost,market_plus_sentiment,xgboost_market_plus_sentiment,2025_holdout,0,-0.0049615716479266
2025-10-13,2025-10-14,0.0,0.35386812686920166,,xgboost,market_plus_sentiment,xgboost_market_plus_sentiment,2025_holdout,0,-0.0120268085952429
2025-10-14,2025-10-15,1.0,0.5128591060638428,,xgboost,market_plus_sentiment,xgboost_market_plus_sentiment,2025_holdout,1,0.0147028186136493
2025-10-15,2025-10-16,1.0,0.4663950800895691,,xgboost,market_plus_sentiment,xgboost_market_plus_sentiment,2025_holdout,0,0.0026298944880156
2025-10-16,2025-10-17,0.0,0.47016337513923645,,xgboost,market_plus_sentiment,xgboost_market_plus_sentiment,2025_holdout,0,-0.02281802557004
2025-10-17,2025-10-20,1.0,0.5424147248268127,,xgboost,market_plus_sentiment,xgboost_market_plus_sentiment,2025_holdout,1,0.0053002349997063
2025-10-20,2025-10-21,1.0,0.4273250699043274,,xgboost,market_plus_sentiment,xgboost_market_plus_sentiment,2025_holdout,0,0.0152308465011269
2025-10-21,2025-10-22,0.0,0.5739508271217346,,xgboost,market_plus_sentiment,xgboost_market_plus_sentiment,2025_holdout,1,-0.0033259309563051
2025-10-22,2025-10-23,1.0,0.4932510554790497,,xgboost,market_plus_sentiment,xgboost_market_plus_sentiment,2025_holdout,0,0.0029938352011483
2025-10-23,2025-10-24,1.0,0.5532028079032898,,xgboost,market_plus_sentiment,xgboost_market_plus_sentiment,2025_holdout,1,0.01172774480373
2025-10-24,2025-10-27,1.0,0.5333797335624695,,xgboost,market_plus_sentiment,xgboost_market_plus_sentiment,2025_holdout,1,0.0118038633095883
2025-10-27,2025-10-28,0.0,0.6137299537658691,,xgboost,market_plus_sentiment,xgboost_market_plus_sentiment,2025_holdout,1,-0.0051126866393398
2025-10-28,2025-10-29,1.0,0.5067857503890991,,xgboost,market_plus_sentiment,xgboost_market_plus_sentiment,2025_holdout,1,0.0118372408713961
2025-10-29,2025-10-30,0.0,0.5317308306694031,,xgboost,market_plus_sentiment,xgboost_market_plus_sentiment,2025_holdout,1,-0.0080209782147857
2025-10-30,2025-10-31,0.0,0.500791609287262,,xgboost,market_plus_sentiment,xgboost_market_plus_sentiment,2025_holdout,1,-0.0148100471997965
2025-10-31,2025-11-03,1.0,0.5952839255332947,,xgboost,market_plus_sentiment,xgboost_market_plus_sentiment,2025_holdout,1,0.0027393828453463
2025-11-03,2025-11-04,0.0,0.555231511592865,,xgboost,market_plus_sentiment,xgboost_market_plus_sentiment,2025_holdout,1,-0.0074848549950598
2025-11-04,2025-11-05,1.0,0.5181757211685181,,xgboost,market_plus_sentiment,xgboost_market_plus_sentiment,2025_holdout,1,0.001851620047169
2025-11-05,2025-11-06,1.0,0.4922679364681244,,xgboost,market_plus_sentiment,xgboost_market_plus_sentiment,2025_holdout,0,0.0141923662431926
2025-11-06,2025-11-07,0.0,0.5132370591163635,,xgboost,market_plus_sentiment,xgboost_market_plus_sentiment,2025_holdout,1,-0.003117737014389
2025-11-07,2025-11-10,1.0,0.4310450851917267,,xgboost,market_plus_sentiment,xgboost_market_plus_sentiment,2025_holdout,0,0.0034692327388138
2025-11-10,2025-11-11,0.0,0.46717754006385803,,xgboost,market_plus_sentiment,xgboost_market_plus_sentiment,2025_holdout,0,-0.009174984819875
2025-11-11,2025-11-12,0.0,0.3772461414337158,,xgboost,market_plus_sentiment,xgboost_market_plus_sentiment,2025_holdout,0,-0.0013465147526876
2025-11-12,2025-11-13,1.0,0.32343047857284546,,xgboost,market_plus_sentiment,xgboost_market_plus_sentiment,2025_holdout,0,0.012015574630851
2025-11-13,2025-11-14,0.0,0.39172688126564026,,xgboost,market_plus_sentiment,xgboost_market_plus_sentiment,2025_holdout,0,-0.0158477777669541
2025-11-14,2025-11-17,0.0,0.48262837529182434,,xgboost,market_plus_sentiment,xgboost_market_plus_sentiment,2025_holdout,0,-0.0065227589470807
2025-11-17,2025-11-18,0.0,0.4611176550388336,,xgboost,market_plus_sentiment,xgboost_market_plus_sentiment,2025_holdout,0,-0.0065152353910493
2025-11-18,2025-11-19,1.0,0.4019167125225067,,xgboost,market_plus_sentiment,xgboost_market_plus_sentiment,2025_holdout,0,0.0043903404552326
2025-11-19,2025-11-20,0.0,0.36547553539276123,,xgboost,market_plus_sentiment,xgboost_market_plus_sentiment,2025_holdout,0,-0.0050998445547902
2025-11-20,2025-11-21,0.0,0.4210282862186432,,xgboost,market_plus_sentiment,xgboost_market_plus_sentiment,2025_holdout,0,-0.0246925578252606
2025-11-21,2025-11-24,0.0,0.5750415921211243,,xgboost,market_plus_sentiment,xgboost_market_plus_sentiment,2025_holdout,1,-0.0012492053668726
2025-11-24,2025-11-25,1.0,0.5717719197273254,,xgboost,market_plus_sentiment,xgboost_market_plus_sentiment,2025_holdout,1,0.0094759867535566
2025-11-25,2025-11-26,1.0,0.4572375416755676,,xgboost,market_plus_sentiment,xgboost_market_plus_sentiment,2025_holdout,0,0.0060457354027621
2025-11-26,2025-11-27,0.0,0.5227645039558411,,xgboost,market_plus_sentiment,xgboost_market_plus_sentiment,2025_holdout,1,-0.0004937435268793
2025-11-27,2025-11-28,1.0,0.48665741086006165,,xgboost,market_plus_sentiment,xgboost_market_plus_sentiment,2025_holdout,0,0.0024905841855706
2025-11-28,2025-12-01,1.0,0.40878358483314514,,xgboost,market_plus_sentiment,xgboost_market_plus_sentiment,2025_holdout,0,0.0109479680570724
2025-12-01,2025-12-02,0.0,0.42994099855422974,,xgboost,market_plus_sentiment,xgboost_market_plus_sentiment,2025_holdout,0,-0.0048538999800864
2025-12-02,2025-12-03,0.0,0.34655633568763733,,xgboost,market_plus_sentiment,xgboost_market_plus_sentiment,2025_holdout,0,-0.0051247280685855
2025-12-03,2025-12-04,1.0,0.3464207649230957,,xgboost,market_plus_sentiment,xgboost_market_plus_sentiment,2025_holdout,0,0.0034194018084143
2025-12-04,2025-12-05,1.0,0.47500622272491455,,xgboost,market_plus_sentiment,xgboost_market_plus_sentiment,2025_holdout,0,0.0083166709974398
2025-12-05,2025-12-08,1.0,0.5404161214828491,,xgboost,market_plus_sentiment,xgboost_market_plus_sentiment,2025_holdout,1,0.0080836477288575
2025-12-08,2025-12-09,0.0,0.4475102424621582,,xgboost,market_plus_sentiment,xgboost_market_plus_sentiment,2025_holdout,0,-0.0051041491641017
2025-12-09,2025-12-10,0.0,0.41804569959640503,,xgboost,market_plus_sentiment,xgboost_market_plus_sentiment,2025_holdout,0,-0.0013906346602648
2025-12-10,2025-12-11,0.0,0.35204851627349854,,xgboost,market_plus_sentiment,xgboost_market_plus_sentiment,2025_holdout,0,-0.008672398325831
2025-12-11,2025-12-12,1.0,0.4172757565975189,,xgboost,market_plus_sentiment,xgboost_market_plus_sentiment,2025_holdout,0,0.0063001610973626
2025-12-12,2025-12-15,0.0,0.38655221462249756,,xgboost,market_plus_sentiment,xgboost_market_plus_sentiment,2025_holdout,0,-0.0063265224410897
2025-12-15,2025-12-16,0.0,0.4898086488246918,,xgboost,market_plus_sentiment,xgboost_market_plus_sentiment,2025_holdout,0,-0.0120470736883567
2025-12-16,2025-12-17,1.0,0.4540281593799591,,xgboost,market_plus_sentiment,xgboost_market_plus_sentiment,2025_holdout,0,0.0181399928413459
2025-12-17,2025-12-18,0.0,0.41732722520828247,,xgboost,market_plus_sentiment,xgboost_market_plus_sentiment,2025_holdout,0,-0.0059325650556533
2025-12-18,2025-12-19,1.0,0.316199392080307,,xgboost,market_plus_sentiment,xgboost_market_plus_sentiment,2025_holdout,0,0.0033746442769563
2025-12-19,2025-12-22,1.0,0.3763003647327423,,xgboost,market_plus_sentiment,xgboost_market_plus_sentiment,2025_holdout,0,0.0094643291260549
2025-12-22,2025-12-23,1.0,0.42397966980934143,,xgboost,market_plus_sentiment,xgboost_market_plus_sentiment,2025_holdout,0,0.0019734960127628
2025-12-23,2025-12-24,1.0,0.28559601306915283,,xgboost,market_plus_sentiment,xgboost_market_plus_sentiment,2025_holdout,0,0.0028806724340582
2025-12-24,2025-12-25,1.0,0.35029682517051697,,xgboost,market_plus_sentiment,xgboost_market_plus_sentiment,2025_holdout,0,0.0018282565513331
2025-12-25,2025-12-26,1.0,0.38439327478408813,,xgboost,market_plus_sentiment,xgboost_market_plus_sentiment,2025_holdout,0,0.0031613677405162
2025-12-26,2025-12-29,0.0,0.3531284034252167,,xgboost,market_plus_sentiment,xgboost_market_plus_sentiment,2025_holdout,0,-0.0038444168377923
2025-12-29,2025-12-30,1.0,0.3549674451351166,,xgboost,market_plus_sentiment,xgboost_market_plus_sentiment,2025_holdout,0,0.0025638693792414
2025-12-30,2025-12-31,0.0,0.3334524929523468,,xgboost,market_plus_sentiment,xgboost_market_plus_sentiment,2025_holdout,0,-0.0045985414860679
2025-12-31,2026-01-05,1.0,0.3930414021015167,,xgboost,market_plus_sentiment,xgboost_market_plus_sentiment,2026_robustness,0,0.0187880819761763
2026-01-05,2026-01-06,1.0,0.43330177664756775,,xgboost,market_plus_sentiment,xgboost_market_plus_sentiment,2026_robustness,0,0.0153424601259199
2026-01-06,2026-01-07,0.0,0.4853774607181549,,xgboost,market_plus_sentiment,xgboost_market_plus_sentiment,2026_robustness,0,-0.0029308001445543
2026-01-07,2026-01-08,0.0,0.3941006064414978,,xgboost,market_plus_sentiment,xgboost_market_plus_sentiment,2026_robustness,0,-0.0082024188319986
2026-01-08,2026-01-09,1.0,0.35888534784317017,,xgboost,market_plus_sentiment,xgboost_market_plus_sentiment,2026_robustness,0,0.0044795195669895
2026-01-09,2026-01-12,1.0,0.38933756947517395,,xgboost,market_plus_sentiment,xgboost_market_plus_sentiment,2026_robustness,0,0.0064929580785505
2026-01-12,2026-01-13,0.0,0.48804372549057007,,xgboost,market_plus_sentiment,xgboost_market_plus_sentiment,2026_robustness,0,-0.0060496784322183
2026-01-13,2026-01-14,0.0,0.4384585916996002,,xgboost,market_plus_sentiment,xgboost_market_plus_sentiment,2026_robustness,0,-0.0040198055594202
2026-01-14,2026-01-15,1.0,0.46305009722709656,,xgboost,market_plus_sentiment,xgboost_market_plus_sentiment,2026_robustness,0,0.002001399540542
2026-01-15,2026-01-16,0.0,0.39337190985679626,,xgboost,market_plus_sentiment,xgboost_market_plus_sentiment,2026_robustness,0,-0.0041251521595873
2026-01-16,2026-01-19,1.0,0.45633265376091003,,xgboost,market_plus_sentiment,xgboost_market_plus_sentiment,2026_robustness,0,0.0005472025726184
2026-01-19,2026-01-20,0.0,0.4163467586040497,,xgboost,market_plus_sentiment,xgboost_market_plus_sentiment,2026_robustness,0,-0.0032961924793225
2026-01-20,2026-01-21,1.0,0.41077229380607605,,xgboost,market_plus_sentiment,xgboost_market_plus_sentiment,2026_robustness,0,0.0008875285878533
2026-01-21,2026-01-22,1.0,0.3132736384868622,,xgboost,market_plus_sentiment,xgboost_market_plus_sentiment,2026_robustness,0,0.0001354959046318
2026-01-22,2026-01-23,0.0,0.3538481295108795,,xgboost,market_plus_sentiment,xgboost_market_plus_sentiment,2026_robustness,0,-0.0045002256040236
2026-01-23,2026-01-26,1.0,0.357594758272171,,xgboost,market_plus_sentiment,xgboost_market_plus_sentiment,2026_robustness,0,0.0009479822081193
2026-01-26,2026-01-27,0.0,0.4520736038684845,,xgboost,market_plus_sentiment,xgboost_market_plus_sentiment,2026_robustness,0,-0.000269849618908
2026-01-27,2026-01-28,1.0,0.3523637056350708,,xgboost,market_plus_sentiment,xgboost_market_plus_sentiment,2026_robustness,0,0.0026104466587982
2026-01-28,2026-01-29,1.0,0.407904714345932,,xgboost,market_plus_sentiment,xgboost_market_plus_sentiment,2026_robustness,0,0.0075761617296989
2026-01-29,2026-01-30,0.0,0.3570370376110077,,xgboost,market_plus_sentiment,xgboost_market_plus_sentiment,2026_robustness,0,-0.0100484872815661
2026-01-30,2026-02-02,0.0,0.34913861751556396,,xgboost,market_plus_sentiment,xgboost_market_plus_sentiment,2026_robustness,0,-0.0215550766625216
2026-02-02,2026-02-03,1.0,0.4338127672672272,,xgboost,market_plus_sentiment,xgboost_market_plus_sentiment,2026_robustness,0,0.0116835937825024
2026-02-03,2026-02-04,1.0,0.5268961787223816,,xgboost,market_plus_sentiment,xgboost_market_plus_sentiment,2026_robustness,1,0.0082425651969655
2026-02-04,2026-02-05,0.0,0.5133071541786194,,xgboost,market_plus_sentiment,xgboost_market_plus_sentiment,2026_robustness,1,-0.0060326148091381
2026-02-05,2026-02-06,0.0,0.34922897815704346,,xgboost,market_plus_sentiment,xgboost_market_plus_sentiment,2026_robustness,0,-0.0057590759152554
2026-02-06,2026-02-09,1.0,0.3842105269432068,,xgboost,market_plus_sentiment,xgboost_market_plus_sentiment,2026_robustness,0,0.0161196997398466
2026-02-09,2026-02-10,1.0,0.3940542936325073,,xgboost,market_plus_sentiment,xgboost_market_plus_sentiment,2026_robustness,0,0.0011097746009467
2026-02-10,2026-02-11,0.0,0.31413373351097107,,xgboost,market_plus_sentiment,xgboost_market_plus_sentiment,2026_robustness,0,-0.002220782170002
2026-02-11,2026-02-12,1.0,0.3270993232727051,,xgboost,market_plus_sentiment,xgboost_market_plus_sentiment,2026_robustness,0,0.0012211929348548
2026-02-12,2026-02-13,0.0,0.3583638668060303,,xgboost,market_plus_sentiment,xgboost_market_plus_sentiment,2026_robustness,0,-0.0126163854874798
2026-02-13,2026-02-24,1.0,0.3315081000328064,,xgboost,market_plus_sentiment,xgboost_market_plus_sentiment,2026_robustness,0,0.0100620514922893
2026-02-24,2026-02-25,1.0,0.4990040957927704,,xgboost,market_plus_sentiment,xgboost_market_plus_sentiment,2026_robustness,0,0.0060041923684178
2026-02-25,2026-02-26,0.0,0.3522580862045288,,xgboost,market_plus_sentiment,xgboost_market_plus_sentiment,2026_robustness,0,-0.0019064211143237
2026-02-26,2026-02-27,0.0,0.3114239275455475,,xgboost,market_plus_sentiment,xgboost_market_plus_sentiment,2026_robustness,0,-0.0034373470933929
2026-02-27,2026-03-02,1.0,0.3745041489601135,,xgboost,market_plus_sentiment,xgboost_market_plus_sentiment,2026_robustness,0,0.0038180762789801
2026-03-02,2026-03-03,0.0,0.38587290048599243,,xgboost,market_plus_sentiment,xgboost_market_plus_sentiment,2026_robustness,0,-0.0155087464966227
2026-03-03,2026-03-04,0.0,0.4871140122413635,,xgboost,market_plus_sentiment,xgboost_market_plus_sentiment,2026_robustness,0,-0.0115095259635223
2026-03-04,2026-03-05,1.0,0.4014028012752533,,xgboost,market_plus_sentiment,xgboost_market_plus_sentiment,2026_robustness,0,0.0097446154008003
2026-03-05,2026-03-06,1.0,0.4805385172367096,,xgboost,market_plus_sentiment,xgboost_market_plus_sentiment,2026_robustness,0,0.0027395423085322
2026-03-06,2026-03-09,0.0,0.44476163387298584,,xgboost,market_plus_sentiment,xgboost_market_plus_sentiment,2026_robustness,0,-0.0096983263205585
2026-03-09,2026-03-10,1.0,0.498401403427124,,xgboost,market_plus_sentiment,xgboost_market_plus_sentiment,2026_robustness,0,0.0127662865639611
2026-03-10,2026-03-11,1.0,0.40829339623451233,,xgboost,market_plus_sentiment,xgboost_market_plus_sentiment,2026_robustness,0,0.0063416729402122
2026-03-11,2026-03-12,0.0,0.4292573034763336,,xgboost,market_plus_sentiment,xgboost_market_plus_sentiment,2026_robustness,0,-0.0036073062500733
2026-03-12,2026-03-13,0.0,0.3295544385910034,,xgboost,market_plus_sentiment,xgboost_market_plus_sentiment,2026_robustness,0,-0.003937290667855
2026-03-13,2026-03-16,1.0,0.3368145227432251,,xgboost,market_plus_sentiment,xgboost_market_plus_sentiment,2026_robustness,0,0.0005181624619451
2026-03-16,2026-03-17,0.0,0.35893523693084717,,xgboost,market_plus_sentiment,xgboost_market_plus_sentiment,2026_robustness,0,-0.0073305731642343
2026-03-17,2026-03-18,1.0,0.4295324981212616,,xgboost,market_plus_sentiment,xgboost_market_plus_sentiment,2026_robustness,0,0.0044945249648249
2026-03-18,2026-03-19,0.0,0.41371357440948486,,xgboost,market_plus_sentiment,xgboost_market_plus_sentiment,2026_robustness,0,-0.0162486613482933
2026-03-19,2026-03-20,0.0,0.43439343571662903,,xgboost,market_plus_sentiment,xgboost_market_plus_sentiment,2026_robustness,0,-0.0035474400253333
2026-03-20,2026-03-23,0.0,0.45225322246551514,,xgboost,market_plus_sentiment,xgboost_market_plus_sentiment,2026_robustness,0,-0.0331738084377388
2026-03-23,2026-03-24,1.0,0.5780119299888611,,xgboost,market_plus_sentiment,xgboost_market_plus_sentiment,2026_robustness,1,0.0127566749389173
2026-03-24,2026-03-25,1.0,0.657982349395752,,xgboost,market_plus_sentiment,xgboost_market_plus_sentiment,2026_robustness,1,0.0139258080620218
2026-03-25,2026-03-26,0.0,0.6413646936416626,,xgboost,market_plus_sentiment,xgboost_market_plus_sentiment,2026_robustness,1,-0.0132980329010768
2026-03-26,2026-03-27,1.0,0.7490397095680237,,xgboost,market_plus_sentiment,xgboost_market_plus_sentiment,2026_robustness,1,0.0055767897677126
2026-03-27,2026-03-30,0.0,0.677563488483429,,xgboost,market_plus_sentiment,xgboost_market_plus_sentiment,2026_robustness,1,-0.0023614389506294
2026-03-30,2026-03-31,0.0,0.49046847224235535,,xgboost,market_plus_sentiment,xgboost_market_plus_sentiment,2026_robustness,0,-0.0093715738447888
2026-03-31,2026-04-01,1.0,0.47908008098602295,,xgboost,market_plus_sentiment,xgboost_market_plus_sentiment,2026_robustness,0,0.0169386812169789
2026-04-01,2026-04-02,0.0,0.5254236459732056,,xgboost,market_plus_sentiment,xgboost_market_plus_sentiment,2026_robustness,1,-0.0104743000347116
2026-04-02,2026-04-03,0.0,0.5170763731002808,,xgboost,market_plus_sentiment,xgboost_market_plus_sentiment,2026_robustness,1,-0.0085474247075845
2026-04-03,2026-04-07,0.0,0.49410486221313477,,xgboost,market_plus_sentiment,xgboost_market_plus_sentiment,2026_robustness,0,-3.828220969884096e-05
2026-04-07,2026-04-08,1.0,0.5958791375160217,,xgboost,market_plus_sentiment,xgboost_market_plus_sentiment,2026_robustness,1,0.0342966136464091
2026-04-08,2026-04-09,0.0,0.4456843137741089,,xgboost,market_plus_sentiment,xgboost_market_plus_sentiment,2026_robustness,0,-0.006404890818215
2026-04-09,2026-04-10,1.0,0.4535463750362396,,xgboost,market_plus_sentiment,xgboost_market_plus_sentiment,2026_robustness,0,0.0152891395760846
2026-04-10,2026-04-13,1.0,0.5533583164215088,,xgboost,market_plus_sentiment,xgboost_market_plus_sentiment,2026_robustness,1,0.0020640509249754
2026-04-13,2026-04-14,1.0,0.48323601484298706,,xgboost,market_plus_sentiment,xgboost_market_plus_sentiment,2026_robustness,0,0.0117958923993025
2026-04-14,2026-04-15,0.0,0.49276402592658997,,xgboost,market_plus_sentiment,xgboost_market_plus_sentiment,2026_robustness,0,-0.0034155360039708
2026-04-15,2026-04-16,1.0,0.45623061060905457,,xgboost,market_plus_sentiment,xgboost_market_plus_sentiment,2026_robustness,0,0.0109024139036332
2026-04-16,2026-04-17,0.0,0.6411837935447693,,xgboost,market_plus_sentiment,xgboost_market_plus_sentiment,2026_robustness,1,-0.0016777109314044
2026-04-17,2026-04-20,1.0,0.4767703413963318,,xgboost,market_plus_sentiment,xgboost_market_plus_sentiment,2026_robustness,0,0.006065729410968
2026-04-20,2026-04-21,1.0,0.5149542093276978,,xgboost,market_plus_sentiment,xgboost_market_plus_sentiment,2026_robustness,1,0.0022172213201997
2026-04-21,2026-04-22,1.0,0.4462965726852417,,xgboost,market_plus_sentiment,xgboost_market_plus_sentiment,2026_robustness,0,0.0066119018463905
2026-04-22,2026-04-23,0.0,0.461457759141922,,xgboost,market_plus_sentiment,xgboost_market_plus_sentiment,2026_robustness,0,-0.0027748933928793
2026-04-23,2026-04-24,0.0,0.41029003262519836,,xgboost,market_plus_sentiment,xgboost_market_plus_sentiment,2026_robustness,0,-0.0035497175107411
2026-04-24,2026-04-27,1.0,0.38531315326690674,,xgboost,market_plus_sentiment,xgboost_market_plus_sentiment,2026_robustness,0,0.0003312257900039
2026-04-27,2026-04-28,0.0,0.41553911566734314,,xgboost,market_plus_sentiment,xgboost_market_plus_sentiment,2026_robustness,0,-0.0026738993973524
2026-04-28,2026-04-29,1.0,0.38614311814308167,,xgboost,market_plus_sentiment,xgboost_market_plus_sentiment,2026_robustness,0,0.0108982994447154
2026-04-29,2026-04-30,0.0,0.45261046290397644,,xgboost,market_plus_sentiment,xgboost_market_plus_sentiment,2026_robustness,0,-0.0006321704242491
2026-04-30,2026-05-06,1.0,0.3345423936843872,,xgboost,market_plus_sentiment,xgboost_market_plus_sentiment,2026_robustness,0,0.0144110544063099
2026-05-06,2026-05-07,1.0,0.4478576183319092,,xgboost,market_plus_sentiment,xgboost_market_plus_sentiment,2026_robustness,0,0.0047905508078704
2026-05-07,2026-05-08,0.0,0.333871454000473,,xgboost,market_plus_sentiment,xgboost_market_plus_sentiment,2026_robustness,0,-0.0058532240025509
2026-05-08,2026-05-11,1.0,0.316199392080307,,xgboost,market_plus_sentiment,xgboost_market_plus_sentiment,2026_robustness,0,0.0162731673520383
2026-05-11,2026-05-12,0.0,0.45116710662841797,,xgboost,market_plus_sentiment,xgboost_market_plus_sentiment,2026_robustness,0,-0.0007656651104517
2026-05-12,2026-05-13,1.0,0.43002501130104065,,xgboost,market_plus_sentiment,xgboost_market_plus_sentiment,2026_robustness,0,0.010112297737747
2026-05-13,2026-05-14,0.0,0.5699179172515869,,xgboost,market_plus_sentiment,xgboost_market_plus_sentiment,2026_robustness,1,-0.0168954905424248
2026-05-14,2026-05-15,0.0,0.43320760130882263,,xgboost,market_plus_sentiment,xgboost_market_plus_sentiment,2026_robustness,0,-0.0112562945536751
2026-05-15,2026-05-18,0.0,0.4122326672077179,,xgboost,market_plus_sentiment,xgboost_market_plus_sentiment,2026_robustness,0,-0.0053790915114845
2026-05-18,2026-05-19,1.0,0.44004684686660767,,xgboost,market_plus_sentiment,xgboost_market_plus_sentiment,2026_robustness,0,0.0039973624420415
2026-05-19,2026-05-20,0.0,0.4752925932407379,,xgboost,market_plus_sentiment,xgboost_market_plus_sentiment,2026_robustness,0,-0.0004493187126146
2026-05-20,2026-05-21,0.0,0.4092262089252472,,xgboost,market_plus_sentiment,xgboost_market_plus_sentiment,2026_robustness,0,-0.0140341525718326
2026-05-21,2026-05-22,1.0,0.40657559037208557,,xgboost,market_plus_sentiment,xgboost_market_plus_sentiment,2026_robustness,0,0.0128790131047034
2026-05-22,2026-05-25,1.0,0.396944522857666,,xgboost,market_plus_sentiment,xgboost_market_plus_sentiment,2026_robustness,0,0.0156657959245206
2026-05-25,2026-05-26,1.0,0.40222129225730896,,xgboost,market_plus_sentiment,xgboost_market_plus_sentiment,2026_robustness,0,0.0053194579026905
2026-05-26,2026-05-27,0.0,0.32034212350845337,,xgboost,market_plus_sentiment,xgboost_market_plus_sentiment,2026_robustness,0,-0.0080519752162036
2026-05-27,2026-05-28,1.0,0.313559889793396,,xgboost,market_plus_sentiment,xgboost_market_plus_sentiment,2026_robustness,0,0.0012298446529864
2026-05-28,2026-05-29,0.0,0.31074437499046326,,xgboost,market_plus_sentiment,xgboost_market_plus_sentiment,2026_robustness,0,-0.0045052608598879
2026-05-29,2026-06-01,0.0,0.3470706045627594,,xgboost,market_plus_sentiment,xgboost_market_plus_sentiment,2026_robustness,0,-0.0098312484692546
2026-06-01,2026-06-02,1.0,0.41278204321861267,,xgboost,market_plus_sentiment,xgboost_market_plus_sentiment,2026_robustness,0,0.0144077288205232
2026-06-02,2026-06-03,1.0,0.46481555700302124,,xgboost,market_plus_sentiment,xgboost_market_plus_sentiment,2026_robustness,0,0.0049221837727627
2026-06-03,2026-06-04,0.0,0.3453984558582306,,xgboost,market_plus_sentiment,xgboost_market_plus_sentiment,2026_robustness,0,-0.0069202881739488
2026-06-04,2026-06-05,0.0,0.455032616853714,,xgboost,market_plus_sentiment,xgboost_market_plus_sentiment,2026_robustness,0,-0.018069403655837
2026-06-05,2026-06-08,0.0,0.39729607105255127,,xgboost,market_plus_sentiment,xgboost_market_plus_sentiment,2026_robustness,0,-0.0216742863299724
2026-06-08,2026-06-09,1.0,0.5920532941818237,,xgboost,market_plus_sentiment,xgboost_market_plus_sentiment,2026_robustness,1,0.0185324968361344
2026-06-09,2026-06-10,0.0,0.526360809803009,,xgboost,market_plus_sentiment,xgboost_market_plus_sentiment,2026_robustness,1,-0.0111451982941779
2026-06-10,2026-06-11,0.0,0.4554232358932495,,xgboost,market_plus_sentiment,xgboost_market_plus_sentiment,2026_robustness,0,-0.0055284693655091
2026-06-11,2026-06-12,1.0,0.5461940169334412,,xgboost,market_plus_sentiment,xgboost_market_plus_sentiment,2026_robustness,1,0.0115604573039653
2026-06-12,2026-06-15,1.0,0.49469485878944397,,xgboost,market_plus_sentiment,xgboost_market_plus_sentiment,2026_robustness,0,0.0236622157964752
2026-06-15,2026-06-16,0.0,0.46442681550979614,,xgboost,market_plus_sentiment,xgboost_market_plus_sentiment,2026_robustness,0,-0.0015302879231482
2026-06-16,2026-06-17,1.0,0.378510445356369,,xgboost,market_plus_sentiment,xgboost_market_plus_sentiment,2026_robustness,0,0.0096092478898709
2026-06-17,2026-06-18,1.0,0.5127437710762024,,xgboost,market_plus_sentiment,xgboost_market_plus_sentiment,2026_robustness,1,0.0020682698229499
2026-06-18,2026-06-22,1.0,0.4188818633556366,,xgboost,market_plus_sentiment,xgboost_market_plus_sentiment,2026_robustness,0,0.0236101219663361
2026-06-22,2026-06-23,0.0,0.479832261800766,,xgboost,market_plus_sentiment,xgboost_market_plus_sentiment,2026_robustness,0,-0.0281147482881284
2026-06-23,2026-06-24,1.0,0.4341745376586914,,xgboost,market_plus_sentiment,xgboost_market_plus_sentiment,2026_robustness,0,0.004791941364711
2026-06-24,2026-06-25,1.0,0.3977052867412567,,xgboost,market_plus_sentiment,xgboost_market_plus_sentiment,2026_robustness,0,0.0154733733814848
2026-06-25,2026-06-26,0.0,0.47758975625038147,,xgboost,market_plus_sentiment,xgboost_market_plus_sentiment,2026_robustness,0,-0.0307214866220711
2026-06-26,2026-06-29,1.0,0.46593597531318665,,xgboost,market_plus_sentiment,xgboost_market_plus_sentiment,2026_robustness,0,0.0119856791670266
2026-06-29,2026-06-30,1.0,0.5303489565849304,,xgboost,market_plus_sentiment,xgboost_market_plus_sentiment,2026_robustness,1,0.0106013802855272
2026-06-30,2026-07-01,0.0,0.48406341671943665,,xgboost,market_plus_sentiment,xgboost_market_plus_sentiment,2026_robustness,0,-0.0041153522267587
2026-07-01,2026-07-02,0.0,0.4197179973125458,,xgboost,market_plus_sentiment,xgboost_market_plus_sentiment,2026_robustness,0,-0.0300249341189119
2026-07-02,2026-07-03,1.0,0.6061514019966125,,xgboost,market_plus_sentiment,xgboost_market_plus_sentiment,2026_robustness,1,0.0061878270496772
2026-07-03,2026-07-06,0.0,0.4937024414539337,,xgboost,market_plus_sentiment,xgboost_market_plus_sentiment,2026_robustness,0,-3.510884257870921e-05
2026-07-06,2026-07-07,0.0,0.5298717021942139,,xgboost,market_plus_sentiment,xgboost_market_plus_sentiment,2026_robustness,1,-0.0103257420794228
2026-07-07,2026-07-08,0.0,0.4688418209552765,,xgboost,market_plus_sentiment,xgboost_market_plus_sentiment,2026_robustness,0,-0.0076939650311269
2026-07-08,2026-07-09,1.0,0.5231347680091858,,xgboost,market_plus_sentiment,xgboost_market_plus_sentiment,2026_robustness,1,0.0250806348950103
2026-07-09,2026-07-10,0.0,0.6132147312164307,,xgboost,market_plus_sentiment,xgboost_market_plus_sentiment,2026_robustness,1,-0.0197829814863422
2026-07-10,2026-07-13,0.0,0.5997565388679504,,xgboost,market_plus_sentiment,xgboost_market_plus_sentiment,2026_robustness,1,-0.0180267582617953
2026-07-13,2026-07-14,1.0,0.6788609027862549,,xgboost,market_plus_sentiment,xgboost_market_plus_sentiment,2026_robustness,1,0.0213074387236755
2026-07-14,2026-07-15,0.0,0.5475754141807556,,xgboost,market_plus_sentiment,xgboost_market_plus_sentiment,2026_robustness,1,-0.0020285337239669
2026-07-15,2026-07-16,0.0,0.5225797295570374,,xgboost,market_plus_sentiment,xgboost_market_plus_sentiment,2026_robustness,1,-0.0186295411937182
2026-07-16,2026-07-17,0.0,0.6307004690170288,,xgboost,market_plus_sentiment,xgboost_market_plus_sentiment,2026_robustness,1,-0.0367051660985169
2026-07-17,2026-07-20,1.0,0.7411341667175293,,xgboost,market_plus_sentiment,xgboost_market_plus_sentiment,2026_robustness,1,0.0151677751359679
2026-07-20,2026-07-21,1.0,0.6779603958129883,,xgboost,market_plus_sentiment,xgboost_market_plus_sentiment,2026_robustness,1,0.0301836558579852
2026-07-21,2026-07-22,0.0,0.6099042892456055,,xgboost,market_plus_sentiment,xgboost_market_plus_sentiment,2026_robustness,1,-0.0046507924493437
2026-07-22,2026-07-23,1.0,0.6731691360473633,,xgboost,market_plus_sentiment,xgboost_market_plus_sentiment,2026_robustness,1,0.0022783972995245
2026-07-23,2026-07-24,0.0,0.6575587391853333,,xgboost,market_plus_sentiment,xgboost_market_plus_sentiment,2026_robustness,1,-0.0168092692263775
2026-07-24,2026-07-27,1.0,0.546574056148529,,xgboost,market_plus_sentiment,xgboost_market_plus_sentiment,2026_robustness,1,0.0113863855057396
2026-07-27,2026-07-28,0.0,0.5494992733001709,,xgboost,market_plus_sentiment,xgboost_market_plus_sentiment,2026_robustness,1,-0.0286712298161359
2026-07-28,2026-07-29,1.0,0.5071133375167847,,xgboost,market_plus_sentiment,xgboost_market_plus_sentiment,2026_robustness,1,0.0067046570698634
2026-07-29,2026-07-30,0.0,0.4705638289451599,,xgboost,market_plus_sentiment,xgboost_market_plus_sentiment,2026_robustness,0,-0.0110471310291346
2026-07-30,2026-07-31,1.0,0.5774968862533569,,xgboost,market_plus_sentiment,xgboost_market_plus_sentiment,2026_robustness,1,0.0084220976883456
2026-07-31,2026-08-03,0.0,0.4706299901008606,,xgboost,market_plus_sentiment,xgboost_market_plus_sentiment,2026_robustness,0,-0.0098605829081842
2026-08-03,2026-08-04,1.0,0.5981571078300476,,xgboost,market_plus_sentiment,xgboost_market_plus_sentiment,2026_robustness,1,0.0126312495857882
2026-08-04,2026-08-05,1.0,0.609279990196228,,xgboost,market_plus_sentiment,xgboost_market_plus_sentiment,2026_robustness,1,0.0123599166320398
2026-08-05,2026-08-06,0.0,0.5405260324478149,,xgboost,market_plus_sentiment,xgboost_market_plus_sentiment,2026_robustness,1,-0.0014694732521176
2026-08-06,2026-08-07,1.0,0.5282698273658752,,xgboost,market_plus_sentiment,xgboost_market_plus_sentiment,2026_robustness,1,0.0092299293673293
2026-08-07,2026-08-10,1.0,0.6586312651634216,,xgboost,market_plus_sentiment,xgboost_market_plus_sentiment,2026_robustness,1,0.0016133738970235
2026-08-10,2026-08-11,0.0,0.4693578779697418,,xgboost,market_plus_sentiment,xgboost_market_plus_sentiment,2026_robustness,0,-0.0081637813124621
2026-08-11,2026-08-12,1.0,0.4571445882320404,,xgboost,market_plus_sentiment,xgboost_market_plus_sentiment,2026_robustness,0,0.005800302962323
2026-08-12,2026-08-13,0.0,0.48403313755989075,,xgboost,market_plus_sentiment,xgboost_market_plus_sentiment,2026_robustness,0,-0.0057659966887743
2026-08-13,2026-08-14,1.0,0.5400048494338989,,xgboost,market_plus_sentiment,xgboost_market_plus_sentiment,2026_robustness,1,0.000413726729754
2026-08-14,2026-08-17,1.0,0.5709134936332703,,xgboost,market_plus_sentiment,xgboost_market_plus_sentiment,2026_robustness,1,0.0159927209852169
2026-08-17,2026-08-18,0.0,0.5701851844787598,,xgboost,market_plus_sentiment,xgboost_market_plus_sentiment,2026_robustness,1,-0.003230201469098
2026-08-18,2026-08-19,0.0,0.4984830319881439,,xgboost,market_plus_sentiment,xgboost_market_plus_sentiment,2026_robustness,0,-0.0294422152689592
2026-08-19,2026-08-20,1.0,0.505576491355896,,xgboost,market_plus_sentiment,xgboost_market_plus_sentiment,2026_robustness,1,0.0008822136509324
2026-08-20,2026-08-21,1.0,0.5165660977363586,,xgboost,market_plus_sentiment,xgboost_market_plus_sentiment,2026_robustness,1,0.0056776082994715
2026-08-21,2026-08-24,0.0,0.550842821598053,,xgboost,market_plus_sentiment,xgboost_market_plus_sentiment,2026_robustness,1,-0.0121477899384586
2026-08-24,2026-08-25,0.0,0.5526453852653503,,xgboost,market_plus_sentiment,xgboost_market_plus_sentiment,2026_robustness,1,-0.0024355042559438
2026-08-25,2026-08-26,1.0,0.47142675518989563,,xgboost,market_plus_sentiment,xgboost_market_plus_sentiment,2026_robustness,0,0.0084788352404425
2026-08-26,2026-08-27,1.0,0.3950371742248535,,xgboost,market_plus_sentiment,xgboost_market_plus_sentiment,2026_robustness,0,0.0085652188791596
2026-08-27,2026-08-28,0.0,0.37326374650001526,,xgboost,market_plus_sentiment,xgboost_market_plus_sentiment,2026_robustness,0,-0.0045673744310638
2026-08-28,2026-08-31,1.0,0.4034763276576996,,xgboost,market_plus_sentiment,xgboost_market_plus_sentiment,2026_robustness,0,0.0034458632339981
2026-08-31,2026-09-01,0.0,0.36290353536605835,,xgboost,market_plus_sentiment,xgboost_market_plus_sentiment,2026_robustness,0,-0.0029556575764056
2026-09-01,2026-09-02,0.0,0.42681193351745605,,xgboost,market_plus_sentiment,xgboost_market_plus_sentiment,2026_robustness,0,-0.013861391883255
2026-09-02,2026-09-03,1.0,0.39703312516212463,,xgboost,market_plus_sentiment,xgboost_market_plus_sentiment,2026_robustness,0,0.0010153244525907
2026-09-03,2026-09-04,0.0,0.37481123208999634,,xgboost,market_plus_sentiment,xgboost_market_plus_sentiment,2026_robustness,0,-0.0009955355561399
2026-09-04,2026-09-07,1.0,0.3732212483882904,,xgboost,market_plus_sentiment,xgboost_market_plus_sentiment,2026_robustness,0,0.0059125006313233
2026-09-07,2026-09-08,0.0,0.41511791944503784,,xgboost,market_plus_sentiment,xgboost_market_plus_sentiment,2026_robustness,0,-0.0035648007480493
2026-09-08,2026-09-09,1.0,0.4008913040161133,,xgboost,market_plus_sentiment,xgboost_market_plus_sentiment,2026_robustness,0,0.0030357013634103
2026-09-09,2026-09-10,0.0,0.3298315703868866,,xgboost,market_plus_sentiment,xgboost_market_plus_sentiment,2026_robustness,0,-0.005308646727299
2026-09-10,2026-09-11,0.0,0.3190770447254181,,xgboost,market_plus_sentiment,xgboost_market_plus_sentiment,2026_robustness,0,-0.0084406945869841
2026-09-11,2026-09-14,0.0,0.42661425471305847,,xgboost,market_plus_sentiment,xgboost_market_plus_sentiment,2026_robustness,0,-0.0066917261933925
2026-09-14,2026-09-15,0.0,0.4458368122577667,,xgboost,market_plus_sentiment,xgboost_market_plus_sentiment,2026_robustness,0,-0.0067278185085189
2026-09-15,2026-09-16,1.0,0.4048384726047516,,xgboost,market_plus_sentiment,xgboost_market_plus_sentiment,2026_robustness,0,0.0067702275662072
2026-09-16,2026-09-17,0.0,0.3430677652359009,,xgboost,market_plus_sentiment,xgboost_market_plus_sentiment,2026_robustness,0,-0.0044986726400401
2026-09-17,2026-09-18,1.0,0.47664496302604675,,xgboost,market_plus_sentiment,xgboost_market_plus_sentiment,2026_robustness,0,0.0105336321981042
2026-09-18,2026-09-21,1.0,0.605424165725708,,xgboost,market_plus_sentiment,xgboost_market_plus_sentiment,2026_robustness,1,0.0071140218851807
2026-09-21,2026-09-22,1.0,0.4978503882884979,,xgboost,market_plus_sentiment,xgboost_market_plus_sentiment,2026_robustness,0,0.0011052206282144
2026-09-22,2026-09-23,0.0,0.4039422869682312,,xgboost,market_plus_sentiment,xgboost_market_plus_sentiment,2026_robustness,0,-0.0060274717430114
2026-09-23,2026-09-24,0.0,0.4492129385471344,,xgboost,market_plus_sentiment,xgboost_market_plus_sentiment,2026_robustness,0,-0.0174493788070566
2026-09-24,2026-09-28,0.0,0.4101511538028717,,xgboost,market_plus_sentiment,xgboost_market_plus_sentiment,2026_robustness,0,-0.0224112160005849
2026-09-28,2026-09-29,1.0,0.5325305461883545,,xgboost,market_plus_sentiment,xgboost_market_plus_sentiment,2026_robustness,1,0.0010246409760415
2026-09-29,2026-09-30,1.0,0.5126076936721802,,xgboost,market_plus_sentiment,xgboost_market_plus_sentiment,2026_robustness,1,0.0028519477943388
